endpoint,claim,model_or_pipeline,transformation_type,family_id,contribution
R1-BGE,R1,bge-base,relative_temporal,ttc-r1-relative_temporal-00,1.0
R1-BGE,R1,bge-base,relative_temporal,ttc-r1-relative_temporal-01,1.0
R1-BGE,R1,bge-base,relative_temporal,ttc-r1-relative_temporal-02,1.0
R1-BGE,R1,bge-base,relative_temporal,ttc-r1-relative_temporal-03,1.0
R1-BGE,R1,bge-base,relative_temporal,ttc-r1-relative_temporal-04,1.0
R1-BGE,R1,bge-base,relative_temporal,ttc-r1-relative_temporal-05,1.0
R1-BGE,R1,bge-base,relative_temporal,ttc-r1-relative_temporal-06,1.0
R1-BGE,R1,bge-base,relative_temporal,ttc-r1-relative_temporal-07,1.0
R1-BGE,R1,bge-base,relative_temporal,ttc-r1-relative_temporal-08,1.0
R1-BGE,R1,bge-base,relative_temporal,ttc-r1-relative_temporal-09,1.0
R1-BGE,R1,bge-base,relative_temporal,ttc-r1-relative_temporal-10,1.0
R1-BGE,R1,bge-base,relative_temporal,ttc-r1-relative_temporal-11,1.0
R1-BGE,R1,bge-base,unit_normalization_clean,ttc-r1-unit_normalization_clean-00,0.0
R1-BGE,R1,bge-base,unit_normalization_clean,ttc-r1-unit_normalization_clean-01,0.0
R1-BGE,R1,bge-base,unit_normalization_clean,ttc-r1-unit_normalization_clean-02,0.14285714285714285
R1-BGE,R1,bge-base,unit_normalization_clean,ttc-r1-unit_normalization_clean-04,0.14285714285714285
R1-BGE,R1,bge-base,unit_normalization_clean,ttc-r1-unit_normalization_clean-05,0.0
R1-BGE,R1,bge-base,unit_normalization_clean,ttc-r1-unit_normalization_clean-06,0.42857142857142855
R1-BGE,R1,bge-base,unit_normalization_clean,ttc-r1-unit_normalization_clean-07,0.14285714285714285
R1-BGE,R1,bge-base,unit_normalization_clean,ttc-r1-unit_normalization_clean-08,0.0
R1-BGE,R1,bge-base,unit_normalization_clean,ttc-r1-unit_normalization_clean-09,0.5
R1-BGE,R1,bge-base,unit_normalization_clean,ttc-r1-unit_normalization_clean-10,0.0
R1-E5,R1,e5-base,relative_temporal,ttc-r1-relative_temporal-00,0.7142857142857143
R1-E5,R1,e5-base,relative_temporal,ttc-r1-relative_temporal-01,0.8571428571428571
R1-E5,R1,e5-base,relative_temporal,ttc-r1-relative_temporal-02,1.0
R1-E5,R1,e5-base,relative_temporal,ttc-r1-relative_temporal-03,1.0
R1-E5,R1,e5-base,relative_temporal,ttc-r1-relative_temporal-04,1.0
R1-E5,R1,e5-base,relative_temporal,ttc-r1-relative_temporal-05,0.5714285714285714
R1-E5,R1,e5-base,relative_temporal,ttc-r1-relative_temporal-06,0.8571428571428571
R1-E5,R1,e5-base,relative_temporal,ttc-r1-relative_temporal-07,0.7142857142857143
R1-E5,R1,e5-base,relative_temporal,ttc-r1-relative_temporal-08,1.0
R1-E5,R1,e5-base,relative_temporal,ttc-r1-relative_temporal-09,1.0
R1-E5,R1,e5-base,relative_temporal,ttc-r1-relative_temporal-10,1.0
R1-E5,R1,e5-base,relative_temporal,ttc-r1-relative_temporal-11,1.0
R1-E5,R1,e5-base,unit_normalization_clean,ttc-r1-unit_normalization_clean-00,0.0
R1-E5,R1,e5-base,unit_normalization_clean,ttc-r1-unit_normalization_clean-01,0.0
R1-E5,R1,e5-base,unit_normalization_clean,ttc-r1-unit_normalization_clean-02,0.0
R1-E5,R1,e5-base,unit_normalization_clean,ttc-r1-unit_normalization_clean-04,0.0
R1-E5,R1,e5-base,unit_normalization_clean,ttc-r1-unit_normalization_clean-05,0.0
R1-E5,R1,e5-base,unit_normalization_clean,ttc-r1-unit_normalization_clean-06,0.14285714285714285
R1-E5,R1,e5-base,unit_normalization_clean,ttc-r1-unit_normalization_clean-07,0.0
R1-E5,R1,e5-base,unit_normalization_clean,ttc-r1-unit_normalization_clean-08,0.0
R1-E5,R1,e5-base,unit_normalization_clean,ttc-r1-unit_normalization_clean-09,0.3333333333333333
R1-E5,R1,e5-base,unit_normalization_clean,ttc-r1-unit_normalization_clean-10,0.0
R2-BGE-reranker,R2,bge-reranker,relative_temporal,ttc-r1-relative_temporal-00,0.8571428571428571
R2-BGE-reranker,R2,bge-reranker,relative_temporal,ttc-r1-relative_temporal-01,1.0
R2-BGE-reranker,R2,bge-reranker,relative_temporal,ttc-r1-relative_temporal-02,1.0
R2-BGE-reranker,R2,bge-reranker,relative_temporal,ttc-r1-relative_temporal-03,1.0
R2-BGE-reranker,R2,bge-reranker,relative_temporal,ttc-r1-relative_temporal-04,1.0
R2-BGE-reranker,R2,bge-reranker,relative_temporal,ttc-r1-relative_temporal-05,1.0
R2-BGE-reranker,R2,bge-reranker,relative_temporal,ttc-r1-relative_temporal-06,1.0
R2-BGE-reranker,R2,bge-reranker,relative_temporal,ttc-r1-relative_temporal-07,1.0
R2-BGE-reranker,R2,bge-reranker,relative_temporal,ttc-r1-relative_temporal-08,1.0
R2-BGE-reranker,R2,bge-reranker,relative_temporal,ttc-r1-relative_temporal-09,1.0
R2-BGE-reranker,R2,bge-reranker,relative_temporal,ttc-r1-relative_temporal-10,1.0
R2-BGE-reranker,R2,bge-reranker,relative_temporal,ttc-r1-relative_temporal-11,1.0
R2-BGE-reranker,R2,bge-reranker,unit_normalization_clean,ttc-r1-unit_normalization_clean-00,0.0
R2-BGE-reranker,R2,bge-reranker,unit_normalization_clean,ttc-r1-unit_normalization_clean-01,0.2857142857142857
R2-BGE-reranker,R2,bge-reranker,unit_normalization_clean,ttc-r1-unit_normalization_clean-02,0.14285714285714285
R2-BGE-reranker,R2,bge-reranker,unit_normalization_clean,ttc-r1-unit_normalization_clean-04,0.42857142857142855
R2-BGE-reranker,R2,bge-reranker,unit_normalization_clean,ttc-r1-unit_normalization_clean-05,0.14285714285714285
R2-BGE-reranker,R2,bge-reranker,unit_normalization_clean,ttc-r1-unit_normalization_clean-06,0.42857142857142855
R2-BGE-reranker,R2,bge-reranker,unit_normalization_clean,ttc-r1-unit_normalization_clean-07,0.0
R2-BGE-reranker,R2,bge-reranker,unit_normalization_clean,ttc-r1-unit_normalization_clean-08,0.3333333333333333
R2-BGE-reranker,R2,bge-reranker,unit_normalization_clean,ttc-r1-unit_normalization_clean-09,0.6666666666666666
R2-BGE-reranker,R2,bge-reranker,unit_normalization_clean,ttc-r1-unit_normalization_clean-10,0.0
R2-legacy-cross-encoder,R2,legacy-cross-encoder,relative_temporal,ttc-r1-relative_temporal-00,0.8571428571428571
R2-legacy-cross-encoder,R2,legacy-cross-encoder,relative_temporal,ttc-r1-relative_temporal-01,0.5714285714285714
R2-legacy-cross-encoder,R2,legacy-cross-encoder,relative_temporal,ttc-r1-relative_temporal-02,0.7142857142857143
R2-legacy-cross-encoder,R2,legacy-cross-encoder,relative_temporal,ttc-r1-relative_temporal-03,1.0
R2-legacy-cross-encoder,R2,legacy-cross-encoder,relative_temporal,ttc-r1-relative_temporal-04,0.8571428571428571
R2-legacy-cross-encoder,R2,legacy-cross-encoder,relative_temporal,ttc-r1-relative_temporal-05,0.7142857142857143
R2-legacy-cross-encoder,R2,legacy-cross-encoder,relative_temporal,ttc-r1-relative_temporal-06,0.8571428571428571
R2-legacy-cross-encoder,R2,legacy-cross-encoder,relative_temporal,ttc-r1-relative_temporal-07,0.42857142857142855
R2-legacy-cross-encoder,R2,legacy-cross-encoder,relative_temporal,ttc-r1-relative_temporal-08,0.6666666666666666
R2-legacy-cross-encoder,R2,legacy-cross-encoder,relative_temporal,ttc-r1-relative_temporal-09,0.6666666666666666
R2-legacy-cross-encoder,R2,legacy-cross-encoder,relative_temporal,ttc-r1-relative_temporal-10,0.8333333333333334
R2-legacy-cross-encoder,R2,legacy-cross-encoder,relative_temporal,ttc-r1-relative_temporal-11,0.6666666666666666
R2-legacy-cross-encoder,R2,legacy-cross-encoder,unit_normalization_clean,ttc-r1-unit_normalization_clean-00,0.42857142857142855
R2-legacy-cross-encoder,R2,legacy-cross-encoder,unit_normalization_clean,ttc-r1-unit_normalization_clean-01,0.2857142857142857
R2-legacy-cross-encoder,R2,legacy-cross-encoder,unit_normalization_clean,ttc-r1-unit_normalization_clean-02,0.5714285714285714
R2-legacy-cross-encoder,R2,legacy-cross-encoder,unit_normalization_clean,ttc-r1-unit_normalization_clean-04,0.42857142857142855
R2-legacy-cross-encoder,R2,legacy-cross-encoder,unit_normalization_clean,ttc-r1-unit_normalization_clean-05,0.42857142857142855
R2-legacy-cross-encoder,R2,legacy-cross-encoder,unit_normalization_clean,ttc-r1-unit_normalization_clean-06,0.42857142857142855
R2-legacy-cross-encoder,R2,legacy-cross-encoder,unit_normalization_clean,ttc-r1-unit_normalization_clean-07,0.2857142857142857
R2-legacy-cross-encoder,R2,legacy-cross-encoder,unit_normalization_clean,ttc-r1-unit_normalization_clean-08,0.5
R2-legacy-cross-encoder,R2,legacy-cross-encoder,unit_normalization_clean,ttc-r1-unit_normalization_clean-09,0.3333333333333333
R2-legacy-cross-encoder,R2,legacy-cross-encoder,unit_normalization_clean,ttc-r1-unit_normalization_clean-10,0.16666666666666666
R3-BGE_to_BGE-reranker,R3,bge-base->bge-reranker,relative_temporal,ttc-r1-relative_temporal-00,
R3-BGE_to_BGE-reranker,R3,bge-base->bge-reranker,relative_temporal,ttc-r1-relative_temporal-01,
R3-BGE_to_BGE-reranker,R3,bge-base->bge-reranker,relative_temporal,ttc-r1-relative_temporal-02,
R3-BGE_to_BGE-reranker,R3,bge-base->bge-reranker,relative_temporal,ttc-r1-relative_temporal-03,
R3-BGE_to_BGE-reranker,R3,bge-base->bge-reranker,relative_temporal,ttc-r1-relative_temporal-04,
R3-BGE_to_BGE-reranker,R3,bge-base->bge-reranker,relative_temporal,ttc-r1-relative_temporal-05,
R3-BGE_to_BGE-reranker,R3,bge-base->bge-reranker,relative_temporal,ttc-r1-relative_temporal-06,
R3-BGE_to_BGE-reranker,R3,bge-base->bge-reranker,relative_temporal,ttc-r1-relative_temporal-07,
R3-BGE_to_BGE-reranker,R3,bge-base->bge-reranker,relative_temporal,ttc-r1-relative_temporal-08,
R3-BGE_to_BGE-reranker,R3,bge-base->bge-reranker,relative_temporal,ttc-r1-relative_temporal-09,
R3-BGE_to_BGE-reranker,R3,bge-base->bge-reranker,relative_temporal,ttc-r1-relative_temporal-10,
R3-BGE_to_BGE-reranker,R3,bge-base->bge-reranker,relative_temporal,ttc-r1-relative_temporal-11,
R3-BGE_to_BGE-reranker,R3,bge-base->bge-reranker,unit_normalization_clean,ttc-r1-unit_normalization_clean-00,0.0
R3-BGE_to_BGE-reranker,R3,bge-base->bge-reranker,unit_normalization_clean,ttc-r1-unit_normalization_clean-01,0.2857142857142857
R3-BGE_to_BGE-reranker,R3,bge-base->bge-reranker,unit_normalization_clean,ttc-r1-unit_normalization_clean-02,0.16666666666666666
R3-BGE_to_BGE-reranker,R3,bge-base->bge-reranker,unit_normalization_clean,ttc-r1-unit_normalization_clean-04,0.5
R3-BGE_to_BGE-reranker,R3,bge-base->bge-reranker,unit_normalization_clean,ttc-r1-unit_normalization_clean-05,0.14285714285714285
R3-BGE_to_BGE-reranker,R3,bge-base->bge-reranker,unit_normalization_clean,ttc-r1-unit_normalization_clean-06,0.25
R3-BGE_to_BGE-reranker,R3,bge-base->bge-reranker,unit_normalization_clean,ttc-r1-unit_normalization_clean-07,0.0
R3-BGE_to_BGE-reranker,R3,bge-base->bge-reranker,unit_normalization_clean,ttc-r1-unit_normalization_clean-08,0.3333333333333333
R3-BGE_to_BGE-reranker,R3,bge-base->bge-reranker,unit_normalization_clean,ttc-r1-unit_normalization_clean-09,0.6666666666666666
R3-BGE_to_BGE-reranker,R3,bge-base->bge-reranker,unit_normalization_clean,ttc-r1-unit_normalization_clean-10,0.0
R3-BGE_to_legacy-cross-encoder,R3,bge-base->legacy-cross-encoder,relative_temporal,ttc-r1-relative_temporal-00,
R3-BGE_to_legacy-cross-encoder,R3,bge-base->legacy-cross-encoder,relative_temporal,ttc-r1-relative_temporal-01,
R3-BGE_to_legacy-cross-encoder,R3,bge-base->legacy-cross-encoder,relative_temporal,ttc-r1-relative_temporal-02,
R3-BGE_to_legacy-cross-encoder,R3,bge-base->legacy-cross-encoder,relative_temporal,ttc-r1-relative_temporal-03,
R3-BGE_to_legacy-cross-encoder,R3,bge-base->legacy-cross-encoder,relative_temporal,ttc-r1-relative_temporal-04,
R3-BGE_to_legacy-cross-encoder,R3,bge-base->legacy-cross-encoder,relative_temporal,ttc-r1-relative_temporal-05,
R3-BGE_to_legacy-cross-encoder,R3,bge-base->legacy-cross-encoder,relative_temporal,ttc-r1-relative_temporal-06,
R3-BGE_to_legacy-cross-encoder,R3,bge-base->legacy-cross-encoder,relative_temporal,ttc-r1-relative_temporal-07,
R3-BGE_to_legacy-cross-encoder,R3,bge-base->legacy-cross-encoder,relative_temporal,ttc-r1-relative_temporal-08,
R3-BGE_to_legacy-cross-encoder,R3,bge-base->legacy-cross-encoder,relative_temporal,ttc-r1-relative_temporal-09,
R3-BGE_to_legacy-cross-encoder,R3,bge-base->legacy-cross-encoder,relative_temporal,ttc-r1-relative_temporal-10,
R3-BGE_to_legacy-cross-encoder,R3,bge-base->legacy-cross-encoder,relative_temporal,ttc-r1-relative_temporal-11,
R3-BGE_to_legacy-cross-encoder,R3,bge-base->legacy-cross-encoder,unit_normalization_clean,ttc-r1-unit_normalization_clean-00,0.42857142857142855
R3-BGE_to_legacy-cross-encoder,R3,bge-base->legacy-cross-encoder,unit_normalization_clean,ttc-r1-unit_normalization_clean-01,0.2857142857142857
R3-BGE_to_legacy-cross-encoder,R3,bge-base->legacy-cross-encoder,unit_normalization_clean,ttc-r1-unit_normalization_clean-02,0.6666666666666666
R3-BGE_to_legacy-cross-encoder,R3,bge-base->legacy-cross-encoder,unit_normalization_clean,ttc-r1-unit_normalization_clean-04,0.5
R3-BGE_to_legacy-cross-encoder,R3,bge-base->legacy-cross-encoder,unit_normalization_clean,ttc-r1-unit_normalization_clean-05,0.42857142857142855
R3-BGE_to_legacy-cross-encoder,R3,bge-base->legacy-cross-encoder,unit_normalization_clean,ttc-r1-unit_normalization_clean-06,0.75
R3-BGE_to_legacy-cross-encoder,R3,bge-base->legacy-cross-encoder,unit_normalization_clean,ttc-r1-unit_normalization_clean-07,0.3333333333333333
R3-BGE_to_legacy-cross-encoder,R3,bge-base->legacy-cross-encoder,unit_normalization_clean,ttc-r1-unit_normalization_clean-08,0.5
R3-BGE_to_legacy-cross-encoder,R3,bge-base->legacy-cross-encoder,unit_normalization_clean,ttc-r1-unit_normalization_clean-09,0.6666666666666666
R3-BGE_to_legacy-cross-encoder,R3,bge-base->legacy-cross-encoder,unit_normalization_clean,ttc-r1-unit_normalization_clean-10,0.16666666666666666
R3-E5_to_BGE-reranker,R3,e5-base->bge-reranker,relative_temporal,ttc-r1-relative_temporal-00,
R3-E5_to_BGE-reranker,R3,e5-base->bge-reranker,relative_temporal,ttc-r1-relative_temporal-01,
R3-E5_to_BGE-reranker,R3,e5-base->bge-reranker,relative_temporal,ttc-r1-relative_temporal-02,
R3-E5_to_BGE-reranker,R3,e5-base->bge-reranker,relative_temporal,ttc-r1-relative_temporal-03,
R3-E5_to_BGE-reranker,R3,e5-base->bge-reranker,relative_temporal,ttc-r1-relative_temporal-04,
R3-E5_to_BGE-reranker,R3,e5-base->bge-reranker,relative_temporal,ttc-r1-relative_temporal-05,1.0
R3-E5_to_BGE-reranker,R3,e5-base->bge-reranker,relative_temporal,ttc-r1-relative_temporal-06,1.0
R3-E5_to_BGE-reranker,R3,e5-base->bge-reranker,relative_temporal,ttc-r1-relative_temporal-07,1.0
R3-E5_to_BGE-reranker,R3,e5-base->bge-reranker,relative_temporal,ttc-r1-relative_temporal-08,
R3-E5_to_BGE-reranker,R3,e5-base->bge-reranker,relative_temporal,ttc-r1-relative_temporal-09,
R3-E5_to_BGE-reranker,R3,e5-base->bge-reranker,relative_temporal,ttc-r1-relative_temporal-10,
R3-E5_to_BGE-reranker,R3,e5-base->bge-reranker,relative_temporal,ttc-r1-relative_temporal-11,
R3-E5_to_BGE-reranker,R3,e5-base->bge-reranker,unit_normalization_clean,ttc-r1-unit_normalization_clean-00,0.0
R3-E5_to_BGE-reranker,R3,e5-base->bge-reranker,unit_normalization_clean,ttc-r1-unit_normalization_clean-01,0.2857142857142857
R3-E5_to_BGE-reranker,R3,e5-base->bge-reranker,unit_normalization_clean,ttc-r1-unit_normalization_clean-02,0.14285714285714285
R3-E5_to_BGE-reranker,R3,e5-base->bge-reranker,unit_normalization_clean,ttc-r1-unit_normalization_clean-04,0.42857142857142855
R3-E5_to_BGE-reranker,R3,e5-base->bge-reranker,unit_normalization_clean,ttc-r1-unit_normalization_clean-05,0.14285714285714285
R3-E5_to_BGE-reranker,R3,e5-base->bge-reranker,unit_normalization_clean,ttc-r1-unit_normalization_clean-06,0.5
R3-E5_to_BGE-reranker,R3,e5-base->bge-reranker,unit_normalization_clean,ttc-r1-unit_normalization_clean-07,0.0
R3-E5_to_BGE-reranker,R3,e5-base->bge-reranker,unit_normalization_clean,ttc-r1-unit_normalization_clean-08,0.3333333333333333
R3-E5_to_BGE-reranker,R3,e5-base->bge-reranker,unit_normalization_clean,ttc-r1-unit_normalization_clean-09,0.75
R3-E5_to_BGE-reranker,R3,e5-base->bge-reranker,unit_normalization_clean,ttc-r1-unit_normalization_clean-10,0.0
