endpoint,omitted_family,omitted_type,temporal_estimate,unit_estimate,joint_J,threshold_relation
R1-BGE,ttc-r1-relative_temporal-00,relative_temporal,1.0,0.13571428571428573,0.08571428571428573,above
R1-BGE,ttc-r1-relative_temporal-01,relative_temporal,1.0,0.13571428571428573,0.08571428571428573,above
R1-BGE,ttc-r1-relative_temporal-02,relative_temporal,1.0,0.13571428571428573,0.08571428571428573,above
R1-BGE,ttc-r1-relative_temporal-03,relative_temporal,1.0,0.13571428571428573,0.08571428571428573,above
R1-BGE,ttc-r1-relative_temporal-04,relative_temporal,1.0,0.13571428571428573,0.08571428571428573,above
R1-BGE,ttc-r1-relative_temporal-05,relative_temporal,1.0,0.13571428571428573,0.08571428571428573,above
R1-BGE,ttc-r1-relative_temporal-06,relative_temporal,1.0,0.13571428571428573,0.08571428571428573,above
R1-BGE,ttc-r1-relative_temporal-07,relative_temporal,1.0,0.13571428571428573,0.08571428571428573,above
R1-BGE,ttc-r1-relative_temporal-08,relative_temporal,1.0,0.13571428571428573,0.08571428571428573,above
R1-BGE,ttc-r1-relative_temporal-09,relative_temporal,1.0,0.13571428571428573,0.08571428571428573,above
R1-BGE,ttc-r1-relative_temporal-10,relative_temporal,1.0,0.13571428571428573,0.08571428571428573,above
R1-BGE,ttc-r1-relative_temporal-11,relative_temporal,1.0,0.13571428571428573,0.08571428571428573,above
R1-BGE,ttc-r1-unit_normalization_clean-00,unit_normalization_clean,1.0,0.1507936507936508,0.10079365079365081,above
R1-BGE,ttc-r1-unit_normalization_clean-01,unit_normalization_clean,1.0,0.1507936507936508,0.10079365079365081,above
R1-BGE,ttc-r1-unit_normalization_clean-02,unit_normalization_clean,1.0,0.1349206349206349,0.08492063492063491,above
R1-BGE,ttc-r1-unit_normalization_clean-04,unit_normalization_clean,1.0,0.1349206349206349,0.08492063492063491,above
R1-BGE,ttc-r1-unit_normalization_clean-05,unit_normalization_clean,1.0,0.1507936507936508,0.10079365079365081,above
R1-BGE,ttc-r1-unit_normalization_clean-06,unit_normalization_clean,1.0,0.10317460317460317,0.053174603174603166,above
R1-BGE,ttc-r1-unit_normalization_clean-07,unit_normalization_clean,1.0,0.13492063492063494,0.08492063492063494,above
R1-BGE,ttc-r1-unit_normalization_clean-08,unit_normalization_clean,1.0,0.1507936507936508,0.10079365079365081,above
R1-BGE,ttc-r1-unit_normalization_clean-09,unit_normalization_clean,1.0,0.09523809523809523,0.04523809523809523,above
R1-BGE,ttc-r1-unit_normalization_clean-10,unit_normalization_clean,1.0,0.1507936507936508,0.10079365079365081,above
R1-E5,ttc-r1-relative_temporal-00,relative_temporal,0.9090909090909091,0.047619047619047616,-0.0023809523809523864,at_or_below
R1-E5,ttc-r1-relative_temporal-01,relative_temporal,0.8961038961038962,0.047619047619047616,-0.0023809523809523864,at_or_below
R1-E5,ttc-r1-relative_temporal-02,relative_temporal,0.8831168831168831,0.047619047619047616,-0.0023809523809523864,at_or_below
R1-E5,ttc-r1-relative_temporal-03,relative_temporal,0.8831168831168831,0.047619047619047616,-0.0023809523809523864,at_or_below
R1-E5,ttc-r1-relative_temporal-04,relative_temporal,0.8831168831168831,0.047619047619047616,-0.0023809523809523864,at_or_below
R1-E5,ttc-r1-relative_temporal-05,relative_temporal,0.922077922077922,0.047619047619047616,-0.0023809523809523864,at_or_below
R1-E5,ttc-r1-relative_temporal-06,relative_temporal,0.8961038961038962,0.047619047619047616,-0.0023809523809523864,at_or_below
R1-E5,ttc-r1-relative_temporal-07,relative_temporal,0.9090909090909091,0.047619047619047616,-0.0023809523809523864,at_or_below
R1-E5,ttc-r1-relative_temporal-08,relative_temporal,0.8831168831168831,0.047619047619047616,-0.0023809523809523864,at_or_below
R1-E5,ttc-r1-relative_temporal-09,relative_temporal,0.8831168831168831,0.047619047619047616,-0.0023809523809523864,at_or_below
R1-E5,ttc-r1-relative_temporal-10,relative_temporal,0.8831168831168831,0.047619047619047616,-0.0023809523809523864,at_or_below
R1-E5,ttc-r1-relative_temporal-11,relative_temporal,0.8831168831168831,0.047619047619047616,-0.0023809523809523864,at_or_below
R1-E5,ttc-r1-unit_normalization_clean-00,unit_normalization_clean,0.8928571428571428,0.05291005291005291,0.0029100529100529043,above
R1-E5,ttc-r1-unit_normalization_clean-01,unit_normalization_clean,0.8928571428571428,0.05291005291005291,0.0029100529100529043,above
R1-E5,ttc-r1-unit_normalization_clean-02,unit_normalization_clean,0.8928571428571428,0.05291005291005291,0.0029100529100529043,above
R1-E5,ttc-r1-unit_normalization_clean-04,unit_normalization_clean,0.8928571428571428,0.05291005291005291,0.0029100529100529043,above
R1-E5,ttc-r1-unit_normalization_clean-05,unit_normalization_clean,0.8928571428571428,0.05291005291005291,0.0029100529100529043,above
R1-E5,ttc-r1-unit_normalization_clean-06,unit_normalization_clean,0.8928571428571428,0.037037037037037035,-0.012962962962962968,at_or_below
R1-E5,ttc-r1-unit_normalization_clean-07,unit_normalization_clean,0.8928571428571428,0.05291005291005291,0.0029100529100529043,above
R1-E5,ttc-r1-unit_normalization_clean-08,unit_normalization_clean,0.8928571428571428,0.05291005291005291,0.0029100529100529043,above
R1-E5,ttc-r1-unit_normalization_clean-09,unit_normalization_clean,0.8928571428571428,0.015873015873015872,-0.03412698412698413,at_or_below
R1-E5,ttc-r1-unit_normalization_clean-10,unit_normalization_clean,0.8928571428571428,0.05291005291005291,0.0029100529100529043,above
R2-BGE-reranker,ttc-r1-relative_temporal-00,relative_temporal,1.0,0.24285714285714283,0.14285714285714282,above
R2-BGE-reranker,ttc-r1-relative_temporal-01,relative_temporal,0.987012987012987,0.24285714285714283,0.14285714285714282,above
R2-BGE-reranker,ttc-r1-relative_temporal-02,relative_temporal,0.987012987012987,0.24285714285714283,0.14285714285714282,above
R2-BGE-reranker,ttc-r1-relative_temporal-03,relative_temporal,0.987012987012987,0.24285714285714283,0.14285714285714282,above
R2-BGE-reranker,ttc-r1-relative_temporal-04,relative_temporal,0.987012987012987,0.24285714285714283,0.14285714285714282,above
R2-BGE-reranker,ttc-r1-relative_temporal-05,relative_temporal,0.987012987012987,0.24285714285714283,0.14285714285714282,above
R2-BGE-reranker,ttc-r1-relative_temporal-06,relative_temporal,0.987012987012987,0.24285714285714283,0.14285714285714282,above
R2-BGE-reranker,ttc-r1-relative_temporal-07,relative_temporal,0.987012987012987,0.24285714285714283,0.14285714285714282,above
R2-BGE-reranker,ttc-r1-relative_temporal-08,relative_temporal,0.987012987012987,0.24285714285714283,0.14285714285714282,above
R2-BGE-reranker,ttc-r1-relative_temporal-09,relative_temporal,0.987012987012987,0.24285714285714283,0.14285714285714282,above
R2-BGE-reranker,ttc-r1-relative_temporal-10,relative_temporal,0.987012987012987,0.24285714285714283,0.14285714285714282,above
R2-BGE-reranker,ttc-r1-relative_temporal-11,relative_temporal,0.987012987012987,0.24285714285714283,0.14285714285714282,above
R2-BGE-reranker,ttc-r1-unit_normalization_clean-00,unit_normalization_clean,0.9880952380952381,0.2698412698412699,0.16984126984126988,above
R2-BGE-reranker,ttc-r1-unit_normalization_clean-01,unit_normalization_clean,0.9880952380952381,0.23809523809523808,0.13809523809523808,above
R2-BGE-reranker,ttc-r1-unit_normalization_clean-02,unit_normalization_clean,0.9880952380952381,0.25396825396825395,0.15396825396825395,above
R2-BGE-reranker,ttc-r1-unit_normalization_clean-04,unit_normalization_clean,0.9880952380952381,0.2222222222222222,0.1222222222222222,above
R2-BGE-reranker,ttc-r1-unit_normalization_clean-05,unit_normalization_clean,0.9880952380952381,0.25396825396825395,0.15396825396825395,above
R2-BGE-reranker,ttc-r1-unit_normalization_clean-06,unit_normalization_clean,0.9880952380952381,0.2222222222222222,0.1222222222222222,above
R2-BGE-reranker,ttc-r1-unit_normalization_clean-07,unit_normalization_clean,0.9880952380952381,0.2698412698412698,0.16984126984126982,above
R2-BGE-reranker,ttc-r1-unit_normalization_clean-08,unit_normalization_clean,0.9880952380952381,0.23280423280423282,0.1328042328042328,above
R2-BGE-reranker,ttc-r1-unit_normalization_clean-09,unit_normalization_clean,0.9880952380952381,0.19576719576719576,0.09576719576719575,above
R2-BGE-reranker,ttc-r1-unit_normalization_clean-10,unit_normalization_clean,0.9880952380952381,0.2698412698412698,0.16984126984126982,above
R2-legacy-cross-encoder,ttc-r1-relative_temporal-00,relative_temporal,0.7251082251082251,0.3857142857142857,0.2857142857142857,above
R2-legacy-cross-encoder,ttc-r1-relative_temporal-01,relative_temporal,0.751082251082251,0.3857142857142857,0.2857142857142857,above
R2-legacy-cross-encoder,ttc-r1-relative_temporal-02,relative_temporal,0.738095238095238,0.3857142857142857,0.2857142857142857,above
R2-legacy-cross-encoder,ttc-r1-relative_temporal-03,relative_temporal,0.712121212121212,0.3857142857142857,0.2857142857142857,above
R2-legacy-cross-encoder,ttc-r1-relative_temporal-04,relative_temporal,0.7251082251082251,0.3857142857142857,0.2857142857142857,above
R2-legacy-cross-encoder,ttc-r1-relative_temporal-05,relative_temporal,0.738095238095238,0.3857142857142857,0.2857142857142857,above
R2-legacy-cross-encoder,ttc-r1-relative_temporal-06,relative_temporal,0.7251082251082251,0.3857142857142857,0.2857142857142857,above
R2-legacy-cross-encoder,ttc-r1-relative_temporal-07,relative_temporal,0.7640692640692639,0.3857142857142857,0.2857142857142857,above
R2-legacy-cross-encoder,ttc-r1-relative_temporal-08,relative_temporal,0.7424242424242423,0.3857142857142857,0.2857142857142857,above
R2-legacy-cross-encoder,ttc-r1-relative_temporal-09,relative_temporal,0.7424242424242423,0.3857142857142857,0.2857142857142857,above
R2-legacy-cross-encoder,ttc-r1-relative_temporal-10,relative_temporal,0.7272727272727273,0.3857142857142857,0.2857142857142857,above
R2-legacy-cross-encoder,ttc-r1-relative_temporal-11,relative_temporal,0.7424242424242425,0.3857142857142857,0.2857142857142857,above
R2-legacy-cross-encoder,ttc-r1-unit_normalization_clean-00,unit_normalization_clean,0.7361111111111112,0.38095238095238093,0.28095238095238095,above
R2-legacy-cross-encoder,ttc-r1-unit_normalization_clean-01,unit_normalization_clean,0.7361111111111112,0.3968253968253968,0.29682539682539677,above
R2-legacy-cross-encoder,ttc-r1-unit_normalization_clean-02,unit_normalization_clean,0.7361111111111112,0.365079365079365,0.265079365079365,above
R2-legacy-cross-encoder,ttc-r1-unit_normalization_clean-04,unit_normalization_clean,0.7361111111111112,0.38095238095238093,0.28095238095238095,above
R2-legacy-cross-encoder,ttc-r1-unit_normalization_clean-05,unit_normalization_clean,0.7361111111111112,0.38095238095238093,0.28095238095238095,above
R2-legacy-cross-encoder,ttc-r1-unit_normalization_clean-06,unit_normalization_clean,0.7361111111111112,0.38095238095238093,0.28095238095238095,above
R2-legacy-cross-encoder,ttc-r1-unit_normalization_clean-07,unit_normalization_clean,0.7361111111111112,0.39682539682539675,0.29682539682539677,above
R2-legacy-cross-encoder,ttc-r1-unit_normalization_clean-08,unit_normalization_clean,0.7361111111111112,0.373015873015873,0.27301587301587305,above
R2-legacy-cross-encoder,ttc-r1-unit_normalization_clean-09,unit_normalization_clean,0.7361111111111112,0.39153439153439146,0.2915343915343914,above
R2-legacy-cross-encoder,ttc-r1-unit_normalization_clean-10,unit_normalization_clean,0.7361111111111112,0.41005291005291,0.31005291005291,above
R3-BGE_to_BGE-reranker,ttc-r1-relative_temporal-00,relative_temporal,,0.2345238095238095,,undefined
R3-BGE_to_BGE-reranker,ttc-r1-relative_temporal-01,relative_temporal,,0.2345238095238095,,undefined
R3-BGE_to_BGE-reranker,ttc-r1-relative_temporal-02,relative_temporal,,0.2345238095238095,,undefined
R3-BGE_to_BGE-reranker,ttc-r1-relative_temporal-03,relative_temporal,,0.2345238095238095,,undefined
R3-BGE_to_BGE-reranker,ttc-r1-relative_temporal-04,relative_temporal,,0.2345238095238095,,undefined
R3-BGE_to_BGE-reranker,ttc-r1-relative_temporal-05,relative_temporal,,0.2345238095238095,,undefined
R3-BGE_to_BGE-reranker,ttc-r1-relative_temporal-06,relative_temporal,,0.2345238095238095,,undefined
R3-BGE_to_BGE-reranker,ttc-r1-relative_temporal-07,relative_temporal,,0.2345238095238095,,undefined
R3-BGE_to_BGE-reranker,ttc-r1-relative_temporal-08,relative_temporal,,0.2345238095238095,,undefined
R3-BGE_to_BGE-reranker,ttc-r1-relative_temporal-09,relative_temporal,,0.2345238095238095,,undefined
R3-BGE_to_BGE-reranker,ttc-r1-relative_temporal-10,relative_temporal,,0.2345238095238095,,undefined
R3-BGE_to_BGE-reranker,ttc-r1-relative_temporal-11,relative_temporal,,0.2345238095238095,,undefined
R3-BGE_to_BGE-reranker,ttc-r1-unit_normalization_clean-00,unit_normalization_clean,,0.2605820105820105,,undefined
R3-BGE_to_BGE-reranker,ttc-r1-unit_normalization_clean-01,unit_normalization_clean,,0.2288359788359788,,undefined
R3-BGE_to_BGE-reranker,ttc-r1-unit_normalization_clean-02,unit_normalization_clean,,0.24206349206349204,,undefined
R3-BGE_to_BGE-reranker,ttc-r1-unit_normalization_clean-04,unit_normalization_clean,,0.20502645502645503,,undefined
R3-BGE_to_BGE-reranker,ttc-r1-unit_normalization_clean-05,unit_normalization_clean,,0.24470899470899474,,undefined
R3-BGE_to_BGE-reranker,ttc-r1-unit_normalization_clean-06,unit_normalization_clean,,0.23280423280423276,,undefined
R3-BGE_to_BGE-reranker,ttc-r1-unit_normalization_clean-07,unit_normalization_clean,,0.2605820105820105,,undefined
R3-BGE_to_BGE-reranker,ttc-r1-unit_normalization_clean-08,unit_normalization_clean,,0.22354497354497355,,undefined
R3-BGE_to_BGE-reranker,ttc-r1-unit_normalization_clean-09,unit_normalization_clean,,0.18650793650793648,,undefined
R3-BGE_to_BGE-reranker,ttc-r1-unit_normalization_clean-10,unit_normalization_clean,,0.2605820105820105,,undefined
R3-BGE_to_legacy-cross-encoder,ttc-r1-relative_temporal-00,relative_temporal,,0.4726190476190476,,undefined
R3-BGE_to_legacy-cross-encoder,ttc-r1-relative_temporal-01,relative_temporal,,0.4726190476190476,,undefined
R3-BGE_to_legacy-cross-encoder,ttc-r1-relative_temporal-02,relative_temporal,,0.4726190476190476,,undefined
R3-BGE_to_legacy-cross-encoder,ttc-r1-relative_temporal-03,relative_temporal,,0.4726190476190476,,undefined
R3-BGE_to_legacy-cross-encoder,ttc-r1-relative_temporal-04,relative_temporal,,0.4726190476190476,,undefined
R3-BGE_to_legacy-cross-encoder,ttc-r1-relative_temporal-05,relative_temporal,,0.4726190476190476,,undefined
R3-BGE_to_legacy-cross-encoder,ttc-r1-relative_temporal-06,relative_temporal,,0.4726190476190476,,undefined
R3-BGE_to_legacy-cross-encoder,ttc-r1-relative_temporal-07,relative_temporal,,0.4726190476190476,,undefined
R3-BGE_to_legacy-cross-encoder,ttc-r1-relative_temporal-08,relative_temporal,,0.4726190476190476,,undefined
R3-BGE_to_legacy-cross-encoder,ttc-r1-relative_temporal-09,relative_temporal,,0.4726190476190476,,undefined
R3-BGE_to_legacy-cross-encoder,ttc-r1-relative_temporal-10,relative_temporal,,0.4726190476190476,,undefined
R3-BGE_to_legacy-cross-encoder,ttc-r1-relative_temporal-11,relative_temporal,,0.4726190476190476,,undefined
R3-BGE_to_legacy-cross-encoder,ttc-r1-unit_normalization_clean-00,unit_normalization_clean,,0.4775132275132276,,undefined
R3-BGE_to_legacy-cross-encoder,ttc-r1-unit_normalization_clean-01,unit_normalization_clean,,0.49338624338624343,,undefined
R3-BGE_to_legacy-cross-encoder,ttc-r1-unit_normalization_clean-02,unit_normalization_clean,,0.45105820105820105,,undefined
R3-BGE_to_legacy-cross-encoder,ttc-r1-unit_normalization_clean-04,unit_normalization_clean,,0.4695767195767196,,undefined
R3-BGE_to_legacy-cross-encoder,ttc-r1-unit_normalization_clean-05,unit_normalization_clean,,0.4775132275132275,,undefined
R3-BGE_to_legacy-cross-encoder,ttc-r1-unit_normalization_clean-06,unit_normalization_clean,,0.44179894179894175,,undefined
R3-BGE_to_legacy-cross-encoder,ttc-r1-unit_normalization_clean-07,unit_normalization_clean,,0.488095238095238,,undefined
R3-BGE_to_legacy-cross-encoder,ttc-r1-unit_normalization_clean-08,unit_normalization_clean,,0.4695767195767196,,undefined
R3-BGE_to_legacy-cross-encoder,ttc-r1-unit_normalization_clean-09,unit_normalization_clean,,0.45105820105820105,,undefined
R3-BGE_to_legacy-cross-encoder,ttc-r1-unit_normalization_clean-10,unit_normalization_clean,,0.5066137566137566,,undefined
R3-E5_to_BGE-reranker,ttc-r1-relative_temporal-00,relative_temporal,1.0,0.2583333333333333,0.20833333333333331,above
R3-E5_to_BGE-reranker,ttc-r1-relative_temporal-01,relative_temporal,1.0,0.2583333333333333,0.20833333333333331,above
R3-E5_to_BGE-reranker,ttc-r1-relative_temporal-02,relative_temporal,1.0,0.2583333333333333,0.20833333333333331,above
R3-E5_to_BGE-reranker,ttc-r1-relative_temporal-03,relative_temporal,1.0,0.2583333333333333,0.20833333333333331,above
R3-E5_to_BGE-reranker,ttc-r1-relative_temporal-04,relative_temporal,1.0,0.2583333333333333,0.20833333333333331,above
R3-E5_to_BGE-reranker,ttc-r1-relative_temporal-05,relative_temporal,1.0,0.2583333333333333,0.20833333333333331,above
R3-E5_to_BGE-reranker,ttc-r1-relative_temporal-06,relative_temporal,1.0,0.2583333333333333,0.20833333333333331,above
R3-E5_to_BGE-reranker,ttc-r1-relative_temporal-07,relative_temporal,1.0,0.2583333333333333,0.20833333333333331,above
R3-E5_to_BGE-reranker,ttc-r1-relative_temporal-08,relative_temporal,1.0,0.2583333333333333,0.20833333333333331,above
R3-E5_to_BGE-reranker,ttc-r1-relative_temporal-09,relative_temporal,1.0,0.2583333333333333,0.20833333333333331,above
R3-E5_to_BGE-reranker,ttc-r1-relative_temporal-10,relative_temporal,1.0,0.2583333333333333,0.20833333333333331,above
R3-E5_to_BGE-reranker,ttc-r1-relative_temporal-11,relative_temporal,1.0,0.2583333333333333,0.20833333333333331,above
R3-E5_to_BGE-reranker,ttc-r1-unit_normalization_clean-00,unit_normalization_clean,1.0,0.287037037037037,0.237037037037037,above
R3-E5_to_BGE-reranker,ttc-r1-unit_normalization_clean-01,unit_normalization_clean,1.0,0.2552910052910053,0.2052910052910053,above
R3-E5_to_BGE-reranker,ttc-r1-unit_normalization_clean-02,unit_normalization_clean,1.0,0.27116402116402116,0.22116402116402117,above
R3-E5_to_BGE-reranker,ttc-r1-unit_normalization_clean-04,unit_normalization_clean,1.0,0.23941798941798942,0.18941798941798943,above
R3-E5_to_BGE-reranker,ttc-r1-unit_normalization_clean-05,unit_normalization_clean,1.0,0.27116402116402116,0.22116402116402117,above
R3-E5_to_BGE-reranker,ttc-r1-unit_normalization_clean-06,unit_normalization_clean,1.0,0.23148148148148145,0.18148148148148147,above
R3-E5_to_BGE-reranker,ttc-r1-unit_normalization_clean-07,unit_normalization_clean,1.0,0.287037037037037,0.237037037037037,above
R3-E5_to_BGE-reranker,ttc-r1-unit_normalization_clean-08,unit_normalization_clean,1.0,0.25,0.2,above
R3-E5_to_BGE-reranker,ttc-r1-unit_normalization_clean-09,unit_normalization_clean,1.0,0.20370370370370366,0.15370370370370368,above
R3-E5_to_BGE-reranker,ttc-r1-unit_normalization_clean-10,unit_normalization_clean,1.0,0.287037037037037,0.237037037037037,above
