retriever_id,reranker_id,transformation_type,query_form,corpus_condition,n,eligible,initial_w,after_w,corrupted,recovered
bge-base,bge-reranker,relative_temporal,D0,easy_control,80,80,80,80,0,0
bge-base,bge-reranker,relative_temporal,D0,hard,80,80,80,80,0,0
bge-base,bge-reranker,relative_temporal,D1,easy_control,80,80,80,80,0,0
bge-base,bge-reranker,relative_temporal,D1,hard,80,80,80,80,0,0
bge-base,bge-reranker,relative_temporal,P0,easy_control,80,80,0,1,0,1
bge-base,bge-reranker,relative_temporal,P0,hard,80,80,0,1,0,1
bge-base,bge-reranker,relative_temporal,P1,easy_control,80,80,4,3,4,3
bge-base,bge-reranker,relative_temporal,P1,hard,80,80,4,3,4,3
bge-base,bge-reranker,unit_normalization_clean,D0,easy_control,67,67,67,67,0,0
bge-base,bge-reranker,unit_normalization_clean,D0,hard,67,67,67,67,0,0
bge-base,bge-reranker,unit_normalization_clean,D1,easy_control,67,67,67,67,0,0
bge-base,bge-reranker,unit_normalization_clean,D1,hard,67,67,67,67,0,0
bge-base,bge-reranker,unit_normalization_clean,P0,easy_control,67,67,58,51,12,5
bge-base,bge-reranker,unit_normalization_clean,P0,hard,67,67,58,51,12,5
bge-base,bge-reranker,unit_normalization_clean,P1,easy_control,67,67,60,47,16,3
bge-base,bge-reranker,unit_normalization_clean,P1,hard,67,67,60,47,16,3
bge-base,legacy-cross-encoder,relative_temporal,D0,easy_control,80,80,80,51,29,0
bge-base,legacy-cross-encoder,relative_temporal,D0,hard,80,80,80,51,29,0
bge-base,legacy-cross-encoder,relative_temporal,D1,easy_control,80,80,80,57,23,0
bge-base,legacy-cross-encoder,relative_temporal,D1,hard,80,80,80,57,23,0
bge-base,legacy-cross-encoder,relative_temporal,P0,easy_control,80,80,0,21,0,21
bge-base,legacy-cross-encoder,relative_temporal,P0,hard,80,80,0,21,0,21
bge-base,legacy-cross-encoder,relative_temporal,P1,easy_control,80,80,4,7,1,4
bge-base,legacy-cross-encoder,relative_temporal,P1,hard,80,80,4,7,1,4
bge-base,legacy-cross-encoder,unit_normalization_clean,D0,easy_control,67,67,67,67,0,0
bge-base,legacy-cross-encoder,unit_normalization_clean,D0,hard,67,67,67,67,0,0
bge-base,legacy-cross-encoder,unit_normalization_clean,D1,easy_control,67,67,67,67,0,0
bge-base,legacy-cross-encoder,unit_normalization_clean,D1,hard,67,67,67,67,0,0
bge-base,legacy-cross-encoder,unit_normalization_clean,P0,easy_control,67,67,58,41,26,9
bge-base,legacy-cross-encoder,unit_normalization_clean,P0,hard,67,67,58,41,26,9
bge-base,legacy-cross-encoder,unit_normalization_clean,P1,easy_control,67,67,60,36,31,7
bge-base,legacy-cross-encoder,unit_normalization_clean,P1,hard,67,67,60,36,31,7
bge-base,qwen3-reranker,relative_temporal,D0,easy_control,80,80,80,79,1,0
bge-base,qwen3-reranker,relative_temporal,D0,hard,80,80,80,79,1,0
bge-base,qwen3-reranker,relative_temporal,D1,easy_control,80,80,80,80,0,0
bge-base,qwen3-reranker,relative_temporal,D1,hard,80,80,80,80,0,0
bge-base,qwen3-reranker,relative_temporal,P0,easy_control,80,80,0,6,0,6
bge-base,qwen3-reranker,relative_temporal,P0,hard,80,80,0,6,0,6
bge-base,qwen3-reranker,relative_temporal,P1,easy_control,80,80,4,0,4,0
bge-base,qwen3-reranker,relative_temporal,P1,hard,80,80,4,0,4,0
bge-base,qwen3-reranker,unit_normalization_clean,D0,easy_control,67,67,67,67,0,0
bge-base,qwen3-reranker,unit_normalization_clean,D0,hard,67,67,67,67,0,0
bge-base,qwen3-reranker,unit_normalization_clean,D1,easy_control,67,67,67,67,0,0
bge-base,qwen3-reranker,unit_normalization_clean,D1,hard,67,67,67,67,0,0
bge-base,qwen3-reranker,unit_normalization_clean,P0,easy_control,67,67,58,49,13,4
bge-base,qwen3-reranker,unit_normalization_clean,P0,hard,67,67,58,49,13,4
bge-base,qwen3-reranker,unit_normalization_clean,P1,easy_control,67,67,60,58,6,4
bge-base,qwen3-reranker,unit_normalization_clean,P1,hard,67,67,60,58,6,4
e5-base,bge-reranker,relative_temporal,D0,easy_control,80,80,75,80,0,5
e5-base,bge-reranker,relative_temporal,D0,hard,80,80,75,80,0,5
e5-base,bge-reranker,relative_temporal,D1,easy_control,80,80,79,80,0,1
e5-base,bge-reranker,relative_temporal,D1,hard,80,80,79,80,0,1
e5-base,bge-reranker,relative_temporal,P0,easy_control,80,80,4,1,4,1
e5-base,bge-reranker,relative_temporal,P0,hard,80,80,4,1,4,1
e5-base,bge-reranker,relative_temporal,P1,easy_control,80,80,6,3,6,3
e5-base,bge-reranker,relative_temporal,P1,hard,80,80,6,3,6,3
e5-base,bge-reranker,unit_normalization_clean,D0,easy_control,67,67,67,67,0,0
e5-base,bge-reranker,unit_normalization_clean,D0,hard,67,67,67,67,0,0
e5-base,bge-reranker,unit_normalization_clean,D1,easy_control,67,67,67,67,0,0
e5-base,bge-reranker,unit_normalization_clean,D1,hard,67,67,67,67,0,0
e5-base,bge-reranker,unit_normalization_clean,P0,easy_control,67,67,64,51,15,2
e5-base,bge-reranker,unit_normalization_clean,P0,hard,67,67,64,51,15,2
e5-base,bge-reranker,unit_normalization_clean,P1,easy_control,67,67,64,47,18,1
e5-base,bge-reranker,unit_normalization_clean,P1,hard,67,67,64,47,18,1
e5-base,legacy-cross-encoder,relative_temporal,D0,easy_control,80,80,75,51,25,1
e5-base,legacy-cross-encoder,relative_temporal,D0,hard,80,80,75,51,25,1
e5-base,legacy-cross-encoder,relative_temporal,D1,easy_control,80,80,79,57,23,1
e5-base,legacy-cross-encoder,relative_temporal,D1,hard,80,80,79,57,23,1
e5-base,legacy-cross-encoder,relative_temporal,P0,easy_control,80,80,4,21,2,19
e5-base,legacy-cross-encoder,relative_temporal,P0,hard,80,80,4,21,2,19
e5-base,legacy-cross-encoder,relative_temporal,P1,easy_control,80,80,6,7,4,5
e5-base,legacy-cross-encoder,relative_temporal,P1,hard,80,80,6,7,4,5
e5-base,legacy-cross-encoder,unit_normalization_clean,D0,easy_control,67,67,67,67,0,0
e5-base,legacy-cross-encoder,unit_normalization_clean,D0,hard,67,67,67,67,0,0
e5-base,legacy-cross-encoder,unit_normalization_clean,D1,easy_control,67,67,67,67,0,0
e5-base,legacy-cross-encoder,unit_normalization_clean,D1,hard,67,67,67,67,0,0
e5-base,legacy-cross-encoder,unit_normalization_clean,P0,easy_control,67,67,64,41,26,3
e5-base,legacy-cross-encoder,unit_normalization_clean,P0,hard,67,67,64,41,26,3
e5-base,legacy-cross-encoder,unit_normalization_clean,P1,easy_control,67,67,64,36,31,3
e5-base,legacy-cross-encoder,unit_normalization_clean,P1,hard,67,67,64,36,31,3
e5-base,qwen3-reranker,relative_temporal,D0,easy_control,80,80,75,79,1,5
e5-base,qwen3-reranker,relative_temporal,D0,hard,80,80,75,79,1,5
e5-base,qwen3-reranker,relative_temporal,D1,easy_control,80,80,79,80,0,1
e5-base,qwen3-reranker,relative_temporal,D1,hard,80,80,79,80,0,1
e5-base,qwen3-reranker,relative_temporal,P0,easy_control,80,80,4,6,4,6
e5-base,qwen3-reranker,relative_temporal,P0,hard,80,80,4,6,4,6
e5-base,qwen3-reranker,relative_temporal,P1,easy_control,80,80,6,0,6,0
e5-base,qwen3-reranker,relative_temporal,P1,hard,80,80,6,0,6,0
e5-base,qwen3-reranker,unit_normalization_clean,D0,easy_control,67,67,67,67,0,0
e5-base,qwen3-reranker,unit_normalization_clean,D0,hard,67,67,67,67,0,0
e5-base,qwen3-reranker,unit_normalization_clean,D1,easy_control,67,67,67,67,0,0
e5-base,qwen3-reranker,unit_normalization_clean,D1,hard,67,67,67,67,0,0
e5-base,qwen3-reranker,unit_normalization_clean,P0,easy_control,67,67,64,49,17,2
e5-base,qwen3-reranker,unit_normalization_clean,P0,hard,67,67,64,49,17,2
e5-base,qwen3-reranker,unit_normalization_clean,P1,easy_control,67,67,64,58,8,2
e5-base,qwen3-reranker,unit_normalization_clean,P1,hard,67,67,64,58,8,2
qwen3-embedding,bge-reranker,relative_temporal,D0,easy_control,80,80,77,80,0,3
qwen3-embedding,bge-reranker,relative_temporal,D0,hard,80,80,77,80,0,3
qwen3-embedding,bge-reranker,relative_temporal,D1,easy_control,80,80,79,80,0,1
qwen3-embedding,bge-reranker,relative_temporal,D1,hard,80,80,79,80,0,1
qwen3-embedding,bge-reranker,relative_temporal,P0,easy_control,80,80,2,1,2,1
qwen3-embedding,bge-reranker,relative_temporal,P0,hard,80,80,2,1,2,1
qwen3-embedding,bge-reranker,relative_temporal,P1,easy_control,80,80,3,3,3,3
qwen3-embedding,bge-reranker,relative_temporal,P1,hard,80,80,3,3,3,3
qwen3-embedding,bge-reranker,unit_normalization_clean,D0,easy_control,67,67,67,67,0,0
qwen3-embedding,bge-reranker,unit_normalization_clean,D0,hard,67,67,67,67,0,0
qwen3-embedding,bge-reranker,unit_normalization_clean,D1,easy_control,67,67,67,67,0,0
qwen3-embedding,bge-reranker,unit_normalization_clean,D1,hard,67,67,67,67,0,0
qwen3-embedding,bge-reranker,unit_normalization_clean,P0,easy_control,67,67,62,51,12,1
qwen3-embedding,bge-reranker,unit_normalization_clean,P0,hard,67,67,62,51,12,1
qwen3-embedding,bge-reranker,unit_normalization_clean,P1,easy_control,67,67,61,47,14,0
qwen3-embedding,bge-reranker,unit_normalization_clean,P1,hard,67,67,61,47,14,0
qwen3-embedding,legacy-cross-encoder,relative_temporal,D0,easy_control,80,80,77,51,28,2
qwen3-embedding,legacy-cross-encoder,relative_temporal,D0,hard,80,80,77,51,28,2
qwen3-embedding,legacy-cross-encoder,relative_temporal,D1,easy_control,80,80,79,57,23,1
qwen3-embedding,legacy-cross-encoder,relative_temporal,D1,hard,80,80,79,57,23,1
qwen3-embedding,legacy-cross-encoder,relative_temporal,P0,easy_control,80,80,2,21,0,19
qwen3-embedding,legacy-cross-encoder,relative_temporal,P0,hard,80,80,2,21,0,19
qwen3-embedding,legacy-cross-encoder,relative_temporal,P1,easy_control,80,80,3,7,2,6
qwen3-embedding,legacy-cross-encoder,relative_temporal,P1,hard,80,80,3,7,2,6
qwen3-embedding,legacy-cross-encoder,unit_normalization_clean,D0,easy_control,67,67,67,67,0,0
qwen3-embedding,legacy-cross-encoder,unit_normalization_clean,D0,hard,67,67,67,67,0,0
qwen3-embedding,legacy-cross-encoder,unit_normalization_clean,D1,easy_control,67,67,67,67,0,0
qwen3-embedding,legacy-cross-encoder,unit_normalization_clean,D1,hard,67,67,67,67,0,0
qwen3-embedding,legacy-cross-encoder,unit_normalization_clean,P0,easy_control,67,67,62,41,25,4
qwen3-embedding,legacy-cross-encoder,unit_normalization_clean,P0,hard,67,67,62,41,25,4
qwen3-embedding,legacy-cross-encoder,unit_normalization_clean,P1,easy_control,67,67,61,36,29,4
qwen3-embedding,legacy-cross-encoder,unit_normalization_clean,P1,hard,67,67,61,36,29,4
qwen3-embedding,qwen3-reranker,relative_temporal,D0,easy_control,80,80,77,79,1,3
qwen3-embedding,qwen3-reranker,relative_temporal,D0,hard,80,80,77,79,1,3
qwen3-embedding,qwen3-reranker,relative_temporal,D1,easy_control,80,80,79,80,0,1
qwen3-embedding,qwen3-reranker,relative_temporal,D1,hard,80,80,79,80,0,1
qwen3-embedding,qwen3-reranker,relative_temporal,P0,easy_control,80,80,2,6,1,5
qwen3-embedding,qwen3-reranker,relative_temporal,P0,hard,80,80,2,6,1,5
qwen3-embedding,qwen3-reranker,relative_temporal,P1,easy_control,80,80,3,0,3,0
qwen3-embedding,qwen3-reranker,relative_temporal,P1,hard,80,80,3,0,3,0
qwen3-embedding,qwen3-reranker,unit_normalization_clean,D0,easy_control,67,67,67,67,0,0
qwen3-embedding,qwen3-reranker,unit_normalization_clean,D0,hard,67,67,67,67,0,0
qwen3-embedding,qwen3-reranker,unit_normalization_clean,D1,easy_control,67,67,67,67,0,0
qwen3-embedding,qwen3-reranker,unit_normalization_clean,D1,hard,67,67,67,67,0,0
qwen3-embedding,qwen3-reranker,unit_normalization_clean,P0,easy_control,67,67,62,49,15,2
qwen3-embedding,qwen3-reranker,unit_normalization_clean,P0,hard,67,67,62,49,15,2
qwen3-embedding,qwen3-reranker,unit_normalization_clean,P1,easy_control,67,67,61,58,7,4
qwen3-embedding,qwen3-reranker,unit_normalization_clean,P1,hard,67,67,61,58,7,4
