analysis,model,transformation_type,query_form,strict_accuracy,mean_margin,gold_at_1,gold_at_5,gold_at_10,pair_at_10,n
retriever,bge-base,relative_temporal,D0,1.0,0.04143712967634201,1.0,1.0,1.0,1.0,80
retriever,bge-base,relative_temporal,D1,1.0,0.03805902227759361,1.0,1.0,1.0,1.0,80
retriever,bge-base,relative_temporal,P0,0.0,-0.03686646595597267,0.0,1.0,1.0,1.0,80
retriever,bge-base,relative_temporal,P1,0.05158730158730159,-0.027118796855211257,0.05,1.0,1.0,1.0,80
retriever,bge-base,unit_normalization_clean,D0,1.0,0.05035826875202691,0.9402985074626866,1.0,1.0,1.0,67
retriever,bge-base,unit_normalization_clean,D1,1.0,0.05114222818346166,0.8208955223880597,1.0,1.0,1.0,67
retriever,bge-base,unit_normalization_clean,P0,0.8642857142857142,0.02489783959602242,0.2537313432835821,1.0,1.0,1.0,67
retriever,bge-base,unit_normalization_clean,P1,0.8928571428571429,0.02540024269872637,0.4626865671641791,0.9850746268656716,1.0,1.0,67
retriever,e5-base,relative_temporal,D0,0.9404761904761904,0.003923602402210236,0.8,0.9875,1.0,1.0,80
retriever,e5-base,relative_temporal,D1,0.9880952380952381,0.004811327159404755,0.7125,0.9875,1.0,1.0,80
retriever,e5-base,relative_temporal,P0,0.047619047619047616,-0.004040823876857757,0.05,1.0,1.0,1.0,80
retriever,e5-base,relative_temporal,P1,0.07341269841269842,-0.0033102840185165404,0.0375,0.9625,1.0,1.0,80
retriever,e5-base,unit_normalization_clean,D0,1.0,0.01482942833829282,0.9850746268656716,1.0,1.0,1.0,67
retriever,e5-base,unit_normalization_clean,D1,1.0,0.017092526848636456,1.0,1.0,1.0,1.0,67
retriever,e5-base,unit_normalization_clean,P0,0.9523809523809523,0.008730500491697397,0.208955223880597,1.0,1.0,1.0,67
retriever,e5-base,unit_normalization_clean,P1,0.9523809523809523,0.010184578041532147,0.4626865671641791,1.0,1.0,1.0,67
retriever,qwen3-embedding,relative_temporal,D0,0.9623015873015873,0.021747854351997376,0.7375,1.0,1.0,1.0,80
retriever,qwen3-embedding,relative_temporal,D1,0.9861111111111112,0.023042163997888564,0.875,1.0,1.0,1.0,80
retriever,qwen3-embedding,relative_temporal,P0,0.025793650793650796,-0.018126553297042845,0.025,1.0,1.0,1.0,80
retriever,qwen3-embedding,relative_temporal,P1,0.037698412698412696,-0.020669179409742354,0.0375,0.95,1.0,1.0,80
retriever,qwen3-embedding,unit_normalization_clean,D0,1.0,0.02678882986751955,0.8805970149253731,1.0,1.0,1.0,67
retriever,qwen3-embedding,unit_normalization_clean,D1,1.0,0.03170903760995438,0.8208955223880597,1.0,1.0,1.0,67
retriever,qwen3-embedding,unit_normalization_clean,P0,0.9238095238095237,0.020786804939383893,0.4626865671641791,1.0,1.0,1.0,67
retriever,qwen3-embedding,unit_normalization_clean,P1,0.9071428571428571,0.028218876070051052,0.6567164179104478,1.0,1.0,1.0,67
controlled_reranker,bge-reranker,relative_temporal,D0,1.0,0.831047596585995,,,,,80
controlled_reranker,bge-reranker,relative_temporal,D1,1.0,0.3235818222165108,,,,,80
controlled_reranker,bge-reranker,relative_temporal,P0,0.011904761904761904,-0.5262236503651365,,,,,80
controlled_reranker,bge-reranker,relative_temporal,P1,0.03571428571428571,-0.15189294144511223,,,,,80
controlled_reranker,bge-reranker,unit_normalization_clean,D0,1.0,0.5120423373057327,,,,,67
controlled_reranker,bge-reranker,unit_normalization_clean,D1,1.0,0.23753394386661586,,,,,67
controlled_reranker,bge-reranker,unit_normalization_clean,P0,0.7571428571428571,0.10232231777105759,,,,,67
controlled_reranker,bge-reranker,unit_normalization_clean,P1,0.6976190476190476,0.03693922153159754,,,,,67
controlled_reranker,legacy-cross-encoder,relative_temporal,D0,0.6369047619047619,0.14088383316993713,,,,,80
controlled_reranker,legacy-cross-encoder,relative_temporal,D1,0.7063492063492064,0.13092212677001952,,,,,80
controlled_reranker,legacy-cross-encoder,relative_temporal,P0,0.2638888888888889,-0.11835545301437378,,,,,80
controlled_reranker,legacy-cross-encoder,relative_temporal,P1,0.08928571428571429,-0.16603527069091797,,,,,80
controlled_reranker,legacy-cross-encoder,unit_normalization_clean,D0,1.0,0.3295775598554469,,,,,67
controlled_reranker,legacy-cross-encoder,unit_normalization_clean,D1,1.0,0.33844634668150947,,,,,67
controlled_reranker,legacy-cross-encoder,unit_normalization_clean,P0,0.6142857142857142,0.01185349564054119,,,,,67
controlled_reranker,legacy-cross-encoder,unit_normalization_clean,P1,0.5357142857142857,0.009483842707391995,,,,,67
controlled_reranker,qwen3-reranker,relative_temporal,D0,0.9861111111111112,3.418624401092529e-05,,,,,80
controlled_reranker,qwen3-reranker,relative_temporal,D1,1.0,0.00016360580921173095,,,,,80
controlled_reranker,qwen3-reranker,relative_temporal,P0,0.07738095238095238,-2.525821328163147e-05,,,,,80
controlled_reranker,qwen3-reranker,relative_temporal,P1,0.0,-0.00013391450047492981,,,,,80
controlled_reranker,qwen3-reranker,unit_normalization_clean,D0,1.0,1.735295822371298e-05,,,,,67
controlled_reranker,qwen3-reranker,unit_normalization_clean,D1,1.0,8.820597805194e-05,,,,,67
controlled_reranker,qwen3-reranker,unit_normalization_clean,P0,0.7261904761904762,5.462276401804454e-06,,,,,67
controlled_reranker,qwen3-reranker,unit_normalization_clean,P1,0.8619047619047618,3.531886570489229e-05,,,,,67
