group_kind,group_id,model_key,method,planned_denominator,win,lose,exact_tie,technical,strict_success_full_denominator,query_complete,safe_override_queries,actual_rank_changed_queries,wrong_to_correct,correct_to_wrong,tie_to_correct,correct_to_tie,wrong_to_tie,tie_to_wrong,unchanged,analysis_status
block,b01,bm25,M0,4,0,2,2,0,0.0,0,0,0,0,0,0,0,0,0,4,DESCRIPTIVE_ONLY_NO_INFERENTIAL_STATISTICS
block,b01,bm25,M1,4,0,2,2,0,0.0,0,0,0,0,0,0,0,0,0,4,DESCRIPTIVE_ONLY_NO_INFERENTIAL_STATISTICS
block,b01,bm25,M2,4,0,2,2,0,0.0,0,0,0,0,0,0,0,0,0,4,DESCRIPTIVE_ONLY_NO_INFERENTIAL_STATISTICS
block,b02,bm25,M0,4,0,2,2,0,0.0,0,0,0,0,0,0,0,0,0,4,DESCRIPTIVE_ONLY_NO_INFERENTIAL_STATISTICS
block,b02,bm25,M1,4,0,2,2,0,0.0,0,0,0,0,0,0,0,0,0,4,DESCRIPTIVE_ONLY_NO_INFERENTIAL_STATISTICS
block,b02,bm25,M2,4,0,2,2,0,0.0,0,0,0,0,0,0,0,0,0,4,DESCRIPTIVE_ONLY_NO_INFERENTIAL_STATISTICS
block,b03,bm25,M0,4,0,2,2,0,0.0,0,0,0,0,0,0,0,0,0,4,DESCRIPTIVE_ONLY_NO_INFERENTIAL_STATISTICS
block,b03,bm25,M1,4,0,2,2,0,0.0,0,0,0,0,0,0,0,0,0,4,DESCRIPTIVE_ONLY_NO_INFERENTIAL_STATISTICS
block,b03,bm25,M2,4,0,2,2,0,0.0,0,0,0,0,0,0,0,0,0,4,DESCRIPTIVE_ONLY_NO_INFERENTIAL_STATISTICS
block,b04,bm25,M0,4,0,2,2,0,0.0,0,0,0,0,0,0,0,0,0,4,DESCRIPTIVE_ONLY_NO_INFERENTIAL_STATISTICS
block,b04,bm25,M1,4,0,2,2,0,0.0,0,0,0,0,0,0,0,0,0,4,DESCRIPTIVE_ONLY_NO_INFERENTIAL_STATISTICS
block,b04,bm25,M2,4,0,2,2,0,0.0,0,0,0,0,0,0,0,0,0,4,DESCRIPTIVE_ONLY_NO_INFERENTIAL_STATISTICS
block,b05,bm25,M0,4,0,2,2,0,0.0,0,0,0,0,0,0,0,0,0,4,DESCRIPTIVE_ONLY_NO_INFERENTIAL_STATISTICS
block,b05,bm25,M1,4,0,2,2,0,0.0,0,0,0,0,0,0,0,0,0,4,DESCRIPTIVE_ONLY_NO_INFERENTIAL_STATISTICS
block,b05,bm25,M2,4,0,2,2,0,0.0,0,0,0,0,0,0,0,0,0,4,DESCRIPTIVE_ONLY_NO_INFERENTIAL_STATISTICS
block,b06,bm25,M0,4,0,2,2,0,0.0,0,0,0,0,0,0,0,0,0,4,DESCRIPTIVE_ONLY_NO_INFERENTIAL_STATISTICS
block,b06,bm25,M1,4,0,2,2,0,0.0,0,0,0,0,0,0,0,0,0,4,DESCRIPTIVE_ONLY_NO_INFERENTIAL_STATISTICS
block,b06,bm25,M2,4,0,2,2,0,0.0,0,0,0,0,0,0,0,0,0,4,DESCRIPTIVE_ONLY_NO_INFERENTIAL_STATISTICS
block,b07,bm25,M0,4,0,2,2,0,0.0,0,0,0,0,0,0,0,0,0,4,DESCRIPTIVE_ONLY_NO_INFERENTIAL_STATISTICS
block,b07,bm25,M1,4,0,2,2,0,0.0,0,0,0,0,0,0,0,0,0,4,DESCRIPTIVE_ONLY_NO_INFERENTIAL_STATISTICS
block,b07,bm25,M2,4,0,2,2,0,0.0,0,0,0,0,0,0,0,0,0,4,DESCRIPTIVE_ONLY_NO_INFERENTIAL_STATISTICS
block,b08,bm25,M0,4,0,2,2,0,0.0,0,0,0,0,0,0,0,0,0,4,DESCRIPTIVE_ONLY_NO_INFERENTIAL_STATISTICS
block,b08,bm25,M1,4,0,2,2,0,0.0,0,0,0,0,0,0,0,0,0,4,DESCRIPTIVE_ONLY_NO_INFERENTIAL_STATISTICS
block,b08,bm25,M2,4,0,2,2,0,0.0,0,0,0,0,0,0,0,0,0,4,DESCRIPTIVE_ONLY_NO_INFERENTIAL_STATISTICS
template,t1_band,bm25,M0,8,0,4,4,0,0.0,0,0,0,0,0,0,0,0,0,8,DESCRIPTIVE_ONLY_NO_INFERENTIAL_STATISTICS
template,t1_band,bm25,M1,8,0,4,4,0,0.0,0,0,0,0,0,0,0,0,0,8,DESCRIPTIVE_ONLY_NO_INFERENTIAL_STATISTICS
template,t1_band,bm25,M2,8,0,4,4,0,0.0,0,0,0,0,0,0,0,0,0,8,DESCRIPTIVE_ONLY_NO_INFERENTIAL_STATISTICS
template,t2_qualification,bm25,M0,8,0,4,4,0,0.0,0,0,0,0,0,0,0,0,0,8,DESCRIPTIVE_ONLY_NO_INFERENTIAL_STATISTICS
template,t2_qualification,bm25,M1,8,0,4,4,0,0.0,0,0,0,0,0,0,0,0,0,8,DESCRIPTIVE_ONLY_NO_INFERENTIAL_STATISTICS
template,t2_qualification,bm25,M2,8,0,4,4,0,0.0,0,0,0,0,0,0,0,0,0,8,DESCRIPTIVE_ONLY_NO_INFERENTIAL_STATISTICS
template,t3_requirement,bm25,M0,8,0,4,4,0,0.0,0,0,0,0,0,0,0,0,0,8,DESCRIPTIVE_ONLY_NO_INFERENTIAL_STATISTICS
template,t3_requirement,bm25,M1,8,0,4,4,0,0.0,0,0,0,0,0,0,0,0,0,8,DESCRIPTIVE_ONLY_NO_INFERENTIAL_STATISTICS
template,t3_requirement,bm25,M2,8,0,4,4,0,0.0,0,0,0,0,0,0,0,0,0,8,DESCRIPTIVE_ONLY_NO_INFERENTIAL_STATISTICS
template,t4_endpoint_interval,bm25,M0,8,0,4,4,0,0.0,0,0,0,0,0,0,0,0,0,8,DESCRIPTIVE_ONLY_NO_INFERENTIAL_STATISTICS
template,t4_endpoint_interval,bm25,M1,8,0,4,4,0,0.0,0,0,0,0,0,0,0,0,0,8,DESCRIPTIVE_ONLY_NO_INFERENTIAL_STATISTICS
template,t4_endpoint_interval,bm25,M2,8,0,4,4,0,0.0,0,0,0,0,0,0,0,0,0,8,DESCRIPTIVE_ONLY_NO_INFERENTIAL_STATISTICS
leave_one_template_out,t1_band,bm25,M0,24,0,12,12,0,0.0,0,0,0,0,0,0,0,0,0,24,DESCRIPTIVE_ONLY_NO_INFERENTIAL_STATISTICS
leave_one_template_out,t1_band,bm25,M1,24,0,12,12,0,0.0,0,0,0,0,0,0,0,0,0,24,DESCRIPTIVE_ONLY_NO_INFERENTIAL_STATISTICS
leave_one_template_out,t1_band,bm25,M2,24,0,12,12,0,0.0,0,0,0,0,0,0,0,0,0,24,DESCRIPTIVE_ONLY_NO_INFERENTIAL_STATISTICS
leave_one_template_out,t2_qualification,bm25,M0,24,0,12,12,0,0.0,0,0,0,0,0,0,0,0,0,24,DESCRIPTIVE_ONLY_NO_INFERENTIAL_STATISTICS
leave_one_template_out,t2_qualification,bm25,M1,24,0,12,12,0,0.0,0,0,0,0,0,0,0,0,0,24,DESCRIPTIVE_ONLY_NO_INFERENTIAL_STATISTICS
leave_one_template_out,t2_qualification,bm25,M2,24,0,12,12,0,0.0,0,0,0,0,0,0,0,0,0,24,DESCRIPTIVE_ONLY_NO_INFERENTIAL_STATISTICS
leave_one_template_out,t3_requirement,bm25,M0,24,0,12,12,0,0.0,0,0,0,0,0,0,0,0,0,24,DESCRIPTIVE_ONLY_NO_INFERENTIAL_STATISTICS
leave_one_template_out,t3_requirement,bm25,M1,24,0,12,12,0,0.0,0,0,0,0,0,0,0,0,0,24,DESCRIPTIVE_ONLY_NO_INFERENTIAL_STATISTICS
leave_one_template_out,t3_requirement,bm25,M2,24,0,12,12,0,0.0,0,0,0,0,0,0,0,0,0,24,DESCRIPTIVE_ONLY_NO_INFERENTIAL_STATISTICS
leave_one_template_out,t4_endpoint_interval,bm25,M0,24,0,12,12,0,0.0,0,0,0,0,0,0,0,0,0,24,DESCRIPTIVE_ONLY_NO_INFERENTIAL_STATISTICS
leave_one_template_out,t4_endpoint_interval,bm25,M1,24,0,12,12,0,0.0,0,0,0,0,0,0,0,0,0,24,DESCRIPTIVE_ONLY_NO_INFERENTIAL_STATISTICS
leave_one_template_out,t4_endpoint_interval,bm25,M2,24,0,12,12,0,0.0,0,0,0,0,0,0,0,0,0,24,DESCRIPTIVE_ONLY_NO_INFERENTIAL_STATISTICS
block,b01,bge_small,M0,4,2,2,0,0,0.5,0,0,0,0,0,0,0,0,0,4,DESCRIPTIVE_ONLY_NO_INFERENTIAL_STATISTICS
block,b01,bge_small,M1,4,2,2,0,0,0.5,0,0,0,0,0,0,0,0,0,4,DESCRIPTIVE_ONLY_NO_INFERENTIAL_STATISTICS
block,b01,bge_small,M2,4,2,2,0,0,0.5,0,0,0,0,0,0,0,0,0,4,DESCRIPTIVE_ONLY_NO_INFERENTIAL_STATISTICS
block,b02,bge_small,M0,4,2,2,0,0,0.5,0,0,0,0,0,0,0,0,0,4,DESCRIPTIVE_ONLY_NO_INFERENTIAL_STATISTICS
block,b02,bge_small,M1,4,2,2,0,0,0.5,0,0,0,0,0,0,0,0,0,4,DESCRIPTIVE_ONLY_NO_INFERENTIAL_STATISTICS
block,b02,bge_small,M2,4,2,2,0,0,0.5,0,0,0,0,0,0,0,0,0,4,DESCRIPTIVE_ONLY_NO_INFERENTIAL_STATISTICS
block,b03,bge_small,M0,4,0,4,0,0,0.0,0,0,0,0,0,0,0,0,0,4,DESCRIPTIVE_ONLY_NO_INFERENTIAL_STATISTICS
block,b03,bge_small,M1,4,0,4,0,0,0.0,0,0,0,0,0,0,0,0,0,4,DESCRIPTIVE_ONLY_NO_INFERENTIAL_STATISTICS
block,b03,bge_small,M2,4,0,4,0,0,0.0,0,0,0,0,0,0,0,0,0,4,DESCRIPTIVE_ONLY_NO_INFERENTIAL_STATISTICS
block,b04,bge_small,M0,4,2,2,0,0,0.5,0,0,0,0,0,0,0,0,0,4,DESCRIPTIVE_ONLY_NO_INFERENTIAL_STATISTICS
block,b04,bge_small,M1,4,2,2,0,0,0.5,0,0,0,0,0,0,0,0,0,4,DESCRIPTIVE_ONLY_NO_INFERENTIAL_STATISTICS
block,b04,bge_small,M2,4,2,2,0,0,0.5,0,0,0,0,0,0,0,0,0,4,DESCRIPTIVE_ONLY_NO_INFERENTIAL_STATISTICS
block,b05,bge_small,M0,4,2,2,0,0,0.5,0,0,0,0,0,0,0,0,0,4,DESCRIPTIVE_ONLY_NO_INFERENTIAL_STATISTICS
block,b05,bge_small,M1,4,2,2,0,0,0.5,0,0,0,0,0,0,0,0,0,4,DESCRIPTIVE_ONLY_NO_INFERENTIAL_STATISTICS
block,b05,bge_small,M2,4,2,2,0,0,0.5,0,0,0,0,0,0,0,0,0,4,DESCRIPTIVE_ONLY_NO_INFERENTIAL_STATISTICS
block,b06,bge_small,M0,4,2,2,0,0,0.5,0,0,0,0,0,0,0,0,0,4,DESCRIPTIVE_ONLY_NO_INFERENTIAL_STATISTICS
block,b06,bge_small,M1,4,2,2,0,0,0.5,0,0,0,0,0,0,0,0,0,4,DESCRIPTIVE_ONLY_NO_INFERENTIAL_STATISTICS
block,b06,bge_small,M2,4,2,2,0,0,0.5,0,0,0,0,0,0,0,0,0,4,DESCRIPTIVE_ONLY_NO_INFERENTIAL_STATISTICS
block,b07,bge_small,M0,4,0,4,0,0,0.0,0,0,0,0,0,0,0,0,0,4,DESCRIPTIVE_ONLY_NO_INFERENTIAL_STATISTICS
block,b07,bge_small,M1,4,0,4,0,0,0.0,0,0,0,0,0,0,0,0,0,4,DESCRIPTIVE_ONLY_NO_INFERENTIAL_STATISTICS
block,b07,bge_small,M2,4,0,4,0,0,0.0,0,0,0,0,0,0,0,0,0,4,DESCRIPTIVE_ONLY_NO_INFERENTIAL_STATISTICS
block,b08,bge_small,M0,4,0,4,0,0,0.0,0,0,0,0,0,0,0,0,0,4,DESCRIPTIVE_ONLY_NO_INFERENTIAL_STATISTICS
block,b08,bge_small,M1,4,0,4,0,0,0.0,0,0,0,0,0,0,0,0,0,4,DESCRIPTIVE_ONLY_NO_INFERENTIAL_STATISTICS
block,b08,bge_small,M2,4,0,4,0,0,0.0,0,0,0,0,0,0,0,0,0,4,DESCRIPTIVE_ONLY_NO_INFERENTIAL_STATISTICS
template,t1_band,bge_small,M0,8,4,4,0,0,0.5,0,0,0,0,0,0,0,0,0,8,DESCRIPTIVE_ONLY_NO_INFERENTIAL_STATISTICS
template,t1_band,bge_small,M1,8,4,4,0,0,0.5,0,0,0,0,0,0,0,0,0,8,DESCRIPTIVE_ONLY_NO_INFERENTIAL_STATISTICS
template,t1_band,bge_small,M2,8,4,4,0,0,0.5,0,0,0,0,0,0,0,0,0,8,DESCRIPTIVE_ONLY_NO_INFERENTIAL_STATISTICS
template,t2_qualification,bge_small,M0,8,2,6,0,0,0.25,0,0,0,0,0,0,0,0,0,8,DESCRIPTIVE_ONLY_NO_INFERENTIAL_STATISTICS
template,t2_qualification,bge_small,M1,8,2,6,0,0,0.25,0,0,0,0,0,0,0,0,0,8,DESCRIPTIVE_ONLY_NO_INFERENTIAL_STATISTICS
template,t2_qualification,bge_small,M2,8,2,6,0,0,0.25,0,0,0,0,0,0,0,0,0,8,DESCRIPTIVE_ONLY_NO_INFERENTIAL_STATISTICS
template,t3_requirement,bge_small,M0,8,4,4,0,0,0.5,0,0,0,0,0,0,0,0,0,8,DESCRIPTIVE_ONLY_NO_INFERENTIAL_STATISTICS
template,t3_requirement,bge_small,M1,8,4,4,0,0,0.5,0,0,0,0,0,0,0,0,0,8,DESCRIPTIVE_ONLY_NO_INFERENTIAL_STATISTICS
template,t3_requirement,bge_small,M2,8,4,4,0,0,0.5,0,0,0,0,0,0,0,0,0,8,DESCRIPTIVE_ONLY_NO_INFERENTIAL_STATISTICS
template,t4_endpoint_interval,bge_small,M0,8,0,8,0,0,0.0,0,0,0,0,0,0,0,0,0,8,DESCRIPTIVE_ONLY_NO_INFERENTIAL_STATISTICS
template,t4_endpoint_interval,bge_small,M1,8,0,8,0,0,0.0,0,0,0,0,0,0,0,0,0,8,DESCRIPTIVE_ONLY_NO_INFERENTIAL_STATISTICS
template,t4_endpoint_interval,bge_small,M2,8,0,8,0,0,0.0,0,0,0,0,0,0,0,0,0,8,DESCRIPTIVE_ONLY_NO_INFERENTIAL_STATISTICS
leave_one_template_out,t1_band,bge_small,M0,24,6,18,0,0,0.25,0,0,0,0,0,0,0,0,0,24,DESCRIPTIVE_ONLY_NO_INFERENTIAL_STATISTICS
leave_one_template_out,t1_band,bge_small,M1,24,6,18,0,0,0.25,0,0,0,0,0,0,0,0,0,24,DESCRIPTIVE_ONLY_NO_INFERENTIAL_STATISTICS
leave_one_template_out,t1_band,bge_small,M2,24,6,18,0,0,0.25,0,0,0,0,0,0,0,0,0,24,DESCRIPTIVE_ONLY_NO_INFERENTIAL_STATISTICS
leave_one_template_out,t2_qualification,bge_small,M0,24,8,16,0,0,0.3333333333333333,0,0,0,0,0,0,0,0,0,24,DESCRIPTIVE_ONLY_NO_INFERENTIAL_STATISTICS
leave_one_template_out,t2_qualification,bge_small,M1,24,8,16,0,0,0.3333333333333333,0,0,0,0,0,0,0,0,0,24,DESCRIPTIVE_ONLY_NO_INFERENTIAL_STATISTICS
leave_one_template_out,t2_qualification,bge_small,M2,24,8,16,0,0,0.3333333333333333,0,0,0,0,0,0,0,0,0,24,DESCRIPTIVE_ONLY_NO_INFERENTIAL_STATISTICS
leave_one_template_out,t3_requirement,bge_small,M0,24,6,18,0,0,0.25,0,0,0,0,0,0,0,0,0,24,DESCRIPTIVE_ONLY_NO_INFERENTIAL_STATISTICS
leave_one_template_out,t3_requirement,bge_small,M1,24,6,18,0,0,0.25,0,0,0,0,0,0,0,0,0,24,DESCRIPTIVE_ONLY_NO_INFERENTIAL_STATISTICS
leave_one_template_out,t3_requirement,bge_small,M2,24,6,18,0,0,0.25,0,0,0,0,0,0,0,0,0,24,DESCRIPTIVE_ONLY_NO_INFERENTIAL_STATISTICS
leave_one_template_out,t4_endpoint_interval,bge_small,M0,24,10,14,0,0,0.4166666666666667,0,0,0,0,0,0,0,0,0,24,DESCRIPTIVE_ONLY_NO_INFERENTIAL_STATISTICS
leave_one_template_out,t4_endpoint_interval,bge_small,M1,24,10,14,0,0,0.4166666666666667,0,0,0,0,0,0,0,0,0,24,DESCRIPTIVE_ONLY_NO_INFERENTIAL_STATISTICS
leave_one_template_out,t4_endpoint_interval,bge_small,M2,24,10,14,0,0,0.4166666666666667,0,0,0,0,0,0,0,0,0,24,DESCRIPTIVE_ONLY_NO_INFERENTIAL_STATISTICS
block,b01,e5_small,M0,4,2,2,0,0,0.5,0,0,0,0,0,0,0,0,0,4,DESCRIPTIVE_ONLY_NO_INFERENTIAL_STATISTICS
block,b01,e5_small,M1,4,2,2,0,0,0.5,0,0,0,0,0,0,0,0,0,4,DESCRIPTIVE_ONLY_NO_INFERENTIAL_STATISTICS
block,b01,e5_small,M2,4,2,2,0,0,0.5,0,0,0,0,0,0,0,0,0,4,DESCRIPTIVE_ONLY_NO_INFERENTIAL_STATISTICS
block,b02,e5_small,M0,4,2,2,0,0,0.5,0,0,0,0,0,0,0,0,0,4,DESCRIPTIVE_ONLY_NO_INFERENTIAL_STATISTICS
block,b02,e5_small,M1,4,2,2,0,0,0.5,0,0,0,0,0,0,0,0,0,4,DESCRIPTIVE_ONLY_NO_INFERENTIAL_STATISTICS
block,b02,e5_small,M2,4,2,2,0,0,0.5,0,0,0,0,0,0,0,0,0,4,DESCRIPTIVE_ONLY_NO_INFERENTIAL_STATISTICS
block,b03,e5_small,M0,4,2,2,0,0,0.5,0,0,0,0,0,0,0,0,0,4,DESCRIPTIVE_ONLY_NO_INFERENTIAL_STATISTICS
block,b03,e5_small,M1,4,2,2,0,0,0.5,0,0,0,0,0,0,0,0,0,4,DESCRIPTIVE_ONLY_NO_INFERENTIAL_STATISTICS
block,b03,e5_small,M2,4,2,2,0,0,0.5,0,0,0,0,0,0,0,0,0,4,DESCRIPTIVE_ONLY_NO_INFERENTIAL_STATISTICS
block,b04,e5_small,M0,4,2,2,0,0,0.5,0,0,0,0,0,0,0,0,0,4,DESCRIPTIVE_ONLY_NO_INFERENTIAL_STATISTICS
block,b04,e5_small,M1,4,2,2,0,0,0.5,0,0,0,0,0,0,0,0,0,4,DESCRIPTIVE_ONLY_NO_INFERENTIAL_STATISTICS
block,b04,e5_small,M2,4,2,2,0,0,0.5,0,0,0,0,0,0,0,0,0,4,DESCRIPTIVE_ONLY_NO_INFERENTIAL_STATISTICS
block,b05,e5_small,M0,4,0,4,0,0,0.0,0,0,0,0,0,0,0,0,0,4,DESCRIPTIVE_ONLY_NO_INFERENTIAL_STATISTICS
block,b05,e5_small,M1,4,0,4,0,0,0.0,0,0,0,0,0,0,0,0,0,4,DESCRIPTIVE_ONLY_NO_INFERENTIAL_STATISTICS
block,b05,e5_small,M2,4,0,4,0,0,0.0,0,0,0,0,0,0,0,0,0,4,DESCRIPTIVE_ONLY_NO_INFERENTIAL_STATISTICS
block,b06,e5_small,M0,4,0,4,0,0,0.0,0,0,0,0,0,0,0,0,0,4,DESCRIPTIVE_ONLY_NO_INFERENTIAL_STATISTICS
block,b06,e5_small,M1,4,0,4,0,0,0.0,0,0,0,0,0,0,0,0,0,4,DESCRIPTIVE_ONLY_NO_INFERENTIAL_STATISTICS
block,b06,e5_small,M2,4,0,4,0,0,0.0,0,0,0,0,0,0,0,0,0,4,DESCRIPTIVE_ONLY_NO_INFERENTIAL_STATISTICS
block,b07,e5_small,M0,4,0,4,0,0,0.0,0,0,0,0,0,0,0,0,0,4,DESCRIPTIVE_ONLY_NO_INFERENTIAL_STATISTICS
block,b07,e5_small,M1,4,0,4,0,0,0.0,0,0,0,0,0,0,0,0,0,4,DESCRIPTIVE_ONLY_NO_INFERENTIAL_STATISTICS
block,b07,e5_small,M2,4,0,4,0,0,0.0,0,0,0,0,0,0,0,0,0,4,DESCRIPTIVE_ONLY_NO_INFERENTIAL_STATISTICS
block,b08,e5_small,M0,4,1,3,0,0,0.25,0,0,0,0,0,0,0,0,0,4,DESCRIPTIVE_ONLY_NO_INFERENTIAL_STATISTICS
block,b08,e5_small,M1,4,1,3,0,0,0.25,0,0,0,0,0,0,0,0,0,4,DESCRIPTIVE_ONLY_NO_INFERENTIAL_STATISTICS
block,b08,e5_small,M2,4,1,3,0,0,0.25,0,0,0,0,0,0,0,0,0,4,DESCRIPTIVE_ONLY_NO_INFERENTIAL_STATISTICS
template,t1_band,e5_small,M0,8,4,4,0,0,0.5,0,0,0,0,0,0,0,0,0,8,DESCRIPTIVE_ONLY_NO_INFERENTIAL_STATISTICS
template,t1_band,e5_small,M1,8,4,4,0,0,0.5,0,0,0,0,0,0,0,0,0,8,DESCRIPTIVE_ONLY_NO_INFERENTIAL_STATISTICS
template,t1_band,e5_small,M2,8,4,4,0,0,0.5,0,0,0,0,0,0,0,0,0,8,DESCRIPTIVE_ONLY_NO_INFERENTIAL_STATISTICS
template,t2_qualification,e5_small,M0,8,4,4,0,0,0.5,0,0,0,0,0,0,0,0,0,8,DESCRIPTIVE_ONLY_NO_INFERENTIAL_STATISTICS
template,t2_qualification,e5_small,M1,8,4,4,0,0,0.5,0,0,0,0,0,0,0,0,0,8,DESCRIPTIVE_ONLY_NO_INFERENTIAL_STATISTICS
template,t2_qualification,e5_small,M2,8,4,4,0,0,0.5,0,0,0,0,0,0,0,0,0,8,DESCRIPTIVE_ONLY_NO_INFERENTIAL_STATISTICS
template,t3_requirement,e5_small,M0,8,0,8,0,0,0.0,0,0,0,0,0,0,0,0,0,8,DESCRIPTIVE_ONLY_NO_INFERENTIAL_STATISTICS
template,t3_requirement,e5_small,M1,8,0,8,0,0,0.0,0,0,0,0,0,0,0,0,0,8,DESCRIPTIVE_ONLY_NO_INFERENTIAL_STATISTICS
template,t3_requirement,e5_small,M2,8,0,8,0,0,0.0,0,0,0,0,0,0,0,0,0,8,DESCRIPTIVE_ONLY_NO_INFERENTIAL_STATISTICS
template,t4_endpoint_interval,e5_small,M0,8,1,7,0,0,0.125,0,0,0,0,0,0,0,0,0,8,DESCRIPTIVE_ONLY_NO_INFERENTIAL_STATISTICS
template,t4_endpoint_interval,e5_small,M1,8,1,7,0,0,0.125,0,0,0,0,0,0,0,0,0,8,DESCRIPTIVE_ONLY_NO_INFERENTIAL_STATISTICS
template,t4_endpoint_interval,e5_small,M2,8,1,7,0,0,0.125,0,0,0,0,0,0,0,0,0,8,DESCRIPTIVE_ONLY_NO_INFERENTIAL_STATISTICS
leave_one_template_out,t1_band,e5_small,M0,24,5,19,0,0,0.20833333333333334,0,0,0,0,0,0,0,0,0,24,DESCRIPTIVE_ONLY_NO_INFERENTIAL_STATISTICS
leave_one_template_out,t1_band,e5_small,M1,24,5,19,0,0,0.20833333333333334,0,0,0,0,0,0,0,0,0,24,DESCRIPTIVE_ONLY_NO_INFERENTIAL_STATISTICS
leave_one_template_out,t1_band,e5_small,M2,24,5,19,0,0,0.20833333333333334,0,0,0,0,0,0,0,0,0,24,DESCRIPTIVE_ONLY_NO_INFERENTIAL_STATISTICS
leave_one_template_out,t2_qualification,e5_small,M0,24,5,19,0,0,0.20833333333333334,0,0,0,0,0,0,0,0,0,24,DESCRIPTIVE_ONLY_NO_INFERENTIAL_STATISTICS
leave_one_template_out,t2_qualification,e5_small,M1,24,5,19,0,0,0.20833333333333334,0,0,0,0,0,0,0,0,0,24,DESCRIPTIVE_ONLY_NO_INFERENTIAL_STATISTICS
leave_one_template_out,t2_qualification,e5_small,M2,24,5,19,0,0,0.20833333333333334,0,0,0,0,0,0,0,0,0,24,DESCRIPTIVE_ONLY_NO_INFERENTIAL_STATISTICS
leave_one_template_out,t3_requirement,e5_small,M0,24,9,15,0,0,0.375,0,0,0,0,0,0,0,0,0,24,DESCRIPTIVE_ONLY_NO_INFERENTIAL_STATISTICS
leave_one_template_out,t3_requirement,e5_small,M1,24,9,15,0,0,0.375,0,0,0,0,0,0,0,0,0,24,DESCRIPTIVE_ONLY_NO_INFERENTIAL_STATISTICS
leave_one_template_out,t3_requirement,e5_small,M2,24,9,15,0,0,0.375,0,0,0,0,0,0,0,0,0,24,DESCRIPTIVE_ONLY_NO_INFERENTIAL_STATISTICS
leave_one_template_out,t4_endpoint_interval,e5_small,M0,24,8,16,0,0,0.3333333333333333,0,0,0,0,0,0,0,0,0,24,DESCRIPTIVE_ONLY_NO_INFERENTIAL_STATISTICS
leave_one_template_out,t4_endpoint_interval,e5_small,M1,24,8,16,0,0,0.3333333333333333,0,0,0,0,0,0,0,0,0,24,DESCRIPTIVE_ONLY_NO_INFERENTIAL_STATISTICS
leave_one_template_out,t4_endpoint_interval,e5_small,M2,24,8,16,0,0,0.3333333333333333,0,0,0,0,0,0,0,0,0,24,DESCRIPTIVE_ONLY_NO_INFERENTIAL_STATISTICS
block,b01,minilm_ce,M0,4,0,4,0,0,0.0,0,0,0,0,0,0,0,0,0,4,DESCRIPTIVE_ONLY_NO_INFERENTIAL_STATISTICS
block,b01,minilm_ce,M1,4,0,4,0,0,0.0,0,0,0,0,0,0,0,0,0,4,DESCRIPTIVE_ONLY_NO_INFERENTIAL_STATISTICS
block,b01,minilm_ce,M2,4,0,4,0,0,0.0,0,0,0,0,0,0,0,0,0,4,DESCRIPTIVE_ONLY_NO_INFERENTIAL_STATISTICS
block,b02,minilm_ce,M0,4,0,4,0,0,0.0,0,0,0,0,0,0,0,0,0,4,DESCRIPTIVE_ONLY_NO_INFERENTIAL_STATISTICS
block,b02,minilm_ce,M1,4,0,4,0,0,0.0,0,0,0,0,0,0,0,0,0,4,DESCRIPTIVE_ONLY_NO_INFERENTIAL_STATISTICS
block,b02,minilm_ce,M2,4,0,4,0,0,0.0,0,0,0,0,0,0,0,0,0,4,DESCRIPTIVE_ONLY_NO_INFERENTIAL_STATISTICS
block,b03,minilm_ce,M0,4,1,3,0,0,0.25,0,0,0,0,0,0,0,0,0,4,DESCRIPTIVE_ONLY_NO_INFERENTIAL_STATISTICS
block,b03,minilm_ce,M1,4,1,3,0,0,0.25,0,0,0,0,0,0,0,0,0,4,DESCRIPTIVE_ONLY_NO_INFERENTIAL_STATISTICS
block,b03,minilm_ce,M2,4,1,3,0,0,0.25,0,0,0,0,0,0,0,0,0,4,DESCRIPTIVE_ONLY_NO_INFERENTIAL_STATISTICS
block,b04,minilm_ce,M0,4,1,3,0,0,0.25,0,0,0,0,0,0,0,0,0,4,DESCRIPTIVE_ONLY_NO_INFERENTIAL_STATISTICS
block,b04,minilm_ce,M1,4,1,3,0,0,0.25,0,0,0,0,0,0,0,0,0,4,DESCRIPTIVE_ONLY_NO_INFERENTIAL_STATISTICS
block,b04,minilm_ce,M2,4,1,3,0,0,0.25,0,0,0,0,0,0,0,0,0,4,DESCRIPTIVE_ONLY_NO_INFERENTIAL_STATISTICS
block,b05,minilm_ce,M0,4,0,4,0,0,0.0,0,0,0,0,0,0,0,0,0,4,DESCRIPTIVE_ONLY_NO_INFERENTIAL_STATISTICS
block,b05,minilm_ce,M1,4,0,4,0,0,0.0,0,0,0,0,0,0,0,0,0,4,DESCRIPTIVE_ONLY_NO_INFERENTIAL_STATISTICS
block,b05,minilm_ce,M2,4,0,4,0,0,0.0,0,0,0,0,0,0,0,0,0,4,DESCRIPTIVE_ONLY_NO_INFERENTIAL_STATISTICS
block,b06,minilm_ce,M0,4,2,2,0,0,0.5,0,0,0,0,0,0,0,0,0,4,DESCRIPTIVE_ONLY_NO_INFERENTIAL_STATISTICS
block,b06,minilm_ce,M1,4,2,2,0,0,0.5,0,0,0,0,0,0,0,0,0,4,DESCRIPTIVE_ONLY_NO_INFERENTIAL_STATISTICS
block,b06,minilm_ce,M2,4,2,2,0,0,0.5,0,0,0,0,0,0,0,0,0,4,DESCRIPTIVE_ONLY_NO_INFERENTIAL_STATISTICS
block,b07,minilm_ce,M0,4,0,4,0,0,0.0,0,0,0,0,0,0,0,0,0,4,DESCRIPTIVE_ONLY_NO_INFERENTIAL_STATISTICS
block,b07,minilm_ce,M1,4,0,4,0,0,0.0,0,0,0,0,0,0,0,0,0,4,DESCRIPTIVE_ONLY_NO_INFERENTIAL_STATISTICS
block,b07,minilm_ce,M2,4,0,4,0,0,0.0,0,0,0,0,0,0,0,0,0,4,DESCRIPTIVE_ONLY_NO_INFERENTIAL_STATISTICS
block,b08,minilm_ce,M0,4,2,2,0,0,0.5,0,0,0,0,0,0,0,0,0,4,DESCRIPTIVE_ONLY_NO_INFERENTIAL_STATISTICS
block,b08,minilm_ce,M1,4,2,2,0,0,0.5,0,0,0,0,0,0,0,0,0,4,DESCRIPTIVE_ONLY_NO_INFERENTIAL_STATISTICS
block,b08,minilm_ce,M2,4,2,2,0,0,0.5,0,0,0,0,0,0,0,0,0,4,DESCRIPTIVE_ONLY_NO_INFERENTIAL_STATISTICS
template,t1_band,minilm_ce,M0,8,0,8,0,0,0.0,0,0,0,0,0,0,0,0,0,8,DESCRIPTIVE_ONLY_NO_INFERENTIAL_STATISTICS
template,t1_band,minilm_ce,M1,8,0,8,0,0,0.0,0,0,0,0,0,0,0,0,0,8,DESCRIPTIVE_ONLY_NO_INFERENTIAL_STATISTICS
template,t1_band,minilm_ce,M2,8,0,8,0,0,0.0,0,0,0,0,0,0,0,0,0,8,DESCRIPTIVE_ONLY_NO_INFERENTIAL_STATISTICS
template,t2_qualification,minilm_ce,M0,8,2,6,0,0,0.25,0,0,0,0,0,0,0,0,0,8,DESCRIPTIVE_ONLY_NO_INFERENTIAL_STATISTICS
template,t2_qualification,minilm_ce,M1,8,2,6,0,0,0.25,0,0,0,0,0,0,0,0,0,8,DESCRIPTIVE_ONLY_NO_INFERENTIAL_STATISTICS
template,t2_qualification,minilm_ce,M2,8,2,6,0,0,0.25,0,0,0,0,0,0,0,0,0,8,DESCRIPTIVE_ONLY_NO_INFERENTIAL_STATISTICS
template,t3_requirement,minilm_ce,M0,8,2,6,0,0,0.25,0,0,0,0,0,0,0,0,0,8,DESCRIPTIVE_ONLY_NO_INFERENTIAL_STATISTICS
template,t3_requirement,minilm_ce,M1,8,2,6,0,0,0.25,0,0,0,0,0,0,0,0,0,8,DESCRIPTIVE_ONLY_NO_INFERENTIAL_STATISTICS
template,t3_requirement,minilm_ce,M2,8,2,6,0,0,0.25,0,0,0,0,0,0,0,0,0,8,DESCRIPTIVE_ONLY_NO_INFERENTIAL_STATISTICS
template,t4_endpoint_interval,minilm_ce,M0,8,2,6,0,0,0.25,0,0,0,0,0,0,0,0,0,8,DESCRIPTIVE_ONLY_NO_INFERENTIAL_STATISTICS
template,t4_endpoint_interval,minilm_ce,M1,8,2,6,0,0,0.25,0,0,0,0,0,0,0,0,0,8,DESCRIPTIVE_ONLY_NO_INFERENTIAL_STATISTICS
template,t4_endpoint_interval,minilm_ce,M2,8,2,6,0,0,0.25,0,0,0,0,0,0,0,0,0,8,DESCRIPTIVE_ONLY_NO_INFERENTIAL_STATISTICS
leave_one_template_out,t1_band,minilm_ce,M0,24,6,18,0,0,0.25,0,0,0,0,0,0,0,0,0,24,DESCRIPTIVE_ONLY_NO_INFERENTIAL_STATISTICS
leave_one_template_out,t1_band,minilm_ce,M1,24,6,18,0,0,0.25,0,0,0,0,0,0,0,0,0,24,DESCRIPTIVE_ONLY_NO_INFERENTIAL_STATISTICS
leave_one_template_out,t1_band,minilm_ce,M2,24,6,18,0,0,0.25,0,0,0,0,0,0,0,0,0,24,DESCRIPTIVE_ONLY_NO_INFERENTIAL_STATISTICS
leave_one_template_out,t2_qualification,minilm_ce,M0,24,4,20,0,0,0.16666666666666666,0,0,0,0,0,0,0,0,0,24,DESCRIPTIVE_ONLY_NO_INFERENTIAL_STATISTICS
leave_one_template_out,t2_qualification,minilm_ce,M1,24,4,20,0,0,0.16666666666666666,0,0,0,0,0,0,0,0,0,24,DESCRIPTIVE_ONLY_NO_INFERENTIAL_STATISTICS
leave_one_template_out,t2_qualification,minilm_ce,M2,24,4,20,0,0,0.16666666666666666,0,0,0,0,0,0,0,0,0,24,DESCRIPTIVE_ONLY_NO_INFERENTIAL_STATISTICS
leave_one_template_out,t3_requirement,minilm_ce,M0,24,4,20,0,0,0.16666666666666666,0,0,0,0,0,0,0,0,0,24,DESCRIPTIVE_ONLY_NO_INFERENTIAL_STATISTICS
leave_one_template_out,t3_requirement,minilm_ce,M1,24,4,20,0,0,0.16666666666666666,0,0,0,0,0,0,0,0,0,24,DESCRIPTIVE_ONLY_NO_INFERENTIAL_STATISTICS
leave_one_template_out,t3_requirement,minilm_ce,M2,24,4,20,0,0,0.16666666666666666,0,0,0,0,0,0,0,0,0,24,DESCRIPTIVE_ONLY_NO_INFERENTIAL_STATISTICS
leave_one_template_out,t4_endpoint_interval,minilm_ce,M0,24,4,20,0,0,0.16666666666666666,0,0,0,0,0,0,0,0,0,24,DESCRIPTIVE_ONLY_NO_INFERENTIAL_STATISTICS
leave_one_template_out,t4_endpoint_interval,minilm_ce,M1,24,4,20,0,0,0.16666666666666666,0,0,0,0,0,0,0,0,0,24,DESCRIPTIVE_ONLY_NO_INFERENTIAL_STATISTICS
leave_one_template_out,t4_endpoint_interval,minilm_ce,M2,24,4,20,0,0,0.16666666666666666,0,0,0,0,0,0,0,0,0,24,DESCRIPTIVE_ONLY_NO_INFERENTIAL_STATISTICS
