model_key,condition,method,planned_denominator,win,lose,exact_tie,technical,valid_count,strict_success_full_denominator,near_tie_1e6,near_tie_1e5,raw_margin_mean,raw_margin_median,original_M0_margin_mean,query_complete,candidate_attribute_value_complete,UNKNOWN_queries,safe_override_queries,actual_rank_changed_queries,parsed_subset_denominator,parsed_subset_win,parsed_subset_success,order_effect_queries
bm25,LITERAL,M0,16,0,16,0,0,16,0.0,0,0,-3.3362580385731633,-3.3833655738757784,-3.3362580385731633,0,0,16,0,0,0,0,NA,0
bm25,RESOLVED,M0,16,0,0,16,0,16,0.0,16,16,0.0,0.0,0.0,0,0,16,0,0,0,0,NA,0
bm25,LITERAL,M1,16,0,16,0,0,16,0.0,0,0,-3.3362580385731633,-3.3833655738757784,-3.3362580385731633,0,0,16,0,0,0,0,NA,0
bm25,RESOLVED,M1,16,0,0,16,0,16,0.0,16,16,0.0,0.0,0.0,0,0,16,0,0,0,0,NA,0
bm25,LITERAL,M2,16,0,16,0,0,16,0.0,NA,NA,NA_NO_SAME_SCALE_M2_MARGIN,NA_NO_SAME_SCALE_M2_MARGIN,-3.3362580385731633,0,0,16,0,0,0,0,NA,0
bm25,RESOLVED,M2,16,0,0,16,0,16,0.0,NA,NA,NA_NO_SAME_SCALE_M2_MARGIN,NA_NO_SAME_SCALE_M2_MARGIN,0.0,0,0,16,0,0,0,0,NA,0
bge_small,LITERAL,M0,16,0,16,0,0,16,0.0,0,0,-0.04822318255901337,-0.042175859212875366,-0.04822318255901337,0,0,16,0,0,0,0,NA,0
bge_small,RESOLVED,M0,16,10,6,0,0,16,0.625,0,0,0.0037412047386169434,0.012681812047958374,0.0037412047386169434,0,0,16,0,0,0,0,NA,0
bge_small,LITERAL,M1,16,0,16,0,0,16,0.0,0,0,-0.04822318255901337,-0.042175859212875366,-0.04822318255901337,0,0,16,0,0,0,0,NA,0
bge_small,RESOLVED,M1,16,10,6,0,0,16,0.625,0,0,0.0037412047386169434,0.012681812047958374,0.0037412047386169434,0,0,16,0,0,0,0,NA,0
bge_small,LITERAL,M2,16,0,16,0,0,16,0.0,NA,NA,NA_NO_SAME_SCALE_M2_MARGIN,NA_NO_SAME_SCALE_M2_MARGIN,-0.04822318255901337,0,0,16,0,0,0,0,NA,0
bge_small,RESOLVED,M2,16,10,6,0,0,16,0.625,NA,NA,NA_NO_SAME_SCALE_M2_MARGIN,NA_NO_SAME_SCALE_M2_MARGIN,0.0037412047386169434,0,0,16,0,0,0,0,NA,0
e5_small,LITERAL,M0,16,0,16,0,0,16,0.0,0,0,-0.017956674098968506,-0.018065690994262695,-0.017956674098968506,0,0,16,0,0,0,0,NA,0
e5_small,RESOLVED,M0,16,9,7,0,0,16,0.5625,0,0,-0.0032359138131141663,0.00048229098320007324,-0.0032359138131141663,0,0,16,0,0,0,0,NA,0
e5_small,LITERAL,M1,16,0,16,0,0,16,0.0,0,0,-0.017956674098968506,-0.018065690994262695,-0.017956674098968506,0,0,16,0,0,0,0,NA,0
e5_small,RESOLVED,M1,16,9,7,0,0,16,0.5625,0,0,-0.0032359138131141663,0.00048229098320007324,-0.0032359138131141663,0,0,16,0,0,0,0,NA,0
e5_small,LITERAL,M2,16,0,16,0,0,16,0.0,NA,NA,NA_NO_SAME_SCALE_M2_MARGIN,NA_NO_SAME_SCALE_M2_MARGIN,-0.017956674098968506,0,0,16,0,0,0,0,NA,0
e5_small,RESOLVED,M2,16,9,7,0,0,16,0.5625,NA,NA,NA_NO_SAME_SCALE_M2_MARGIN,NA_NO_SAME_SCALE_M2_MARGIN,-0.0032359138131141663,0,0,16,0,0,0,0,NA,0
minilm_ce,LITERAL,M0,16,0,16,0,0,16,0.0,0,0,-0.838466465473175,-0.8668950796127319,-0.838466465473175,0,0,16,0,0,0,0,NA,0
minilm_ce,RESOLVED,M0,16,6,10,0,0,16,0.375,0,0,-0.11475422978401184,-0.07768011093139648,-0.11475422978401184,0,0,16,0,0,0,0,NA,0
minilm_ce,LITERAL,M1,16,0,16,0,0,16,0.0,0,0,-0.838466465473175,-0.8668950796127319,-0.838466465473175,0,0,16,0,0,0,0,NA,0
minilm_ce,RESOLVED,M1,16,6,10,0,0,16,0.375,0,0,-0.11475422978401184,-0.07768011093139648,-0.11475422978401184,0,0,16,0,0,0,0,NA,0
minilm_ce,LITERAL,M2,16,0,16,0,0,16,0.0,NA,NA,NA_NO_SAME_SCALE_M2_MARGIN,NA_NO_SAME_SCALE_M2_MARGIN,-0.838466465473175,0,0,16,0,0,0,0,NA,0
minilm_ce,RESOLVED,M2,16,6,10,0,0,16,0.375,NA,NA,NA_NO_SAME_SCALE_M2_MARGIN,NA_NO_SAME_SCALE_M2_MARGIN,-0.11475422978401184,0,0,16,0,0,0,0,NA,0
