record_kind,model_key,query_id,block_id,template_id,condition,wording,planned_group_denominator,M0_outcome,M1_outcome,M2_outcome,M0_orientation_choices,M1_orientation_choices,M2_orientation_choices,M1_transition,M2_transition,M1_harm,M2_harm,M0_original_correct_harm_denominator,query_complete,document_parse_complete,candidate_attribute_value_complete,UNKNOWN_count,safe_override,actual_rank_changed,original_M0_raw_margin,M2_raw_margin,M1_action,M1_constraints_preserved,M1_independent_constraint_match,query_constraint_independent_match,known_candidate_status_errors,unverified_known_statuses,wrong_override,spans_grounded_in_visible_text,independent_candidate_statuses,M2_reasons,numeric_value_independent_ground_truth_available,probe_id,probe_type,method,expected_action,actual_action,preserve_base_order_and_tie,mistaken_activation,constraints_preserved,expected_satisfaction_metadata,actual_orientation_choices,reason,gold_accuracy
main,bm25,n001,b01,t1_band,LITERAL,0,32,LOSE,LOSE,LOSE,"[1,1]","[1,1]","[1,1]",unchanged,unchanged,False,False,NA,False,True,False,2,False,False,-3.254598092472323,NA_NO_SAME_SCALE_M2_MARGIN,ABSTAIN_REWRITE,True,NA_UNPARSED_OR_INDEPENDENT_UNKNOWN,NA_UNPARSED_OR_INDEPENDENT_UNKNOWN,0,0,False,True,"[""SATISFIES"",""VIOLATES""]","[""NO_SAFE_OVERRIDE"",""NO_SAFE_OVERRIDE""]",False,,,,,,,,,,,,
main,bm25,n002,b01,t1_band,LITERAL,1,32,LOSE,LOSE,LOSE,"[1,1]","[1,1]","[1,1]",unchanged,unchanged,False,False,NA,False,True,False,2,False,False,-3.254598092472323,NA_NO_SAME_SCALE_M2_MARGIN,ABSTAIN_REWRITE,True,NA_UNPARSED_OR_INDEPENDENT_UNKNOWN,NA_UNPARSED_OR_INDEPENDENT_UNKNOWN,0,0,False,True,"[""SATISFIES"",""VIOLATES""]","[""NO_SAFE_OVERRIDE"",""NO_SAFE_OVERRIDE""]",False,,,,,,,,,,,,
main,bm25,n003,b01,t1_band,RESOLVED,0,32,TIE,TIE,TIE,"[""TIE"",""TIE""]","[""TIE"",""TIE""]","[""TIE"",""TIE""]",unchanged,unchanged,False,False,NA,False,True,False,2,False,False,0.0,NA_NO_SAME_SCALE_M2_MARGIN,ABSTAIN_REWRITE,True,NA_UNPARSED_OR_INDEPENDENT_UNKNOWN,NA_UNPARSED_OR_INDEPENDENT_UNKNOWN,0,0,False,True,"[""SATISFIES"",""VIOLATES""]","[""NO_SAFE_OVERRIDE"",""NO_SAFE_OVERRIDE""]",False,,,,,,,,,,,,
main,bm25,n004,b01,t1_band,RESOLVED,1,32,TIE,TIE,TIE,"[""TIE"",""TIE""]","[""TIE"",""TIE""]","[""TIE"",""TIE""]",unchanged,unchanged,False,False,NA,False,True,False,2,False,False,0.0,NA_NO_SAME_SCALE_M2_MARGIN,ABSTAIN_REWRITE,True,NA_UNPARSED_OR_INDEPENDENT_UNKNOWN,NA_UNPARSED_OR_INDEPENDENT_UNKNOWN,0,0,False,True,"[""SATISFIES"",""VIOLATES""]","[""NO_SAFE_OVERRIDE"",""NO_SAFE_OVERRIDE""]",False,,,,,,,,,,,,
main,bm25,n005,b02,t1_band,LITERAL,0,32,LOSE,LOSE,LOSE,"[0,0]","[0,0]","[0,0]",unchanged,unchanged,False,False,NA,False,True,False,2,False,False,-3.3833655738757784,NA_NO_SAME_SCALE_M2_MARGIN,ABSTAIN_REWRITE,True,NA_UNPARSED_OR_INDEPENDENT_UNKNOWN,NA_UNPARSED_OR_INDEPENDENT_UNKNOWN,0,0,False,True,"[""VIOLATES"",""SATISFIES""]","[""NO_SAFE_OVERRIDE"",""NO_SAFE_OVERRIDE""]",False,,,,,,,,,,,,
main,bm25,n006,b02,t1_band,LITERAL,1,32,LOSE,LOSE,LOSE,"[0,0]","[0,0]","[0,0]",unchanged,unchanged,False,False,NA,False,True,False,2,False,False,-3.3833655738757784,NA_NO_SAME_SCALE_M2_MARGIN,ABSTAIN_REWRITE,True,NA_UNPARSED_OR_INDEPENDENT_UNKNOWN,NA_UNPARSED_OR_INDEPENDENT_UNKNOWN,0,0,False,True,"[""VIOLATES"",""SATISFIES""]","[""NO_SAFE_OVERRIDE"",""NO_SAFE_OVERRIDE""]",False,,,,,,,,,,,,
main,bm25,n007,b02,t1_band,RESOLVED,0,32,TIE,TIE,TIE,"[""TIE"",""TIE""]","[""TIE"",""TIE""]","[""TIE"",""TIE""]",unchanged,unchanged,False,False,NA,False,True,False,2,False,False,0.0,NA_NO_SAME_SCALE_M2_MARGIN,ABSTAIN_REWRITE,True,NA_UNPARSED_OR_INDEPENDENT_UNKNOWN,NA_UNPARSED_OR_INDEPENDENT_UNKNOWN,0,0,False,True,"[""VIOLATES"",""SATISFIES""]","[""NO_SAFE_OVERRIDE"",""NO_SAFE_OVERRIDE""]",False,,,,,,,,,,,,
main,bm25,n008,b02,t1_band,RESOLVED,1,32,TIE,TIE,TIE,"[""TIE"",""TIE""]","[""TIE"",""TIE""]","[""TIE"",""TIE""]",unchanged,unchanged,False,False,NA,False,True,False,2,False,False,0.0,NA_NO_SAME_SCALE_M2_MARGIN,ABSTAIN_REWRITE,True,NA_UNPARSED_OR_INDEPENDENT_UNKNOWN,NA_UNPARSED_OR_INDEPENDENT_UNKNOWN,0,0,False,True,"[""VIOLATES"",""SATISFIES""]","[""NO_SAFE_OVERRIDE"",""NO_SAFE_OVERRIDE""]",False,,,,,,,,,,,,
main,bm25,n009,b03,t2_qualification,LITERAL,0,32,LOSE,LOSE,LOSE,"[0,0]","[0,0]","[0,0]",unchanged,unchanged,False,False,NA,False,True,False,2,False,False,-3.3833655738757784,NA_NO_SAME_SCALE_M2_MARGIN,ABSTAIN_REWRITE,True,NA_UNPARSED_OR_INDEPENDENT_UNKNOWN,NA_UNPARSED_OR_INDEPENDENT_UNKNOWN,0,0,False,True,"[""VIOLATES"",""SATISFIES""]","[""NO_SAFE_OVERRIDE"",""NO_SAFE_OVERRIDE""]",False,,,,,,,,,,,,
main,bm25,n010,b03,t2_qualification,LITERAL,1,32,LOSE,LOSE,LOSE,"[0,0]","[0,0]","[0,0]",unchanged,unchanged,False,False,NA,False,True,False,2,False,False,-3.38336557387578,NA_NO_SAME_SCALE_M2_MARGIN,ABSTAIN_REWRITE,True,NA_UNPARSED_OR_INDEPENDENT_UNKNOWN,NA_UNPARSED_OR_INDEPENDENT_UNKNOWN,0,0,False,True,"[""VIOLATES"",""SATISFIES""]","[""NO_SAFE_OVERRIDE"",""NO_SAFE_OVERRIDE""]",False,,,,,,,,,,,,
main,bm25,n011,b03,t2_qualification,RESOLVED,0,32,TIE,TIE,TIE,"[""TIE"",""TIE""]","[""TIE"",""TIE""]","[""TIE"",""TIE""]",unchanged,unchanged,False,False,NA,False,True,False,2,False,False,0.0,NA_NO_SAME_SCALE_M2_MARGIN,ABSTAIN_REWRITE,True,NA_UNPARSED_OR_INDEPENDENT_UNKNOWN,NA_UNPARSED_OR_INDEPENDENT_UNKNOWN,0,0,False,True,"[""VIOLATES"",""SATISFIES""]","[""NO_SAFE_OVERRIDE"",""NO_SAFE_OVERRIDE""]",False,,,,,,,,,,,,
main,bm25,n012,b03,t2_qualification,RESOLVED,1,32,TIE,TIE,TIE,"[""TIE"",""TIE""]","[""TIE"",""TIE""]","[""TIE"",""TIE""]",unchanged,unchanged,False,False,NA,False,True,False,2,False,False,0.0,NA_NO_SAME_SCALE_M2_MARGIN,ABSTAIN_REWRITE,True,NA_UNPARSED_OR_INDEPENDENT_UNKNOWN,NA_UNPARSED_OR_INDEPENDENT_UNKNOWN,0,0,False,True,"[""VIOLATES"",""SATISFIES""]","[""NO_SAFE_OVERRIDE"",""NO_SAFE_OVERRIDE""]",False,,,,,,,,,,,,
main,bm25,n013,b04,t2_qualification,LITERAL,0,32,LOSE,LOSE,LOSE,"[1,1]","[1,1]","[1,1]",unchanged,unchanged,False,False,NA,False,True,False,2,False,False,-3.38336557387578,NA_NO_SAME_SCALE_M2_MARGIN,ABSTAIN_REWRITE,True,NA_UNPARSED_OR_INDEPENDENT_UNKNOWN,NA_UNPARSED_OR_INDEPENDENT_UNKNOWN,0,0,False,True,"[""SATISFIES"",""VIOLATES""]","[""NO_SAFE_OVERRIDE"",""NO_SAFE_OVERRIDE""]",False,,,,,,,,,,,,
main,bm25,n014,b04,t2_qualification,LITERAL,1,32,LOSE,LOSE,LOSE,"[1,1]","[1,1]","[1,1]",unchanged,unchanged,False,False,NA,False,True,False,2,False,False,-3.38336557387578,NA_NO_SAME_SCALE_M2_MARGIN,ABSTAIN_REWRITE,True,NA_UNPARSED_OR_INDEPENDENT_UNKNOWN,NA_UNPARSED_OR_INDEPENDENT_UNKNOWN,0,0,False,True,"[""SATISFIES"",""VIOLATES""]","[""NO_SAFE_OVERRIDE"",""NO_SAFE_OVERRIDE""]",False,,,,,,,,,,,,
main,bm25,n015,b04,t2_qualification,RESOLVED,0,32,TIE,TIE,TIE,"[""TIE"",""TIE""]","[""TIE"",""TIE""]","[""TIE"",""TIE""]",unchanged,unchanged,False,False,NA,False,True,False,2,False,False,0.0,NA_NO_SAME_SCALE_M2_MARGIN,ABSTAIN_REWRITE,True,NA_UNPARSED_OR_INDEPENDENT_UNKNOWN,NA_UNPARSED_OR_INDEPENDENT_UNKNOWN,0,0,False,True,"[""SATISFIES"",""VIOLATES""]","[""NO_SAFE_OVERRIDE"",""NO_SAFE_OVERRIDE""]",False,,,,,,,,,,,,
main,bm25,n016,b04,t2_qualification,RESOLVED,1,32,TIE,TIE,TIE,"[""TIE"",""TIE""]","[""TIE"",""TIE""]","[""TIE"",""TIE""]",unchanged,unchanged,False,False,NA,False,True,False,2,False,False,0.0,NA_NO_SAME_SCALE_M2_MARGIN,ABSTAIN_REWRITE,True,NA_UNPARSED_OR_INDEPENDENT_UNKNOWN,NA_UNPARSED_OR_INDEPENDENT_UNKNOWN,0,0,False,True,"[""SATISFIES"",""VIOLATES""]","[""NO_SAFE_OVERRIDE"",""NO_SAFE_OVERRIDE""]",False,,,,,,,,,,,,
main,bm25,n017,b05,t3_requirement,LITERAL,0,32,LOSE,LOSE,LOSE,"[0,0]","[0,0]","[0,0]",unchanged,unchanged,False,False,NA,False,True,False,2,False,False,-3.3833655738757775,NA_NO_SAME_SCALE_M2_MARGIN,ABSTAIN_REWRITE,True,NA_UNPARSED_OR_INDEPENDENT_UNKNOWN,NA_UNPARSED_OR_INDEPENDENT_UNKNOWN,0,0,False,True,"[""VIOLATES"",""SATISFIES""]","[""NO_SAFE_OVERRIDE"",""NO_SAFE_OVERRIDE""]",False,,,,,,,,,,,,
main,bm25,n018,b05,t3_requirement,LITERAL,1,32,LOSE,LOSE,LOSE,"[0,0]","[0,0]","[0,0]",unchanged,unchanged,False,False,NA,False,True,False,2,False,False,-3.3833655738757784,NA_NO_SAME_SCALE_M2_MARGIN,ABSTAIN_REWRITE,True,NA_UNPARSED_OR_INDEPENDENT_UNKNOWN,NA_UNPARSED_OR_INDEPENDENT_UNKNOWN,0,0,False,True,"[""VIOLATES"",""SATISFIES""]","[""NO_SAFE_OVERRIDE"",""NO_SAFE_OVERRIDE""]",False,,,,,,,,,,,,
main,bm25,n019,b05,t3_requirement,RESOLVED,0,32,TIE,TIE,TIE,"[""TIE"",""TIE""]","[""TIE"",""TIE""]","[""TIE"",""TIE""]",unchanged,unchanged,False,False,NA,False,True,False,2,False,False,0.0,NA_NO_SAME_SCALE_M2_MARGIN,ABSTAIN_REWRITE,True,NA_UNPARSED_OR_INDEPENDENT_UNKNOWN,NA_UNPARSED_OR_INDEPENDENT_UNKNOWN,0,0,False,True,"[""VIOLATES"",""SATISFIES""]","[""NO_SAFE_OVERRIDE"",""NO_SAFE_OVERRIDE""]",False,,,,,,,,,,,,
main,bm25,n020,b05,t3_requirement,RESOLVED,1,32,TIE,TIE,TIE,"[""TIE"",""TIE""]","[""TIE"",""TIE""]","[""TIE"",""TIE""]",unchanged,unchanged,False,False,NA,False,True,False,2,False,False,0.0,NA_NO_SAME_SCALE_M2_MARGIN,ABSTAIN_REWRITE,True,NA_UNPARSED_OR_INDEPENDENT_UNKNOWN,NA_UNPARSED_OR_INDEPENDENT_UNKNOWN,0,0,False,True,"[""VIOLATES"",""SATISFIES""]","[""NO_SAFE_OVERRIDE"",""NO_SAFE_OVERRIDE""]",False,,,,,,,,,,,,
main,bm25,n021,b06,t3_requirement,LITERAL,0,32,LOSE,LOSE,LOSE,"[1,1]","[1,1]","[1,1]",unchanged,unchanged,False,False,NA,False,True,False,2,False,False,-3.1352727728583076,NA_NO_SAME_SCALE_M2_MARGIN,ABSTAIN_REWRITE,True,NA_UNPARSED_OR_INDEPENDENT_UNKNOWN,NA_UNPARSED_OR_INDEPENDENT_UNKNOWN,0,0,False,True,"[""SATISFIES"",""VIOLATES""]","[""NO_SAFE_OVERRIDE"",""NO_SAFE_OVERRIDE""]",False,,,,,,,,,,,,
main,bm25,n022,b06,t3_requirement,LITERAL,1,32,LOSE,LOSE,LOSE,"[1,1]","[1,1]","[1,1]",unchanged,unchanged,False,False,NA,False,True,False,2,False,False,-3.1352727728583076,NA_NO_SAME_SCALE_M2_MARGIN,ABSTAIN_REWRITE,True,NA_UNPARSED_OR_INDEPENDENT_UNKNOWN,NA_UNPARSED_OR_INDEPENDENT_UNKNOWN,0,0,False,True,"[""SATISFIES"",""VIOLATES""]","[""NO_SAFE_OVERRIDE"",""NO_SAFE_OVERRIDE""]",False,,,,,,,,,,,,
main,bm25,n023,b06,t3_requirement,RESOLVED,0,32,TIE,TIE,TIE,"[""TIE"",""TIE""]","[""TIE"",""TIE""]","[""TIE"",""TIE""]",unchanged,unchanged,False,False,NA,False,True,False,2,False,False,0.0,NA_NO_SAME_SCALE_M2_MARGIN,ABSTAIN_REWRITE,True,NA_UNPARSED_OR_INDEPENDENT_UNKNOWN,NA_UNPARSED_OR_INDEPENDENT_UNKNOWN,0,0,False,True,"[""SATISFIES"",""VIOLATES""]","[""NO_SAFE_OVERRIDE"",""NO_SAFE_OVERRIDE""]",False,,,,,,,,,,,,
main,bm25,n024,b06,t3_requirement,RESOLVED,1,32,TIE,TIE,TIE,"[""TIE"",""TIE""]","[""TIE"",""TIE""]","[""TIE"",""TIE""]",unchanged,unchanged,False,False,NA,False,True,False,2,False,False,0.0,NA_NO_SAME_SCALE_M2_MARGIN,ABSTAIN_REWRITE,True,NA_UNPARSED_OR_INDEPENDENT_UNKNOWN,NA_UNPARSED_OR_INDEPENDENT_UNKNOWN,0,0,False,True,"[""SATISFIES"",""VIOLATES""]","[""NO_SAFE_OVERRIDE"",""NO_SAFE_OVERRIDE""]",False,,,,,,,,,,,,
main,bm25,n025,b07,t4_endpoint_interval,LITERAL,0,32,LOSE,LOSE,LOSE,"[1,1]","[1,1]","[1,1]",unchanged,unchanged,False,False,NA,False,True,False,2,False,False,-3.38336557387578,NA_NO_SAME_SCALE_M2_MARGIN,ABSTAIN_REWRITE,True,NA_UNPARSED_OR_INDEPENDENT_UNKNOWN,NA_UNPARSED_OR_INDEPENDENT_UNKNOWN,0,0,False,True,"[""SATISFIES"",""VIOLATES""]","[""NO_SAFE_OVERRIDE"",""NO_SAFE_OVERRIDE""]",False,,,,,,,,,,,,
main,bm25,n026,b07,t4_endpoint_interval,LITERAL,1,32,LOSE,LOSE,LOSE,"[1,1]","[1,1]","[1,1]",unchanged,unchanged,False,False,NA,False,True,False,2,False,False,-3.38336557387578,NA_NO_SAME_SCALE_M2_MARGIN,ABSTAIN_REWRITE,True,NA_UNPARSED_OR_INDEPENDENT_UNKNOWN,NA_UNPARSED_OR_INDEPENDENT_UNKNOWN,0,0,False,True,"[""SATISFIES"",""VIOLATES""]","[""NO_SAFE_OVERRIDE"",""NO_SAFE_OVERRIDE""]",False,,,,,,,,,,,,
main,bm25,n027,b07,t4_endpoint_interval,RESOLVED,0,32,TIE,TIE,TIE,"[""TIE"",""TIE""]","[""TIE"",""TIE""]","[""TIE"",""TIE""]",unchanged,unchanged,False,False,NA,False,True,False,2,False,False,0.0,NA_NO_SAME_SCALE_M2_MARGIN,ABSTAIN_REWRITE,True,NA_UNPARSED_OR_INDEPENDENT_UNKNOWN,NA_UNPARSED_OR_INDEPENDENT_UNKNOWN,0,0,False,True,"[""SATISFIES"",""VIOLATES""]","[""NO_SAFE_OVERRIDE"",""NO_SAFE_OVERRIDE""]",False,,,,,,,,,,,,
main,bm25,n028,b07,t4_endpoint_interval,RESOLVED,1,32,TIE,TIE,TIE,"[""TIE"",""TIE""]","[""TIE"",""TIE""]","[""TIE"",""TIE""]",unchanged,unchanged,False,False,NA,False,True,False,2,False,False,0.0,NA_NO_SAME_SCALE_M2_MARGIN,ABSTAIN_REWRITE,True,NA_UNPARSED_OR_INDEPENDENT_UNKNOWN,NA_UNPARSED_OR_INDEPENDENT_UNKNOWN,0,0,False,True,"[""SATISFIES"",""VIOLATES""]","[""NO_SAFE_OVERRIDE"",""NO_SAFE_OVERRIDE""]",False,,,,,,,,,,,,
main,bm25,n029,b08,t4_endpoint_interval,LITERAL,0,32,LOSE,LOSE,LOSE,"[0,0]","[0,0]","[0,0]",unchanged,unchanged,False,False,NA,False,True,False,2,False,False,-3.38336557387578,NA_NO_SAME_SCALE_M2_MARGIN,ABSTAIN_REWRITE,True,NA_UNPARSED_OR_INDEPENDENT_UNKNOWN,NA_UNPARSED_OR_INDEPENDENT_UNKNOWN,0,0,False,True,"[""VIOLATES"",""SATISFIES""]","[""NO_SAFE_OVERRIDE"",""NO_SAFE_OVERRIDE""]",False,,,,,,,,,,,,
main,bm25,n030,b08,t4_endpoint_interval,LITERAL,1,32,LOSE,LOSE,LOSE,"[0,0]","[0,0]","[0,0]",unchanged,unchanged,False,False,NA,False,True,False,2,False,False,-3.38336557387578,NA_NO_SAME_SCALE_M2_MARGIN,ABSTAIN_REWRITE,True,NA_UNPARSED_OR_INDEPENDENT_UNKNOWN,NA_UNPARSED_OR_INDEPENDENT_UNKNOWN,0,0,False,True,"[""VIOLATES"",""SATISFIES""]","[""NO_SAFE_OVERRIDE"",""NO_SAFE_OVERRIDE""]",False,,,,,,,,,,,,
main,bm25,n031,b08,t4_endpoint_interval,RESOLVED,0,32,TIE,TIE,TIE,"[""TIE"",""TIE""]","[""TIE"",""TIE""]","[""TIE"",""TIE""]",unchanged,unchanged,False,False,NA,False,True,False,2,False,False,0.0,NA_NO_SAME_SCALE_M2_MARGIN,ABSTAIN_REWRITE,True,NA_UNPARSED_OR_INDEPENDENT_UNKNOWN,NA_UNPARSED_OR_INDEPENDENT_UNKNOWN,0,0,False,True,"[""VIOLATES"",""SATISFIES""]","[""NO_SAFE_OVERRIDE"",""NO_SAFE_OVERRIDE""]",False,,,,,,,,,,,,
main,bm25,n032,b08,t4_endpoint_interval,RESOLVED,1,32,TIE,TIE,TIE,"[""TIE"",""TIE""]","[""TIE"",""TIE""]","[""TIE"",""TIE""]",unchanged,unchanged,False,False,NA,False,True,False,2,False,False,0.0,NA_NO_SAME_SCALE_M2_MARGIN,ABSTAIN_REWRITE,True,NA_UNPARSED_OR_INDEPENDENT_UNKNOWN,NA_UNPARSED_OR_INDEPENDENT_UNKNOWN,0,0,False,True,"[""VIOLATES"",""SATISFIES""]","[""NO_SAFE_OVERRIDE"",""NO_SAFE_OVERRIDE""]",False,,,,,,,,,,,,
probe,bm25,n033,,,,,12,,,,,,,,,,,,False,False,,2,False,,,,,,,,,,False,,"[""UNKNOWN"",""UNKNOWN""]",,,p01,no_constraint_no_numbers,M0,BASELINE_NO_INTERVENTION,BASELINE_NO_INTERVENTION,True,False,NA,"[""UNKNOWN"",""UNKNOWN""]","[""TIE"",""TIE""]",ORIGINAL_MODEL_SCORING,NA_NONUNIQUE_OR_APPLICABILITY_PROBE
probe,bm25,n033,,,,,12,,,,,,,,,,,,False,False,,2,False,,,,,,,,,,False,,"[""UNKNOWN"",""UNKNOWN""]",,,p01,no_constraint_no_numbers,M1,UNCHANGED,ABSTAIN_REWRITE,True,False,True,"[""UNKNOWN"",""UNKNOWN""]","[""TIE"",""TIE""]",NO_COMPLETE_SUPPORTED_QUERY_GRAMMAR,NA_NONUNIQUE_OR_APPLICABILITY_PROBE
probe,bm25,n033,,,,,12,,,,,,,,,,,,False,False,,2,False,,,,,,,,,,False,,"[""UNKNOWN"",""UNKNOWN""]",,,p01,no_constraint_no_numbers,M2,NO_SAFE_OVERRIDE,NO_SAFE_OVERRIDE|NO_SAFE_OVERRIDE,True,False,NA,"[""UNKNOWN"",""UNKNOWN""]","[""TIE"",""TIE""]","[""NO_SAFE_OVERRIDE"",""NO_SAFE_OVERRIDE""]",NA_NONUNIQUE_OR_APPLICABILITY_PROBE
probe,bm25,n034,,,,,12,,,,,,,,,,,,False,False,,2,False,,,,,,,,,,False,,"[""UNKNOWN"",""UNKNOWN""]",,,p02,no_constraint_no_numbers,M0,BASELINE_NO_INTERVENTION,BASELINE_NO_INTERVENTION,True,False,NA,"[""UNKNOWN"",""UNKNOWN""]","[1,1]",ORIGINAL_MODEL_SCORING,NA_NONUNIQUE_OR_APPLICABILITY_PROBE
probe,bm25,n034,,,,,12,,,,,,,,,,,,False,False,,2,False,,,,,,,,,,False,,"[""UNKNOWN"",""UNKNOWN""]",,,p02,no_constraint_no_numbers,M1,UNCHANGED,ABSTAIN_REWRITE,True,False,True,"[""UNKNOWN"",""UNKNOWN""]","[1,1]",NO_COMPLETE_SUPPORTED_QUERY_GRAMMAR,NA_NONUNIQUE_OR_APPLICABILITY_PROBE
probe,bm25,n034,,,,,12,,,,,,,,,,,,False,False,,2,False,,,,,,,,,,False,,"[""UNKNOWN"",""UNKNOWN""]",,,p02,no_constraint_no_numbers,M2,NO_SAFE_OVERRIDE,NO_SAFE_OVERRIDE|NO_SAFE_OVERRIDE,True,False,NA,"[""UNKNOWN"",""UNKNOWN""]","[1,1]","[""NO_SAFE_OVERRIDE"",""NO_SAFE_OVERRIDE""]",NA_NONUNIQUE_OR_APPLICABILITY_PROBE
probe,bm25,n035,,,,,12,,,,,,,,,,,,False,False,,2,False,,,,,,,,,,False,,"[""UNKNOWN"",""UNKNOWN""]",,,p03,no_constraint_identifier,M0,BASELINE_NO_INTERVENTION,BASELINE_NO_INTERVENTION,True,False,NA,"[""UNKNOWN"",""UNKNOWN""]","[""TIE"",""TIE""]",ORIGINAL_MODEL_SCORING,NA_NONUNIQUE_OR_APPLICABILITY_PROBE
probe,bm25,n035,,,,,12,,,,,,,,,,,,False,False,,2,False,,,,,,,,,,False,,"[""UNKNOWN"",""UNKNOWN""]",,,p03,no_constraint_identifier,M1,UNCHANGED,ABSTAIN_REWRITE,True,False,True,"[""UNKNOWN"",""UNKNOWN""]","[""TIE"",""TIE""]",NO_COMPLETE_SUPPORTED_QUERY_GRAMMAR,NA_NONUNIQUE_OR_APPLICABILITY_PROBE
probe,bm25,n035,,,,,12,,,,,,,,,,,,False,False,,2,False,,,,,,,,,,False,,"[""UNKNOWN"",""UNKNOWN""]",,,p03,no_constraint_identifier,M2,NO_SAFE_OVERRIDE,NO_SAFE_OVERRIDE|NO_SAFE_OVERRIDE,True,False,NA,"[""UNKNOWN"",""UNKNOWN""]","[""TIE"",""TIE""]","[""NO_SAFE_OVERRIDE"",""NO_SAFE_OVERRIDE""]",NA_NONUNIQUE_OR_APPLICABILITY_PROBE
probe,bm25,n036,,,,,12,,,,,,,,,,,,False,False,,2,False,,,,,,,,,,False,,"[""UNKNOWN"",""UNKNOWN""]",,,p04,no_constraint_identifier,M0,BASELINE_NO_INTERVENTION,BASELINE_NO_INTERVENTION,True,False,NA,"[""UNKNOWN"",""UNKNOWN""]","[""TIE"",""TIE""]",ORIGINAL_MODEL_SCORING,NA_NONUNIQUE_OR_APPLICABILITY_PROBE
probe,bm25,n036,,,,,12,,,,,,,,,,,,False,False,,2,False,,,,,,,,,,False,,"[""UNKNOWN"",""UNKNOWN""]",,,p04,no_constraint_identifier,M1,UNCHANGED,ABSTAIN_REWRITE,True,False,True,"[""UNKNOWN"",""UNKNOWN""]","[""TIE"",""TIE""]",NO_COMPLETE_SUPPORTED_QUERY_GRAMMAR,NA_NONUNIQUE_OR_APPLICABILITY_PROBE
probe,bm25,n036,,,,,12,,,,,,,,,,,,False,False,,2,False,,,,,,,,,,False,,"[""UNKNOWN"",""UNKNOWN""]",,,p04,no_constraint_identifier,M2,NO_SAFE_OVERRIDE,NO_SAFE_OVERRIDE|NO_SAFE_OVERRIDE,True,False,NA,"[""UNKNOWN"",""UNKNOWN""]","[""TIE"",""TIE""]","[""NO_SAFE_OVERRIDE"",""NO_SAFE_OVERRIDE""]",NA_NONUNIQUE_OR_APPLICABILITY_PROBE
probe,bm25,n037,,,,,12,,,,,,,,,,,,False,False,,2,False,,,,,,,,,,False,,"[""UNKNOWN"",""UNKNOWN""]",,,p05,ambiguous_or_unsupported,M0,BASELINE_NO_INTERVENTION,BASELINE_NO_INTERVENTION,True,False,NA,"[""UNKNOWN"",""UNKNOWN""]","[""TIE"",""TIE""]",ORIGINAL_MODEL_SCORING,NA_NONUNIQUE_OR_APPLICABILITY_PROBE
probe,bm25,n037,,,,,12,,,,,,,,,,,,False,False,,2,False,,,,,,,,,,False,,"[""UNKNOWN"",""UNKNOWN""]",,,p05,ambiguous_or_unsupported,M1,UNCHANGED,ABSTAIN_REWRITE,True,False,True,"[""UNKNOWN"",""UNKNOWN""]","[""TIE"",""TIE""]",NO_COMPLETE_SUPPORTED_QUERY_GRAMMAR,NA_NONUNIQUE_OR_APPLICABILITY_PROBE
probe,bm25,n037,,,,,12,,,,,,,,,,,,False,False,,2,False,,,,,,,,,,False,,"[""UNKNOWN"",""UNKNOWN""]",,,p05,ambiguous_or_unsupported,M2,NO_SAFE_OVERRIDE,NO_SAFE_OVERRIDE|NO_SAFE_OVERRIDE,True,False,NA,"[""UNKNOWN"",""UNKNOWN""]","[""TIE"",""TIE""]","[""NO_SAFE_OVERRIDE"",""NO_SAFE_OVERRIDE""]",NA_NONUNIQUE_OR_APPLICABILITY_PROBE
probe,bm25,n038,,,,,12,,,,,,,,,,,,False,False,,2,False,,,,,,,,,,False,,"[""UNKNOWN"",""UNKNOWN""]",,,p06,ambiguous_or_unsupported,M0,BASELINE_NO_INTERVENTION,BASELINE_NO_INTERVENTION,True,False,NA,"[""UNKNOWN"",""UNKNOWN""]","[""TIE"",""TIE""]",ORIGINAL_MODEL_SCORING,NA_NONUNIQUE_OR_APPLICABILITY_PROBE
probe,bm25,n038,,,,,12,,,,,,,,,,,,False,False,,2,False,,,,,,,,,,False,,"[""UNKNOWN"",""UNKNOWN""]",,,p06,ambiguous_or_unsupported,M1,UNCHANGED,ABSTAIN_REWRITE,True,False,True,"[""UNKNOWN"",""UNKNOWN""]","[""TIE"",""TIE""]",NO_COMPLETE_SUPPORTED_QUERY_GRAMMAR,NA_NONUNIQUE_OR_APPLICABILITY_PROBE
probe,bm25,n038,,,,,12,,,,,,,,,,,,False,False,,2,False,,,,,,,,,,False,,"[""UNKNOWN"",""UNKNOWN""]",,,p06,ambiguous_or_unsupported,M2,NO_SAFE_OVERRIDE,NO_SAFE_OVERRIDE|NO_SAFE_OVERRIDE,True,False,NA,"[""UNKNOWN"",""UNKNOWN""]","[""TIE"",""TIE""]","[""NO_SAFE_OVERRIDE"",""NO_SAFE_OVERRIDE""]",NA_NONUNIQUE_OR_APPLICABILITY_PROBE
probe,bm25,n039,,,,,12,,,,,,,,,,,,False,False,,2,False,,,,,,,,,,False,,"[""UNKNOWN"",""UNKNOWN""]",,,p07,ambiguous_or_unsupported,M0,BASELINE_NO_INTERVENTION,BASELINE_NO_INTERVENTION,True,False,NA,"[""UNKNOWN"",""UNKNOWN""]","[""TIE"",""TIE""]",ORIGINAL_MODEL_SCORING,NA_NONUNIQUE_OR_APPLICABILITY_PROBE
probe,bm25,n039,,,,,12,,,,,,,,,,,,False,False,,2,False,,,,,,,,,,False,,"[""UNKNOWN"",""UNKNOWN""]",,,p07,ambiguous_or_unsupported,M1,UNCHANGED,ABSTAIN_REWRITE,True,False,True,"[""UNKNOWN"",""UNKNOWN""]","[""TIE"",""TIE""]",NO_COMPLETE_SUPPORTED_QUERY_GRAMMAR,NA_NONUNIQUE_OR_APPLICABILITY_PROBE
probe,bm25,n039,,,,,12,,,,,,,,,,,,False,False,,2,False,,,,,,,,,,False,,"[""UNKNOWN"",""UNKNOWN""]",,,p07,ambiguous_or_unsupported,M2,NO_SAFE_OVERRIDE,NO_SAFE_OVERRIDE|NO_SAFE_OVERRIDE,True,False,NA,"[""UNKNOWN"",""UNKNOWN""]","[""TIE"",""TIE""]","[""NO_SAFE_OVERRIDE"",""NO_SAFE_OVERRIDE""]",NA_NONUNIQUE_OR_APPLICABILITY_PROBE
probe,bm25,n040,,,,,12,,,,,,,,,,,,False,False,,2,False,,,,,,,,,,False,,"[""UNKNOWN"",""UNKNOWN""]",,,p08,ambiguous_or_unsupported,M0,BASELINE_NO_INTERVENTION,BASELINE_NO_INTERVENTION,True,False,NA,"[""UNKNOWN"",""UNKNOWN""]","[""TIE"",""TIE""]",ORIGINAL_MODEL_SCORING,NA_NONUNIQUE_OR_APPLICABILITY_PROBE
probe,bm25,n040,,,,,12,,,,,,,,,,,,False,False,,2,False,,,,,,,,,,False,,"[""UNKNOWN"",""UNKNOWN""]",,,p08,ambiguous_or_unsupported,M1,UNCHANGED,ABSTAIN_REWRITE,True,False,True,"[""UNKNOWN"",""UNKNOWN""]","[""TIE"",""TIE""]",NO_COMPLETE_SUPPORTED_QUERY_GRAMMAR,NA_NONUNIQUE_OR_APPLICABILITY_PROBE
probe,bm25,n040,,,,,12,,,,,,,,,,,,False,False,,2,False,,,,,,,,,,False,,"[""UNKNOWN"",""UNKNOWN""]",,,p08,ambiguous_or_unsupported,M2,NO_SAFE_OVERRIDE,NO_SAFE_OVERRIDE|NO_SAFE_OVERRIDE,True,False,NA,"[""UNKNOWN"",""UNKNOWN""]","[""TIE"",""TIE""]","[""NO_SAFE_OVERRIDE"",""NO_SAFE_OVERRIDE""]",NA_NONUNIQUE_OR_APPLICABILITY_PROBE
probe,bm25,n041,,,,,12,,,,,,,,,,,,False,True,,2,False,,,,,,,,,,False,,"[""SATISFIES"",""SATISFIES""]",,,p09,both_satisfy,M0,BASELINE_NO_INTERVENTION,BASELINE_NO_INTERVENTION,True,False,NA,"[true,true]","[""TIE"",""TIE""]",ORIGINAL_MODEL_SCORING,NA_NONUNIQUE_OR_APPLICABILITY_PROBE
probe,bm25,n041,,,,,12,,,,,,,,,,,,False,True,,2,False,,,,,,,,,,False,,"[""SATISFIES"",""SATISFIES""]",,,p09,both_satisfy,M1,UNCHANGED_OR_CONSTRAINT_PRESERVING_NORMALIZATION,ABSTAIN_REWRITE,True,False,True,"[true,true]","[""TIE"",""TIE""]",NO_COMPLETE_SUPPORTED_QUERY_GRAMMAR,NA_NONUNIQUE_OR_APPLICABILITY_PROBE
probe,bm25,n041,,,,,12,,,,,,,,,,,,False,True,,2,False,,,,,,,,,,False,,"[""SATISFIES"",""SATISFIES""]",,,p09,both_satisfy,M2,NO_SAFE_OVERRIDE,NO_SAFE_OVERRIDE|NO_SAFE_OVERRIDE,True,False,NA,"[true,true]","[""TIE"",""TIE""]","[""NO_SAFE_OVERRIDE"",""NO_SAFE_OVERRIDE""]",NA_NONUNIQUE_OR_APPLICABILITY_PROBE
probe,bm25,n042,,,,,12,,,,,,,,,,,,False,True,,2,False,,,,,,,,,,False,,"[""SATISFIES"",""SATISFIES""]",,,p10,both_satisfy,M0,BASELINE_NO_INTERVENTION,BASELINE_NO_INTERVENTION,True,False,NA,"[true,true]","[0,0]",ORIGINAL_MODEL_SCORING,NA_NONUNIQUE_OR_APPLICABILITY_PROBE
probe,bm25,n042,,,,,12,,,,,,,,,,,,False,True,,2,False,,,,,,,,,,False,,"[""SATISFIES"",""SATISFIES""]",,,p10,both_satisfy,M1,UNCHANGED_OR_CONSTRAINT_PRESERVING_NORMALIZATION,ABSTAIN_REWRITE,True,False,True,"[true,true]","[0,0]",INCOMPLETE_OR_UNSUPPORTED_CONDITION,NA_NONUNIQUE_OR_APPLICABILITY_PROBE
probe,bm25,n042,,,,,12,,,,,,,,,,,,False,True,,2,False,,,,,,,,,,False,,"[""SATISFIES"",""SATISFIES""]",,,p10,both_satisfy,M2,NO_SAFE_OVERRIDE,NO_SAFE_OVERRIDE|NO_SAFE_OVERRIDE,True,False,NA,"[true,true]","[0,0]","[""NO_SAFE_OVERRIDE"",""NO_SAFE_OVERRIDE""]",NA_NONUNIQUE_OR_APPLICABILITY_PROBE
probe,bm25,n043,,,,,12,,,,,,,,,,,,False,True,,2,False,,,,,,,,,,False,,"[""VIOLATES"",""VIOLATES""]",,,p11,both_violate,M0,BASELINE_NO_INTERVENTION,BASELINE_NO_INTERVENTION,True,False,NA,"[false,false]","[1,1]",ORIGINAL_MODEL_SCORING,NA_NONUNIQUE_OR_APPLICABILITY_PROBE
probe,bm25,n043,,,,,12,,,,,,,,,,,,False,True,,2,False,,,,,,,,,,False,,"[""VIOLATES"",""VIOLATES""]",,,p11,both_violate,M1,UNCHANGED_OR_CONSTRAINT_PRESERVING_NORMALIZATION,ABSTAIN_REWRITE,True,False,True,"[false,false]","[1,1]",NO_COMPLETE_SUPPORTED_QUERY_GRAMMAR,NA_NONUNIQUE_OR_APPLICABILITY_PROBE
probe,bm25,n043,,,,,12,,,,,,,,,,,,False,True,,2,False,,,,,,,,,,False,,"[""VIOLATES"",""VIOLATES""]",,,p11,both_violate,M2,NO_SAFE_OVERRIDE,NO_SAFE_OVERRIDE|NO_SAFE_OVERRIDE,True,False,NA,"[false,false]","[1,1]","[""NO_SAFE_OVERRIDE"",""NO_SAFE_OVERRIDE""]",NA_NONUNIQUE_OR_APPLICABILITY_PROBE
probe,bm25,n044,,,,,12,,,,,,,,,,,,False,True,,2,False,,,,,,,,,,False,,"[""VIOLATES"",""VIOLATES""]",,,p12,both_violate,M0,BASELINE_NO_INTERVENTION,BASELINE_NO_INTERVENTION,True,False,NA,"[false,false]","[0,0]",ORIGINAL_MODEL_SCORING,NA_NONUNIQUE_OR_APPLICABILITY_PROBE
probe,bm25,n044,,,,,12,,,,,,,,,,,,False,True,,2,False,,,,,,,,,,False,,"[""VIOLATES"",""VIOLATES""]",,,p12,both_violate,M1,UNCHANGED_OR_CONSTRAINT_PRESERVING_NORMALIZATION,ABSTAIN_REWRITE,True,False,True,"[false,false]","[0,0]",INCOMPLETE_OR_UNSUPPORTED_CONDITION,NA_NONUNIQUE_OR_APPLICABILITY_PROBE
probe,bm25,n044,,,,,12,,,,,,,,,,,,False,True,,2,False,,,,,,,,,,False,,"[""VIOLATES"",""VIOLATES""]",,,p12,both_violate,M2,NO_SAFE_OVERRIDE,NO_SAFE_OVERRIDE|NO_SAFE_OVERRIDE,True,False,NA,"[false,false]","[0,0]","[""NO_SAFE_OVERRIDE"",""NO_SAFE_OVERRIDE""]",NA_NONUNIQUE_OR_APPLICABILITY_PROBE
main,bge_small,n001,b01,t1_band,LITERAL,0,32,LOSE,LOSE,LOSE,"[1,1]","[1,1]","[1,1]",unchanged,unchanged,False,False,10,False,True,False,2,False,False,-0.04811239242553711,NA_NO_SAME_SCALE_M2_MARGIN,ABSTAIN_REWRITE,True,NA_UNPARSED_OR_INDEPENDENT_UNKNOWN,NA_UNPARSED_OR_INDEPENDENT_UNKNOWN,0,0,False,True,"[""SATISFIES"",""VIOLATES""]","[""NO_SAFE_OVERRIDE"",""NO_SAFE_OVERRIDE""]",False,,,,,,,,,,,,
main,bge_small,n002,b01,t1_band,LITERAL,1,32,LOSE,LOSE,LOSE,"[1,1]","[1,1]","[1,1]",unchanged,unchanged,False,False,10,False,True,False,2,False,False,-0.03860729932785034,NA_NO_SAME_SCALE_M2_MARGIN,ABSTAIN_REWRITE,True,NA_UNPARSED_OR_INDEPENDENT_UNKNOWN,NA_UNPARSED_OR_INDEPENDENT_UNKNOWN,0,0,False,True,"[""SATISFIES"",""VIOLATES""]","[""NO_SAFE_OVERRIDE"",""NO_SAFE_OVERRIDE""]",False,,,,,,,,,,,,
main,bge_small,n003,b01,t1_band,RESOLVED,0,32,WIN,WIN,WIN,"[0,0]","[0,0]","[0,0]",unchanged,unchanged,False,False,10,False,True,False,2,False,False,0.006971955299377441,NA_NO_SAME_SCALE_M2_MARGIN,ABSTAIN_REWRITE,True,NA_UNPARSED_OR_INDEPENDENT_UNKNOWN,NA_UNPARSED_OR_INDEPENDENT_UNKNOWN,0,0,False,True,"[""SATISFIES"",""VIOLATES""]","[""NO_SAFE_OVERRIDE"",""NO_SAFE_OVERRIDE""]",False,,,,,,,,,,,,
main,bge_small,n004,b01,t1_band,RESOLVED,1,32,WIN,WIN,WIN,"[0,0]","[0,0]","[0,0]",unchanged,unchanged,False,False,10,False,True,False,2,False,False,0.004299581050872803,NA_NO_SAME_SCALE_M2_MARGIN,ABSTAIN_REWRITE,True,NA_UNPARSED_OR_INDEPENDENT_UNKNOWN,NA_UNPARSED_OR_INDEPENDENT_UNKNOWN,0,0,False,True,"[""SATISFIES"",""VIOLATES""]","[""NO_SAFE_OVERRIDE"",""NO_SAFE_OVERRIDE""]",False,,,,,,,,,,,,
main,bge_small,n005,b02,t1_band,LITERAL,0,32,LOSE,LOSE,LOSE,"[0,0]","[0,0]","[0,0]",unchanged,unchanged,False,False,10,False,True,False,2,False,False,-0.03578519821166992,NA_NO_SAME_SCALE_M2_MARGIN,ABSTAIN_REWRITE,True,NA_UNPARSED_OR_INDEPENDENT_UNKNOWN,NA_UNPARSED_OR_INDEPENDENT_UNKNOWN,0,0,False,True,"[""VIOLATES"",""SATISFIES""]","[""NO_SAFE_OVERRIDE"",""NO_SAFE_OVERRIDE""]",False,,,,,,,,,,,,
main,bge_small,n006,b02,t1_band,LITERAL,1,32,LOSE,LOSE,LOSE,"[0,0]","[0,0]","[0,0]",unchanged,unchanged,False,False,10,False,True,False,2,False,False,-0.0349733829498291,NA_NO_SAME_SCALE_M2_MARGIN,ABSTAIN_REWRITE,True,NA_UNPARSED_OR_INDEPENDENT_UNKNOWN,NA_UNPARSED_OR_INDEPENDENT_UNKNOWN,0,0,False,True,"[""VIOLATES"",""SATISFIES""]","[""NO_SAFE_OVERRIDE"",""NO_SAFE_OVERRIDE""]",False,,,,,,,,,,,,
main,bge_small,n007,b02,t1_band,RESOLVED,0,32,WIN,WIN,WIN,"[1,1]","[1,1]","[1,1]",unchanged,unchanged,False,False,10,False,True,False,2,False,False,0.045417070388793945,NA_NO_SAME_SCALE_M2_MARGIN,ABSTAIN_REWRITE,True,NA_UNPARSED_OR_INDEPENDENT_UNKNOWN,NA_UNPARSED_OR_INDEPENDENT_UNKNOWN,0,0,False,True,"[""VIOLATES"",""SATISFIES""]","[""NO_SAFE_OVERRIDE"",""NO_SAFE_OVERRIDE""]",False,,,,,,,,,,,,
main,bge_small,n008,b02,t1_band,RESOLVED,1,32,WIN,WIN,WIN,"[1,1]","[1,1]","[1,1]",unchanged,unchanged,False,False,10,False,True,False,2,False,False,0.032326579093933105,NA_NO_SAME_SCALE_M2_MARGIN,ABSTAIN_REWRITE,True,NA_UNPARSED_OR_INDEPENDENT_UNKNOWN,NA_UNPARSED_OR_INDEPENDENT_UNKNOWN,0,0,False,True,"[""VIOLATES"",""SATISFIES""]","[""NO_SAFE_OVERRIDE"",""NO_SAFE_OVERRIDE""]",False,,,,,,,,,,,,
main,bge_small,n009,b03,t2_qualification,LITERAL,0,32,LOSE,LOSE,LOSE,"[0,0]","[0,0]","[0,0]",unchanged,unchanged,False,False,10,False,True,False,2,False,False,-0.09282845258712769,NA_NO_SAME_SCALE_M2_MARGIN,ABSTAIN_REWRITE,True,NA_UNPARSED_OR_INDEPENDENT_UNKNOWN,NA_UNPARSED_OR_INDEPENDENT_UNKNOWN,0,0,False,True,"[""VIOLATES"",""SATISFIES""]","[""NO_SAFE_OVERRIDE"",""NO_SAFE_OVERRIDE""]",False,,,,,,,,,,,,
main,bge_small,n010,b03,t2_qualification,LITERAL,1,32,LOSE,LOSE,LOSE,"[0,0]","[0,0]","[0,0]",unchanged,unchanged,False,False,10,False,True,False,2,False,False,-0.1001744270324707,NA_NO_SAME_SCALE_M2_MARGIN,ABSTAIN_REWRITE,True,NA_UNPARSED_OR_INDEPENDENT_UNKNOWN,NA_UNPARSED_OR_INDEPENDENT_UNKNOWN,0,0,False,True,"[""VIOLATES"",""SATISFIES""]","[""NO_SAFE_OVERRIDE"",""NO_SAFE_OVERRIDE""]",False,,,,,,,,,,,,
main,bge_small,n011,b03,t2_qualification,RESOLVED,0,32,LOSE,LOSE,LOSE,"[0,0]","[0,0]","[0,0]",unchanged,unchanged,False,False,10,False,True,False,2,False,False,-0.044703125953674316,NA_NO_SAME_SCALE_M2_MARGIN,ABSTAIN_REWRITE,True,NA_UNPARSED_OR_INDEPENDENT_UNKNOWN,NA_UNPARSED_OR_INDEPENDENT_UNKNOWN,0,0,False,True,"[""VIOLATES"",""SATISFIES""]","[""NO_SAFE_OVERRIDE"",""NO_SAFE_OVERRIDE""]",False,,,,,,,,,,,,
main,bge_small,n012,b03,t2_qualification,RESOLVED,1,32,LOSE,LOSE,LOSE,"[0,0]","[0,0]","[0,0]",unchanged,unchanged,False,False,10,False,True,False,2,False,False,-0.05681055784225464,NA_NO_SAME_SCALE_M2_MARGIN,ABSTAIN_REWRITE,True,NA_UNPARSED_OR_INDEPENDENT_UNKNOWN,NA_UNPARSED_OR_INDEPENDENT_UNKNOWN,0,0,False,True,"[""VIOLATES"",""SATISFIES""]","[""NO_SAFE_OVERRIDE"",""NO_SAFE_OVERRIDE""]",False,,,,,,,,,,,,
main,bge_small,n013,b04,t2_qualification,LITERAL,0,32,LOSE,LOSE,LOSE,"[1,1]","[1,1]","[1,1]",unchanged,unchanged,False,False,10,False,True,False,2,False,False,-0.020404815673828125,NA_NO_SAME_SCALE_M2_MARGIN,ABSTAIN_REWRITE,True,NA_UNPARSED_OR_INDEPENDENT_UNKNOWN,NA_UNPARSED_OR_INDEPENDENT_UNKNOWN,0,0,False,True,"[""SATISFIES"",""VIOLATES""]","[""NO_SAFE_OVERRIDE"",""NO_SAFE_OVERRIDE""]",False,,,,,,,,,,,,
main,bge_small,n014,b04,t2_qualification,LITERAL,1,32,LOSE,LOSE,LOSE,"[1,1]","[1,1]","[1,1]",unchanged,unchanged,False,False,10,False,True,False,2,False,False,-0.00727766752243042,NA_NO_SAME_SCALE_M2_MARGIN,ABSTAIN_REWRITE,True,NA_UNPARSED_OR_INDEPENDENT_UNKNOWN,NA_UNPARSED_OR_INDEPENDENT_UNKNOWN,0,0,False,True,"[""SATISFIES"",""VIOLATES""]","[""NO_SAFE_OVERRIDE"",""NO_SAFE_OVERRIDE""]",False,,,,,,,,,,,,
main,bge_small,n015,b04,t2_qualification,RESOLVED,0,32,WIN,WIN,WIN,"[0,0]","[0,0]","[0,0]",unchanged,unchanged,False,False,10,False,True,False,2,False,False,0.02458512783050537,NA_NO_SAME_SCALE_M2_MARGIN,ABSTAIN_REWRITE,True,NA_UNPARSED_OR_INDEPENDENT_UNKNOWN,NA_UNPARSED_OR_INDEPENDENT_UNKNOWN,0,0,False,True,"[""SATISFIES"",""VIOLATES""]","[""NO_SAFE_OVERRIDE"",""NO_SAFE_OVERRIDE""]",False,,,,,,,,,,,,
main,bge_small,n016,b04,t2_qualification,RESOLVED,1,32,WIN,WIN,WIN,"[0,0]","[0,0]","[0,0]",unchanged,unchanged,False,False,10,False,True,False,2,False,False,0.037998735904693604,NA_NO_SAME_SCALE_M2_MARGIN,ABSTAIN_REWRITE,True,NA_UNPARSED_OR_INDEPENDENT_UNKNOWN,NA_UNPARSED_OR_INDEPENDENT_UNKNOWN,0,0,False,True,"[""SATISFIES"",""VIOLATES""]","[""NO_SAFE_OVERRIDE"",""NO_SAFE_OVERRIDE""]",False,,,,,,,,,,,,
main,bge_small,n017,b05,t3_requirement,LITERAL,0,32,LOSE,LOSE,LOSE,"[0,0]","[0,0]","[0,0]",unchanged,unchanged,False,False,10,False,True,False,2,False,False,-0.06678533554077148,NA_NO_SAME_SCALE_M2_MARGIN,ABSTAIN_REWRITE,True,NA_UNPARSED_OR_INDEPENDENT_UNKNOWN,NA_UNPARSED_OR_INDEPENDENT_UNKNOWN,0,0,False,True,"[""VIOLATES"",""SATISFIES""]","[""NO_SAFE_OVERRIDE"",""NO_SAFE_OVERRIDE""]",False,,,,,,,,,,,,
main,bge_small,n018,b05,t3_requirement,LITERAL,1,32,LOSE,LOSE,LOSE,"[0,0]","[0,0]","[0,0]",unchanged,unchanged,False,False,10,False,True,False,2,False,False,-0.06443828344345093,NA_NO_SAME_SCALE_M2_MARGIN,ABSTAIN_REWRITE,True,NA_UNPARSED_OR_INDEPENDENT_UNKNOWN,NA_UNPARSED_OR_INDEPENDENT_UNKNOWN,0,0,False,True,"[""VIOLATES"",""SATISFIES""]","[""NO_SAFE_OVERRIDE"",""NO_SAFE_OVERRIDE""]",False,,,,,,,,,,,,
main,bge_small,n019,b05,t3_requirement,RESOLVED,0,32,WIN,WIN,WIN,"[1,1]","[1,1]","[1,1]",unchanged,unchanged,False,False,10,False,True,False,2,False,False,0.018391668796539307,NA_NO_SAME_SCALE_M2_MARGIN,ABSTAIN_REWRITE,True,NA_UNPARSED_OR_INDEPENDENT_UNKNOWN,NA_UNPARSED_OR_INDEPENDENT_UNKNOWN,0,0,False,True,"[""VIOLATES"",""SATISFIES""]","[""NO_SAFE_OVERRIDE"",""NO_SAFE_OVERRIDE""]",False,,,,,,,,,,,,
main,bge_small,n020,b05,t3_requirement,RESOLVED,1,32,WIN,WIN,WIN,"[1,1]","[1,1]","[1,1]",unchanged,unchanged,False,False,10,False,True,False,2,False,False,0.04040074348449707,NA_NO_SAME_SCALE_M2_MARGIN,ABSTAIN_REWRITE,True,NA_UNPARSED_OR_INDEPENDENT_UNKNOWN,NA_UNPARSED_OR_INDEPENDENT_UNKNOWN,0,0,False,True,"[""VIOLATES"",""SATISFIES""]","[""NO_SAFE_OVERRIDE"",""NO_SAFE_OVERRIDE""]",False,,,,,,,,,,,,
main,bge_small,n021,b06,t3_requirement,LITERAL,0,32,LOSE,LOSE,LOSE,"[1,1]","[1,1]","[1,1]",unchanged,unchanged,False,False,10,False,True,False,2,False,False,-0.03949415683746338,NA_NO_SAME_SCALE_M2_MARGIN,ABSTAIN_REWRITE,True,NA_UNPARSED_OR_INDEPENDENT_UNKNOWN,NA_UNPARSED_OR_INDEPENDENT_UNKNOWN,0,0,False,True,"[""SATISFIES"",""VIOLATES""]","[""NO_SAFE_OVERRIDE"",""NO_SAFE_OVERRIDE""]",False,,,,,,,,,,,,
main,bge_small,n022,b06,t3_requirement,LITERAL,1,32,LOSE,LOSE,LOSE,"[1,1]","[1,1]","[1,1]",unchanged,unchanged,False,False,10,False,True,False,2,False,False,-0.022567391395568848,NA_NO_SAME_SCALE_M2_MARGIN,ABSTAIN_REWRITE,True,NA_UNPARSED_OR_INDEPENDENT_UNKNOWN,NA_UNPARSED_OR_INDEPENDENT_UNKNOWN,0,0,False,True,"[""SATISFIES"",""VIOLATES""]","[""NO_SAFE_OVERRIDE"",""NO_SAFE_OVERRIDE""]",False,,,,,,,,,,,,
main,bge_small,n023,b06,t3_requirement,RESOLVED,0,32,WIN,WIN,WIN,"[0,0]","[0,0]","[0,0]",unchanged,unchanged,False,False,10,False,True,False,2,False,False,0.0262337327003479,NA_NO_SAME_SCALE_M2_MARGIN,ABSTAIN_REWRITE,True,NA_UNPARSED_OR_INDEPENDENT_UNKNOWN,NA_UNPARSED_OR_INDEPENDENT_UNKNOWN,0,0,False,True,"[""SATISFIES"",""VIOLATES""]","[""NO_SAFE_OVERRIDE"",""NO_SAFE_OVERRIDE""]",False,,,,,,,,,,,,
main,bge_small,n024,b06,t3_requirement,RESOLVED,1,32,WIN,WIN,WIN,"[0,0]","[0,0]","[0,0]",unchanged,unchanged,False,False,10,False,True,False,2,False,False,0.03691864013671875,NA_NO_SAME_SCALE_M2_MARGIN,ABSTAIN_REWRITE,True,NA_UNPARSED_OR_INDEPENDENT_UNKNOWN,NA_UNPARSED_OR_INDEPENDENT_UNKNOWN,0,0,False,True,"[""SATISFIES"",""VIOLATES""]","[""NO_SAFE_OVERRIDE"",""NO_SAFE_OVERRIDE""]",False,,,,,,,,,,,,
main,bge_small,n025,b07,t4_endpoint_interval,LITERAL,0,32,LOSE,LOSE,LOSE,"[1,1]","[1,1]","[1,1]",unchanged,unchanged,False,False,10,False,True,False,2,False,False,-0.04304671287536621,NA_NO_SAME_SCALE_M2_MARGIN,ABSTAIN_REWRITE,True,NA_UNPARSED_OR_INDEPENDENT_UNKNOWN,NA_UNPARSED_OR_INDEPENDENT_UNKNOWN,0,0,False,True,"[""SATISFIES"",""VIOLATES""]","[""NO_SAFE_OVERRIDE"",""NO_SAFE_OVERRIDE""]",False,,,,,,,,,,,,
main,bge_small,n026,b07,t4_endpoint_interval,LITERAL,1,32,LOSE,LOSE,LOSE,"[1,1]","[1,1]","[1,1]",unchanged,unchanged,False,False,10,False,True,False,2,False,False,-0.07258617877960205,NA_NO_SAME_SCALE_M2_MARGIN,ABSTAIN_REWRITE,True,NA_UNPARSED_OR_INDEPENDENT_UNKNOWN,NA_UNPARSED_OR_INDEPENDENT_UNKNOWN,0,0,False,True,"[""SATISFIES"",""VIOLATES""]","[""NO_SAFE_OVERRIDE"",""NO_SAFE_OVERRIDE""]",False,,,,,,,,,,,,
main,bge_small,n027,b07,t4_endpoint_interval,RESOLVED,0,32,LOSE,LOSE,LOSE,"[1,1]","[1,1]","[1,1]",unchanged,unchanged,False,False,10,False,True,False,2,False,False,-0.027133822441101074,NA_NO_SAME_SCALE_M2_MARGIN,ABSTAIN_REWRITE,True,NA_UNPARSED_OR_INDEPENDENT_UNKNOWN,NA_UNPARSED_OR_INDEPENDENT_UNKNOWN,0,0,False,True,"[""SATISFIES"",""VIOLATES""]","[""NO_SAFE_OVERRIDE"",""NO_SAFE_OVERRIDE""]",False,,,,,,,,,,,,
main,bge_small,n028,b07,t4_endpoint_interval,RESOLVED,1,32,LOSE,LOSE,LOSE,"[1,1]","[1,1]","[1,1]",unchanged,unchanged,False,False,10,False,True,False,2,False,False,-0.05184417963027954,NA_NO_SAME_SCALE_M2_MARGIN,ABSTAIN_REWRITE,True,NA_UNPARSED_OR_INDEPENDENT_UNKNOWN,NA_UNPARSED_OR_INDEPENDENT_UNKNOWN,0,0,False,True,"[""SATISFIES"",""VIOLATES""]","[""NO_SAFE_OVERRIDE"",""NO_SAFE_OVERRIDE""]",False,,,,,,,,,,,,
main,bge_small,n029,b08,t4_endpoint_interval,LITERAL,0,32,LOSE,LOSE,LOSE,"[0,0]","[0,0]","[0,0]",unchanged,unchanged,False,False,10,False,True,False,2,False,False,-0.04318422079086304,NA_NO_SAME_SCALE_M2_MARGIN,ABSTAIN_REWRITE,True,NA_UNPARSED_OR_INDEPENDENT_UNKNOWN,NA_UNPARSED_OR_INDEPENDENT_UNKNOWN,0,0,False,True,"[""VIOLATES"",""SATISFIES""]","[""NO_SAFE_OVERRIDE"",""NO_SAFE_OVERRIDE""]",False,,,,,,,,,,,,
main,bge_small,n030,b08,t4_endpoint_interval,LITERAL,1,32,LOSE,LOSE,LOSE,"[0,0]","[0,0]","[0,0]",unchanged,unchanged,False,False,10,False,True,False,2,False,False,-0.04130500555038452,NA_NO_SAME_SCALE_M2_MARGIN,ABSTAIN_REWRITE,True,NA_UNPARSED_OR_INDEPENDENT_UNKNOWN,NA_UNPARSED_OR_INDEPENDENT_UNKNOWN,0,0,False,True,"[""VIOLATES"",""SATISFIES""]","[""NO_SAFE_OVERRIDE"",""NO_SAFE_OVERRIDE""]",False,,,,,,,,,,,,
main,bge_small,n031,b08,t4_endpoint_interval,RESOLVED,0,32,LOSE,LOSE,LOSE,"[0,0]","[0,0]","[0,0]",unchanged,unchanged,False,False,10,False,True,False,2,False,False,-0.0181502103805542,NA_NO_SAME_SCALE_M2_MARGIN,ABSTAIN_REWRITE,True,NA_UNPARSED_OR_INDEPENDENT_UNKNOWN,NA_UNPARSED_OR_INDEPENDENT_UNKNOWN,0,0,False,True,"[""VIOLATES"",""SATISFIES""]","[""NO_SAFE_OVERRIDE"",""NO_SAFE_OVERRIDE""]",False,,,,,,,,,,,,
main,bge_small,n032,b08,t4_endpoint_interval,RESOLVED,1,32,LOSE,LOSE,LOSE,"[0,0]","[0,0]","[0,0]",unchanged,unchanged,False,False,10,False,True,False,2,False,False,-0.015042662620544434,NA_NO_SAME_SCALE_M2_MARGIN,ABSTAIN_REWRITE,True,NA_UNPARSED_OR_INDEPENDENT_UNKNOWN,NA_UNPARSED_OR_INDEPENDENT_UNKNOWN,0,0,False,True,"[""VIOLATES"",""SATISFIES""]","[""NO_SAFE_OVERRIDE"",""NO_SAFE_OVERRIDE""]",False,,,,,,,,,,,,
probe,bge_small,n033,,,,,12,,,,,,,,,,,,False,False,,2,False,,,,,,,,,,False,,"[""UNKNOWN"",""UNKNOWN""]",,,p01,no_constraint_no_numbers,M0,BASELINE_NO_INTERVENTION,BASELINE_NO_INTERVENTION,True,False,NA,"[""UNKNOWN"",""UNKNOWN""]","[1,1]",ORIGINAL_MODEL_SCORING,NA_NONUNIQUE_OR_APPLICABILITY_PROBE
probe,bge_small,n033,,,,,12,,,,,,,,,,,,False,False,,2,False,,,,,,,,,,False,,"[""UNKNOWN"",""UNKNOWN""]",,,p01,no_constraint_no_numbers,M1,UNCHANGED,ABSTAIN_REWRITE,True,False,True,"[""UNKNOWN"",""UNKNOWN""]","[1,1]",NO_COMPLETE_SUPPORTED_QUERY_GRAMMAR,NA_NONUNIQUE_OR_APPLICABILITY_PROBE
probe,bge_small,n033,,,,,12,,,,,,,,,,,,False,False,,2,False,,,,,,,,,,False,,"[""UNKNOWN"",""UNKNOWN""]",,,p01,no_constraint_no_numbers,M2,NO_SAFE_OVERRIDE,NO_SAFE_OVERRIDE|NO_SAFE_OVERRIDE,True,False,NA,"[""UNKNOWN"",""UNKNOWN""]","[1,1]","[""NO_SAFE_OVERRIDE"",""NO_SAFE_OVERRIDE""]",NA_NONUNIQUE_OR_APPLICABILITY_PROBE
probe,bge_small,n034,,,,,12,,,,,,,,,,,,False,False,,2,False,,,,,,,,,,False,,"[""UNKNOWN"",""UNKNOWN""]",,,p02,no_constraint_no_numbers,M0,BASELINE_NO_INTERVENTION,BASELINE_NO_INTERVENTION,True,False,NA,"[""UNKNOWN"",""UNKNOWN""]","[0,0]",ORIGINAL_MODEL_SCORING,NA_NONUNIQUE_OR_APPLICABILITY_PROBE
probe,bge_small,n034,,,,,12,,,,,,,,,,,,False,False,,2,False,,,,,,,,,,False,,"[""UNKNOWN"",""UNKNOWN""]",,,p02,no_constraint_no_numbers,M1,UNCHANGED,ABSTAIN_REWRITE,True,False,True,"[""UNKNOWN"",""UNKNOWN""]","[0,0]",NO_COMPLETE_SUPPORTED_QUERY_GRAMMAR,NA_NONUNIQUE_OR_APPLICABILITY_PROBE
probe,bge_small,n034,,,,,12,,,,,,,,,,,,False,False,,2,False,,,,,,,,,,False,,"[""UNKNOWN"",""UNKNOWN""]",,,p02,no_constraint_no_numbers,M2,NO_SAFE_OVERRIDE,NO_SAFE_OVERRIDE|NO_SAFE_OVERRIDE,True,False,NA,"[""UNKNOWN"",""UNKNOWN""]","[0,0]","[""NO_SAFE_OVERRIDE"",""NO_SAFE_OVERRIDE""]",NA_NONUNIQUE_OR_APPLICABILITY_PROBE
probe,bge_small,n035,,,,,12,,,,,,,,,,,,False,False,,2,False,,,,,,,,,,False,,"[""UNKNOWN"",""UNKNOWN""]",,,p03,no_constraint_identifier,M0,BASELINE_NO_INTERVENTION,BASELINE_NO_INTERVENTION,True,False,NA,"[""UNKNOWN"",""UNKNOWN""]","[0,0]",ORIGINAL_MODEL_SCORING,NA_NONUNIQUE_OR_APPLICABILITY_PROBE
probe,bge_small,n035,,,,,12,,,,,,,,,,,,False,False,,2,False,,,,,,,,,,False,,"[""UNKNOWN"",""UNKNOWN""]",,,p03,no_constraint_identifier,M1,UNCHANGED,ABSTAIN_REWRITE,True,False,True,"[""UNKNOWN"",""UNKNOWN""]","[0,0]",NO_COMPLETE_SUPPORTED_QUERY_GRAMMAR,NA_NONUNIQUE_OR_APPLICABILITY_PROBE
probe,bge_small,n035,,,,,12,,,,,,,,,,,,False,False,,2,False,,,,,,,,,,False,,"[""UNKNOWN"",""UNKNOWN""]",,,p03,no_constraint_identifier,M2,NO_SAFE_OVERRIDE,NO_SAFE_OVERRIDE|NO_SAFE_OVERRIDE,True,False,NA,"[""UNKNOWN"",""UNKNOWN""]","[0,0]","[""NO_SAFE_OVERRIDE"",""NO_SAFE_OVERRIDE""]",NA_NONUNIQUE_OR_APPLICABILITY_PROBE
probe,bge_small,n036,,,,,12,,,,,,,,,,,,False,False,,2,False,,,,,,,,,,False,,"[""UNKNOWN"",""UNKNOWN""]",,,p04,no_constraint_identifier,M0,BASELINE_NO_INTERVENTION,BASELINE_NO_INTERVENTION,True,False,NA,"[""UNKNOWN"",""UNKNOWN""]","[1,1]",ORIGINAL_MODEL_SCORING,NA_NONUNIQUE_OR_APPLICABILITY_PROBE
probe,bge_small,n036,,,,,12,,,,,,,,,,,,False,False,,2,False,,,,,,,,,,False,,"[""UNKNOWN"",""UNKNOWN""]",,,p04,no_constraint_identifier,M1,UNCHANGED,ABSTAIN_REWRITE,True,False,True,"[""UNKNOWN"",""UNKNOWN""]","[1,1]",NO_COMPLETE_SUPPORTED_QUERY_GRAMMAR,NA_NONUNIQUE_OR_APPLICABILITY_PROBE
probe,bge_small,n036,,,,,12,,,,,,,,,,,,False,False,,2,False,,,,,,,,,,False,,"[""UNKNOWN"",""UNKNOWN""]",,,p04,no_constraint_identifier,M2,NO_SAFE_OVERRIDE,NO_SAFE_OVERRIDE|NO_SAFE_OVERRIDE,True,False,NA,"[""UNKNOWN"",""UNKNOWN""]","[1,1]","[""NO_SAFE_OVERRIDE"",""NO_SAFE_OVERRIDE""]",NA_NONUNIQUE_OR_APPLICABILITY_PROBE
probe,bge_small,n037,,,,,12,,,,,,,,,,,,False,False,,2,False,,,,,,,,,,False,,"[""UNKNOWN"",""UNKNOWN""]",,,p05,ambiguous_or_unsupported,M0,BASELINE_NO_INTERVENTION,BASELINE_NO_INTERVENTION,True,False,NA,"[""UNKNOWN"",""UNKNOWN""]","[1,1]",ORIGINAL_MODEL_SCORING,NA_NONUNIQUE_OR_APPLICABILITY_PROBE
probe,bge_small,n037,,,,,12,,,,,,,,,,,,False,False,,2,False,,,,,,,,,,False,,"[""UNKNOWN"",""UNKNOWN""]",,,p05,ambiguous_or_unsupported,M1,UNCHANGED,ABSTAIN_REWRITE,True,False,True,"[""UNKNOWN"",""UNKNOWN""]","[1,1]",NO_COMPLETE_SUPPORTED_QUERY_GRAMMAR,NA_NONUNIQUE_OR_APPLICABILITY_PROBE
probe,bge_small,n037,,,,,12,,,,,,,,,,,,False,False,,2,False,,,,,,,,,,False,,"[""UNKNOWN"",""UNKNOWN""]",,,p05,ambiguous_or_unsupported,M2,NO_SAFE_OVERRIDE,NO_SAFE_OVERRIDE|NO_SAFE_OVERRIDE,True,False,NA,"[""UNKNOWN"",""UNKNOWN""]","[1,1]","[""NO_SAFE_OVERRIDE"",""NO_SAFE_OVERRIDE""]",NA_NONUNIQUE_OR_APPLICABILITY_PROBE
probe,bge_small,n038,,,,,12,,,,,,,,,,,,False,False,,2,False,,,,,,,,,,False,,"[""UNKNOWN"",""UNKNOWN""]",,,p06,ambiguous_or_unsupported,M0,BASELINE_NO_INTERVENTION,BASELINE_NO_INTERVENTION,True,False,NA,"[""UNKNOWN"",""UNKNOWN""]","[1,1]",ORIGINAL_MODEL_SCORING,NA_NONUNIQUE_OR_APPLICABILITY_PROBE
probe,bge_small,n038,,,,,12,,,,,,,,,,,,False,False,,2,False,,,,,,,,,,False,,"[""UNKNOWN"",""UNKNOWN""]",,,p06,ambiguous_or_unsupported,M1,UNCHANGED,ABSTAIN_REWRITE,True,False,True,"[""UNKNOWN"",""UNKNOWN""]","[1,1]",NO_COMPLETE_SUPPORTED_QUERY_GRAMMAR,NA_NONUNIQUE_OR_APPLICABILITY_PROBE
probe,bge_small,n038,,,,,12,,,,,,,,,,,,False,False,,2,False,,,,,,,,,,False,,"[""UNKNOWN"",""UNKNOWN""]",,,p06,ambiguous_or_unsupported,M2,NO_SAFE_OVERRIDE,NO_SAFE_OVERRIDE|NO_SAFE_OVERRIDE,True,False,NA,"[""UNKNOWN"",""UNKNOWN""]","[1,1]","[""NO_SAFE_OVERRIDE"",""NO_SAFE_OVERRIDE""]",NA_NONUNIQUE_OR_APPLICABILITY_PROBE
probe,bge_small,n039,,,,,12,,,,,,,,,,,,False,False,,2,False,,,,,,,,,,False,,"[""UNKNOWN"",""UNKNOWN""]",,,p07,ambiguous_or_unsupported,M0,BASELINE_NO_INTERVENTION,BASELINE_NO_INTERVENTION,True,False,NA,"[""UNKNOWN"",""UNKNOWN""]","[1,1]",ORIGINAL_MODEL_SCORING,NA_NONUNIQUE_OR_APPLICABILITY_PROBE
probe,bge_small,n039,,,,,12,,,,,,,,,,,,False,False,,2,False,,,,,,,,,,False,,"[""UNKNOWN"",""UNKNOWN""]",,,p07,ambiguous_or_unsupported,M1,UNCHANGED,ABSTAIN_REWRITE,True,False,True,"[""UNKNOWN"",""UNKNOWN""]","[1,1]",NO_COMPLETE_SUPPORTED_QUERY_GRAMMAR,NA_NONUNIQUE_OR_APPLICABILITY_PROBE
probe,bge_small,n039,,,,,12,,,,,,,,,,,,False,False,,2,False,,,,,,,,,,False,,"[""UNKNOWN"",""UNKNOWN""]",,,p07,ambiguous_or_unsupported,M2,NO_SAFE_OVERRIDE,NO_SAFE_OVERRIDE|NO_SAFE_OVERRIDE,True,False,NA,"[""UNKNOWN"",""UNKNOWN""]","[1,1]","[""NO_SAFE_OVERRIDE"",""NO_SAFE_OVERRIDE""]",NA_NONUNIQUE_OR_APPLICABILITY_PROBE
probe,bge_small,n040,,,,,12,,,,,,,,,,,,False,False,,2,False,,,,,,,,,,False,,"[""UNKNOWN"",""UNKNOWN""]",,,p08,ambiguous_or_unsupported,M0,BASELINE_NO_INTERVENTION,BASELINE_NO_INTERVENTION,True,False,NA,"[""UNKNOWN"",""UNKNOWN""]","[1,1]",ORIGINAL_MODEL_SCORING,NA_NONUNIQUE_OR_APPLICABILITY_PROBE
probe,bge_small,n040,,,,,12,,,,,,,,,,,,False,False,,2,False,,,,,,,,,,False,,"[""UNKNOWN"",""UNKNOWN""]",,,p08,ambiguous_or_unsupported,M1,UNCHANGED,ABSTAIN_REWRITE,True,False,True,"[""UNKNOWN"",""UNKNOWN""]","[1,1]",NO_COMPLETE_SUPPORTED_QUERY_GRAMMAR,NA_NONUNIQUE_OR_APPLICABILITY_PROBE
probe,bge_small,n040,,,,,12,,,,,,,,,,,,False,False,,2,False,,,,,,,,,,False,,"[""UNKNOWN"",""UNKNOWN""]",,,p08,ambiguous_or_unsupported,M2,NO_SAFE_OVERRIDE,NO_SAFE_OVERRIDE|NO_SAFE_OVERRIDE,True,False,NA,"[""UNKNOWN"",""UNKNOWN""]","[1,1]","[""NO_SAFE_OVERRIDE"",""NO_SAFE_OVERRIDE""]",NA_NONUNIQUE_OR_APPLICABILITY_PROBE
probe,bge_small,n041,,,,,12,,,,,,,,,,,,False,True,,2,False,,,,,,,,,,False,,"[""SATISFIES"",""SATISFIES""]",,,p09,both_satisfy,M0,BASELINE_NO_INTERVENTION,BASELINE_NO_INTERVENTION,True,False,NA,"[true,true]","[1,1]",ORIGINAL_MODEL_SCORING,NA_NONUNIQUE_OR_APPLICABILITY_PROBE
probe,bge_small,n041,,,,,12,,,,,,,,,,,,False,True,,2,False,,,,,,,,,,False,,"[""SATISFIES"",""SATISFIES""]",,,p09,both_satisfy,M1,UNCHANGED_OR_CONSTRAINT_PRESERVING_NORMALIZATION,ABSTAIN_REWRITE,True,False,True,"[true,true]","[1,1]",NO_COMPLETE_SUPPORTED_QUERY_GRAMMAR,NA_NONUNIQUE_OR_APPLICABILITY_PROBE
probe,bge_small,n041,,,,,12,,,,,,,,,,,,False,True,,2,False,,,,,,,,,,False,,"[""SATISFIES"",""SATISFIES""]",,,p09,both_satisfy,M2,NO_SAFE_OVERRIDE,NO_SAFE_OVERRIDE|NO_SAFE_OVERRIDE,True,False,NA,"[true,true]","[1,1]","[""NO_SAFE_OVERRIDE"",""NO_SAFE_OVERRIDE""]",NA_NONUNIQUE_OR_APPLICABILITY_PROBE
probe,bge_small,n042,,,,,12,,,,,,,,,,,,False,True,,2,False,,,,,,,,,,False,,"[""SATISFIES"",""SATISFIES""]",,,p10,both_satisfy,M0,BASELINE_NO_INTERVENTION,BASELINE_NO_INTERVENTION,True,False,NA,"[true,true]","[0,0]",ORIGINAL_MODEL_SCORING,NA_NONUNIQUE_OR_APPLICABILITY_PROBE
probe,bge_small,n042,,,,,12,,,,,,,,,,,,False,True,,2,False,,,,,,,,,,False,,"[""SATISFIES"",""SATISFIES""]",,,p10,both_satisfy,M1,UNCHANGED_OR_CONSTRAINT_PRESERVING_NORMALIZATION,ABSTAIN_REWRITE,True,False,True,"[true,true]","[0,0]",INCOMPLETE_OR_UNSUPPORTED_CONDITION,NA_NONUNIQUE_OR_APPLICABILITY_PROBE
probe,bge_small,n042,,,,,12,,,,,,,,,,,,False,True,,2,False,,,,,,,,,,False,,"[""SATISFIES"",""SATISFIES""]",,,p10,both_satisfy,M2,NO_SAFE_OVERRIDE,NO_SAFE_OVERRIDE|NO_SAFE_OVERRIDE,True,False,NA,"[true,true]","[0,0]","[""NO_SAFE_OVERRIDE"",""NO_SAFE_OVERRIDE""]",NA_NONUNIQUE_OR_APPLICABILITY_PROBE
probe,bge_small,n043,,,,,12,,,,,,,,,,,,False,True,,2,False,,,,,,,,,,False,,"[""VIOLATES"",""VIOLATES""]",,,p11,both_violate,M0,BASELINE_NO_INTERVENTION,BASELINE_NO_INTERVENTION,True,False,NA,"[false,false]","[1,1]",ORIGINAL_MODEL_SCORING,NA_NONUNIQUE_OR_APPLICABILITY_PROBE
probe,bge_small,n043,,,,,12,,,,,,,,,,,,False,True,,2,False,,,,,,,,,,False,,"[""VIOLATES"",""VIOLATES""]",,,p11,both_violate,M1,UNCHANGED_OR_CONSTRAINT_PRESERVING_NORMALIZATION,ABSTAIN_REWRITE,True,False,True,"[false,false]","[1,1]",NO_COMPLETE_SUPPORTED_QUERY_GRAMMAR,NA_NONUNIQUE_OR_APPLICABILITY_PROBE
probe,bge_small,n043,,,,,12,,,,,,,,,,,,False,True,,2,False,,,,,,,,,,False,,"[""VIOLATES"",""VIOLATES""]",,,p11,both_violate,M2,NO_SAFE_OVERRIDE,NO_SAFE_OVERRIDE|NO_SAFE_OVERRIDE,True,False,NA,"[false,false]","[1,1]","[""NO_SAFE_OVERRIDE"",""NO_SAFE_OVERRIDE""]",NA_NONUNIQUE_OR_APPLICABILITY_PROBE
probe,bge_small,n044,,,,,12,,,,,,,,,,,,False,True,,2,False,,,,,,,,,,False,,"[""VIOLATES"",""VIOLATES""]",,,p12,both_violate,M0,BASELINE_NO_INTERVENTION,BASELINE_NO_INTERVENTION,True,False,NA,"[false,false]","[0,0]",ORIGINAL_MODEL_SCORING,NA_NONUNIQUE_OR_APPLICABILITY_PROBE
probe,bge_small,n044,,,,,12,,,,,,,,,,,,False,True,,2,False,,,,,,,,,,False,,"[""VIOLATES"",""VIOLATES""]",,,p12,both_violate,M1,UNCHANGED_OR_CONSTRAINT_PRESERVING_NORMALIZATION,ABSTAIN_REWRITE,True,False,True,"[false,false]","[0,0]",INCOMPLETE_OR_UNSUPPORTED_CONDITION,NA_NONUNIQUE_OR_APPLICABILITY_PROBE
probe,bge_small,n044,,,,,12,,,,,,,,,,,,False,True,,2,False,,,,,,,,,,False,,"[""VIOLATES"",""VIOLATES""]",,,p12,both_violate,M2,NO_SAFE_OVERRIDE,NO_SAFE_OVERRIDE|NO_SAFE_OVERRIDE,True,False,NA,"[false,false]","[0,0]","[""NO_SAFE_OVERRIDE"",""NO_SAFE_OVERRIDE""]",NA_NONUNIQUE_OR_APPLICABILITY_PROBE
main,e5_small,n001,b01,t1_band,LITERAL,0,32,LOSE,LOSE,LOSE,"[1,1]","[1,1]","[1,1]",unchanged,unchanged,False,False,9,False,True,False,2,False,False,-0.003536701202392578,NA_NO_SAME_SCALE_M2_MARGIN,ABSTAIN_REWRITE,True,NA_UNPARSED_OR_INDEPENDENT_UNKNOWN,NA_UNPARSED_OR_INDEPENDENT_UNKNOWN,0,0,False,True,"[""SATISFIES"",""VIOLATES""]","[""NO_SAFE_OVERRIDE"",""NO_SAFE_OVERRIDE""]",False,,,,,,,,,,,,
main,e5_small,n002,b01,t1_band,LITERAL,1,32,LOSE,LOSE,LOSE,"[1,1]","[1,1]","[1,1]",unchanged,unchanged,False,False,9,False,True,False,2,False,False,-0.005493342876434326,NA_NO_SAME_SCALE_M2_MARGIN,ABSTAIN_REWRITE,True,NA_UNPARSED_OR_INDEPENDENT_UNKNOWN,NA_UNPARSED_OR_INDEPENDENT_UNKNOWN,0,0,False,True,"[""SATISFIES"",""VIOLATES""]","[""NO_SAFE_OVERRIDE"",""NO_SAFE_OVERRIDE""]",False,,,,,,,,,,,,
main,e5_small,n003,b01,t1_band,RESOLVED,0,32,WIN,WIN,WIN,"[0,0]","[0,0]","[0,0]",unchanged,unchanged,False,False,9,False,True,False,2,False,False,0.008584260940551758,NA_NO_SAME_SCALE_M2_MARGIN,ABSTAIN_REWRITE,True,NA_UNPARSED_OR_INDEPENDENT_UNKNOWN,NA_UNPARSED_OR_INDEPENDENT_UNKNOWN,0,0,False,True,"[""SATISFIES"",""VIOLATES""]","[""NO_SAFE_OVERRIDE"",""NO_SAFE_OVERRIDE""]",False,,,,,,,,,,,,
main,e5_small,n004,b01,t1_band,RESOLVED,1,32,WIN,WIN,WIN,"[0,0]","[0,0]","[0,0]",unchanged,unchanged,False,False,9,False,True,False,2,False,False,0.008776843547821045,NA_NO_SAME_SCALE_M2_MARGIN,ABSTAIN_REWRITE,True,NA_UNPARSED_OR_INDEPENDENT_UNKNOWN,NA_UNPARSED_OR_INDEPENDENT_UNKNOWN,0,0,False,True,"[""SATISFIES"",""VIOLATES""]","[""NO_SAFE_OVERRIDE"",""NO_SAFE_OVERRIDE""]",False,,,,,,,,,,,,
main,e5_small,n005,b02,t1_band,LITERAL,0,32,LOSE,LOSE,LOSE,"[0,0]","[0,0]","[0,0]",unchanged,unchanged,False,False,9,False,True,False,2,False,False,-0.0041814446449279785,NA_NO_SAME_SCALE_M2_MARGIN,ABSTAIN_REWRITE,True,NA_UNPARSED_OR_INDEPENDENT_UNKNOWN,NA_UNPARSED_OR_INDEPENDENT_UNKNOWN,0,0,False,True,"[""VIOLATES"",""SATISFIES""]","[""NO_SAFE_OVERRIDE"",""NO_SAFE_OVERRIDE""]",False,,,,,,,,,,,,
main,e5_small,n006,b02,t1_band,LITERAL,1,32,LOSE,LOSE,LOSE,"[0,0]","[0,0]","[0,0]",unchanged,unchanged,False,False,9,False,True,False,2,False,False,-0.01196908950805664,NA_NO_SAME_SCALE_M2_MARGIN,ABSTAIN_REWRITE,True,NA_UNPARSED_OR_INDEPENDENT_UNKNOWN,NA_UNPARSED_OR_INDEPENDENT_UNKNOWN,0,0,False,True,"[""VIOLATES"",""SATISFIES""]","[""NO_SAFE_OVERRIDE"",""NO_SAFE_OVERRIDE""]",False,,,,,,,,,,,,
main,e5_small,n007,b02,t1_band,RESOLVED,0,32,WIN,WIN,WIN,"[1,1]","[1,1]","[1,1]",unchanged,unchanged,False,False,9,False,True,False,2,False,False,0.008749306201934814,NA_NO_SAME_SCALE_M2_MARGIN,ABSTAIN_REWRITE,True,NA_UNPARSED_OR_INDEPENDENT_UNKNOWN,NA_UNPARSED_OR_INDEPENDENT_UNKNOWN,0,0,False,True,"[""VIOLATES"",""SATISFIES""]","[""NO_SAFE_OVERRIDE"",""NO_SAFE_OVERRIDE""]",False,,,,,,,,,,,,
main,e5_small,n008,b02,t1_band,RESOLVED,1,32,WIN,WIN,WIN,"[1,1]","[1,1]","[1,1]",unchanged,unchanged,False,False,9,False,True,False,2,False,False,0.0031041502952575684,NA_NO_SAME_SCALE_M2_MARGIN,ABSTAIN_REWRITE,True,NA_UNPARSED_OR_INDEPENDENT_UNKNOWN,NA_UNPARSED_OR_INDEPENDENT_UNKNOWN,0,0,False,True,"[""VIOLATES"",""SATISFIES""]","[""NO_SAFE_OVERRIDE"",""NO_SAFE_OVERRIDE""]",False,,,,,,,,,,,,
main,e5_small,n009,b03,t2_qualification,LITERAL,0,32,LOSE,LOSE,LOSE,"[0,0]","[0,0]","[0,0]",unchanged,unchanged,False,False,9,False,True,False,2,False,False,-0.014954805374145508,NA_NO_SAME_SCALE_M2_MARGIN,ABSTAIN_REWRITE,True,NA_UNPARSED_OR_INDEPENDENT_UNKNOWN,NA_UNPARSED_OR_INDEPENDENT_UNKNOWN,0,0,False,True,"[""VIOLATES"",""SATISFIES""]","[""NO_SAFE_OVERRIDE"",""NO_SAFE_OVERRIDE""]",False,,,,,,,,,,,,
main,e5_small,n010,b03,t2_qualification,LITERAL,1,32,LOSE,LOSE,LOSE,"[0,0]","[0,0]","[0,0]",unchanged,unchanged,False,False,9,False,True,False,2,False,False,-0.014802038669586182,NA_NO_SAME_SCALE_M2_MARGIN,ABSTAIN_REWRITE,True,NA_UNPARSED_OR_INDEPENDENT_UNKNOWN,NA_UNPARSED_OR_INDEPENDENT_UNKNOWN,0,0,False,True,"[""VIOLATES"",""SATISFIES""]","[""NO_SAFE_OVERRIDE"",""NO_SAFE_OVERRIDE""]",False,,,,,,,,,,,,
main,e5_small,n011,b03,t2_qualification,RESOLVED,0,32,WIN,WIN,WIN,"[1,1]","[1,1]","[1,1]",unchanged,unchanged,False,False,9,False,True,False,2,False,False,0.0003197193145751953,NA_NO_SAME_SCALE_M2_MARGIN,ABSTAIN_REWRITE,True,NA_UNPARSED_OR_INDEPENDENT_UNKNOWN,NA_UNPARSED_OR_INDEPENDENT_UNKNOWN,0,0,False,True,"[""VIOLATES"",""SATISFIES""]","[""NO_SAFE_OVERRIDE"",""NO_SAFE_OVERRIDE""]",False,,,,,,,,,,,,
main,e5_small,n012,b03,t2_qualification,RESOLVED,1,32,WIN,WIN,WIN,"[1,1]","[1,1]","[1,1]",unchanged,unchanged,False,False,9,False,True,False,2,False,False,0.0006448626518249512,NA_NO_SAME_SCALE_M2_MARGIN,ABSTAIN_REWRITE,True,NA_UNPARSED_OR_INDEPENDENT_UNKNOWN,NA_UNPARSED_OR_INDEPENDENT_UNKNOWN,0,0,False,True,"[""VIOLATES"",""SATISFIES""]","[""NO_SAFE_OVERRIDE"",""NO_SAFE_OVERRIDE""]",False,,,,,,,,,,,,
main,e5_small,n013,b04,t2_qualification,LITERAL,0,32,LOSE,LOSE,LOSE,"[1,1]","[1,1]","[1,1]",unchanged,unchanged,False,False,9,False,True,False,2,False,False,-0.02749735116958618,NA_NO_SAME_SCALE_M2_MARGIN,ABSTAIN_REWRITE,True,NA_UNPARSED_OR_INDEPENDENT_UNKNOWN,NA_UNPARSED_OR_INDEPENDENT_UNKNOWN,0,0,False,True,"[""SATISFIES"",""VIOLATES""]","[""NO_SAFE_OVERRIDE"",""NO_SAFE_OVERRIDE""]",False,,,,,,,,,,,,
main,e5_small,n014,b04,t2_qualification,LITERAL,1,32,LOSE,LOSE,LOSE,"[1,1]","[1,1]","[1,1]",unchanged,unchanged,False,False,9,False,True,False,2,False,False,-0.032001376152038574,NA_NO_SAME_SCALE_M2_MARGIN,ABSTAIN_REWRITE,True,NA_UNPARSED_OR_INDEPENDENT_UNKNOWN,NA_UNPARSED_OR_INDEPENDENT_UNKNOWN,0,0,False,True,"[""SATISFIES"",""VIOLATES""]","[""NO_SAFE_OVERRIDE"",""NO_SAFE_OVERRIDE""]",False,,,,,,,,,,,,
main,e5_small,n015,b04,t2_qualification,RESOLVED,0,32,WIN,WIN,WIN,"[0,0]","[0,0]","[0,0]",unchanged,unchanged,False,False,9,False,True,False,2,False,False,0.004019320011138916,NA_NO_SAME_SCALE_M2_MARGIN,ABSTAIN_REWRITE,True,NA_UNPARSED_OR_INDEPENDENT_UNKNOWN,NA_UNPARSED_OR_INDEPENDENT_UNKNOWN,0,0,False,True,"[""SATISFIES"",""VIOLATES""]","[""NO_SAFE_OVERRIDE"",""NO_SAFE_OVERRIDE""]",False,,,,,,,,,,,,
main,e5_small,n016,b04,t2_qualification,RESOLVED,1,32,WIN,WIN,WIN,"[0,0]","[0,0]","[0,0]",unchanged,unchanged,False,False,9,False,True,False,2,False,False,0.0015039443969726562,NA_NO_SAME_SCALE_M2_MARGIN,ABSTAIN_REWRITE,True,NA_UNPARSED_OR_INDEPENDENT_UNKNOWN,NA_UNPARSED_OR_INDEPENDENT_UNKNOWN,0,0,False,True,"[""SATISFIES"",""VIOLATES""]","[""NO_SAFE_OVERRIDE"",""NO_SAFE_OVERRIDE""]",False,,,,,,,,,,,,
main,e5_small,n017,b05,t3_requirement,LITERAL,0,32,LOSE,LOSE,LOSE,"[0,0]","[0,0]","[0,0]",unchanged,unchanged,False,False,9,False,True,False,2,False,False,-0.01797783374786377,NA_NO_SAME_SCALE_M2_MARGIN,ABSTAIN_REWRITE,True,NA_UNPARSED_OR_INDEPENDENT_UNKNOWN,NA_UNPARSED_OR_INDEPENDENT_UNKNOWN,0,0,False,True,"[""VIOLATES"",""SATISFIES""]","[""NO_SAFE_OVERRIDE"",""NO_SAFE_OVERRIDE""]",False,,,,,,,,,,,,
main,e5_small,n018,b05,t3_requirement,LITERAL,1,32,LOSE,LOSE,LOSE,"[0,0]","[0,0]","[0,0]",unchanged,unchanged,False,False,9,False,True,False,2,False,False,-0.02788335084915161,NA_NO_SAME_SCALE_M2_MARGIN,ABSTAIN_REWRITE,True,NA_UNPARSED_OR_INDEPENDENT_UNKNOWN,NA_UNPARSED_OR_INDEPENDENT_UNKNOWN,0,0,False,True,"[""VIOLATES"",""SATISFIES""]","[""NO_SAFE_OVERRIDE"",""NO_SAFE_OVERRIDE""]",False,,,,,,,,,,,,
main,e5_small,n019,b05,t3_requirement,RESOLVED,0,32,LOSE,LOSE,LOSE,"[0,0]","[0,0]","[0,0]",unchanged,unchanged,False,False,9,False,True,False,2,False,False,-0.008405447006225586,NA_NO_SAME_SCALE_M2_MARGIN,ABSTAIN_REWRITE,True,NA_UNPARSED_OR_INDEPENDENT_UNKNOWN,NA_UNPARSED_OR_INDEPENDENT_UNKNOWN,0,0,False,True,"[""VIOLATES"",""SATISFIES""]","[""NO_SAFE_OVERRIDE"",""NO_SAFE_OVERRIDE""]",False,,,,,,,,,,,,
main,e5_small,n020,b05,t3_requirement,RESOLVED,1,32,LOSE,LOSE,LOSE,"[0,0]","[0,0]","[0,0]",unchanged,unchanged,False,False,9,False,True,False,2,False,False,-0.01599419116973877,NA_NO_SAME_SCALE_M2_MARGIN,ABSTAIN_REWRITE,True,NA_UNPARSED_OR_INDEPENDENT_UNKNOWN,NA_UNPARSED_OR_INDEPENDENT_UNKNOWN,0,0,False,True,"[""VIOLATES"",""SATISFIES""]","[""NO_SAFE_OVERRIDE"",""NO_SAFE_OVERRIDE""]",False,,,,,,,,,,,,
main,e5_small,n021,b06,t3_requirement,LITERAL,0,32,LOSE,LOSE,LOSE,"[1,1]","[1,1]","[1,1]",unchanged,unchanged,False,False,9,False,True,False,2,False,False,-0.018623948097229004,NA_NO_SAME_SCALE_M2_MARGIN,ABSTAIN_REWRITE,True,NA_UNPARSED_OR_INDEPENDENT_UNKNOWN,NA_UNPARSED_OR_INDEPENDENT_UNKNOWN,0,0,False,True,"[""SATISFIES"",""VIOLATES""]","[""NO_SAFE_OVERRIDE"",""NO_SAFE_OVERRIDE""]",False,,,,,,,,,,,,
main,e5_small,n022,b06,t3_requirement,LITERAL,1,32,LOSE,LOSE,LOSE,"[1,1]","[1,1]","[1,1]",unchanged,unchanged,False,False,9,False,True,False,2,False,False,-0.020893335342407227,NA_NO_SAME_SCALE_M2_MARGIN,ABSTAIN_REWRITE,True,NA_UNPARSED_OR_INDEPENDENT_UNKNOWN,NA_UNPARSED_OR_INDEPENDENT_UNKNOWN,0,0,False,True,"[""SATISFIES"",""VIOLATES""]","[""NO_SAFE_OVERRIDE"",""NO_SAFE_OVERRIDE""]",False,,,,,,,,,,,,
main,e5_small,n023,b06,t3_requirement,RESOLVED,0,32,LOSE,LOSE,LOSE,"[1,1]","[1,1]","[1,1]",unchanged,unchanged,False,False,9,False,True,False,2,False,False,-0.009594857692718506,NA_NO_SAME_SCALE_M2_MARGIN,ABSTAIN_REWRITE,True,NA_UNPARSED_OR_INDEPENDENT_UNKNOWN,NA_UNPARSED_OR_INDEPENDENT_UNKNOWN,0,0,False,True,"[""SATISFIES"",""VIOLATES""]","[""NO_SAFE_OVERRIDE"",""NO_SAFE_OVERRIDE""]",False,,,,,,,,,,,,
main,e5_small,n024,b06,t3_requirement,RESOLVED,1,32,LOSE,LOSE,LOSE,"[1,1]","[1,1]","[1,1]",unchanged,unchanged,False,False,9,False,True,False,2,False,False,-0.008502185344696045,NA_NO_SAME_SCALE_M2_MARGIN,ABSTAIN_REWRITE,True,NA_UNPARSED_OR_INDEPENDENT_UNKNOWN,NA_UNPARSED_OR_INDEPENDENT_UNKNOWN,0,0,False,True,"[""SATISFIES"",""VIOLATES""]","[""NO_SAFE_OVERRIDE"",""NO_SAFE_OVERRIDE""]",False,,,,,,,,,,,,
main,e5_small,n025,b07,t4_endpoint_interval,LITERAL,0,32,LOSE,LOSE,LOSE,"[1,1]","[1,1]","[1,1]",unchanged,unchanged,False,False,9,False,True,False,2,False,False,-0.03143411874771118,NA_NO_SAME_SCALE_M2_MARGIN,ABSTAIN_REWRITE,True,NA_UNPARSED_OR_INDEPENDENT_UNKNOWN,NA_UNPARSED_OR_INDEPENDENT_UNKNOWN,0,0,False,True,"[""SATISFIES"",""VIOLATES""]","[""NO_SAFE_OVERRIDE"",""NO_SAFE_OVERRIDE""]",False,,,,,,,,,,,,
main,e5_small,n026,b07,t4_endpoint_interval,LITERAL,1,32,LOSE,LOSE,LOSE,"[1,1]","[1,1]","[1,1]",unchanged,unchanged,False,False,9,False,True,False,2,False,False,-0.023990988731384277,NA_NO_SAME_SCALE_M2_MARGIN,ABSTAIN_REWRITE,True,NA_UNPARSED_OR_INDEPENDENT_UNKNOWN,NA_UNPARSED_OR_INDEPENDENT_UNKNOWN,0,0,False,True,"[""SATISFIES"",""VIOLATES""]","[""NO_SAFE_OVERRIDE"",""NO_SAFE_OVERRIDE""]",False,,,,,,,,,,,,
main,e5_small,n027,b07,t4_endpoint_interval,RESOLVED,0,32,LOSE,LOSE,LOSE,"[1,1]","[1,1]","[1,1]",unchanged,unchanged,False,False,9,False,True,False,2,False,False,-0.030141115188598633,NA_NO_SAME_SCALE_M2_MARGIN,ABSTAIN_REWRITE,True,NA_UNPARSED_OR_INDEPENDENT_UNKNOWN,NA_UNPARSED_OR_INDEPENDENT_UNKNOWN,0,0,False,True,"[""SATISFIES"",""VIOLATES""]","[""NO_SAFE_OVERRIDE"",""NO_SAFE_OVERRIDE""]",False,,,,,,,,,,,,
main,e5_small,n028,b07,t4_endpoint_interval,RESOLVED,1,32,LOSE,LOSE,LOSE,"[1,1]","[1,1]","[1,1]",unchanged,unchanged,False,False,9,False,True,False,2,False,False,-0.019188284873962402,NA_NO_SAME_SCALE_M2_MARGIN,ABSTAIN_REWRITE,True,NA_UNPARSED_OR_INDEPENDENT_UNKNOWN,NA_UNPARSED_OR_INDEPENDENT_UNKNOWN,0,0,False,True,"[""SATISFIES"",""VIOLATES""]","[""NO_SAFE_OVERRIDE"",""NO_SAFE_OVERRIDE""]",False,,,,,,,,,,,,
main,e5_small,n029,b08,t4_endpoint_interval,LITERAL,0,32,LOSE,LOSE,LOSE,"[0,0]","[0,0]","[0,0]",unchanged,unchanged,False,False,9,False,True,False,2,False,False,-0.01815354824066162,NA_NO_SAME_SCALE_M2_MARGIN,ABSTAIN_REWRITE,True,NA_UNPARSED_OR_INDEPENDENT_UNKNOWN,NA_UNPARSED_OR_INDEPENDENT_UNKNOWN,0,0,False,True,"[""VIOLATES"",""SATISFIES""]","[""NO_SAFE_OVERRIDE"",""NO_SAFE_OVERRIDE""]",False,,,,,,,,,,,,
main,e5_small,n030,b08,t4_endpoint_interval,LITERAL,1,32,LOSE,LOSE,LOSE,"[0,0]","[0,0]","[0,0]",unchanged,unchanged,False,False,9,False,True,False,2,False,False,-0.013913512229919434,NA_NO_SAME_SCALE_M2_MARGIN,ABSTAIN_REWRITE,True,NA_UNPARSED_OR_INDEPENDENT_UNKNOWN,NA_UNPARSED_OR_INDEPENDENT_UNKNOWN,0,0,False,True,"[""VIOLATES"",""SATISFIES""]","[""NO_SAFE_OVERRIDE"",""NO_SAFE_OVERRIDE""]",False,,,,,,,,,,,,
main,e5_small,n031,b08,t4_endpoint_interval,RESOLVED,0,32,WIN,WIN,WIN,"[1,1]","[1,1]","[1,1]",unchanged,unchanged,False,False,9,False,True,False,2,False,False,0.005887210369110107,NA_NO_SAME_SCALE_M2_MARGIN,ABSTAIN_REWRITE,True,NA_UNPARSED_OR_INDEPENDENT_UNKNOWN,NA_UNPARSED_OR_INDEPENDENT_UNKNOWN,0,0,False,True,"[""VIOLATES"",""SATISFIES""]","[""NO_SAFE_OVERRIDE"",""NO_SAFE_OVERRIDE""]",False,,,,,,,,,,,,
main,e5_small,n032,b08,t4_endpoint_interval,RESOLVED,1,32,LOSE,LOSE,LOSE,"[0,0]","[0,0]","[0,0]",unchanged,unchanged,False,False,9,False,True,False,2,False,False,-0.0015381574630737305,NA_NO_SAME_SCALE_M2_MARGIN,ABSTAIN_REWRITE,True,NA_UNPARSED_OR_INDEPENDENT_UNKNOWN,NA_UNPARSED_OR_INDEPENDENT_UNKNOWN,0,0,False,True,"[""VIOLATES"",""SATISFIES""]","[""NO_SAFE_OVERRIDE"",""NO_SAFE_OVERRIDE""]",False,,,,,,,,,,,,
probe,e5_small,n033,,,,,12,,,,,,,,,,,,False,False,,2,False,,,,,,,,,,False,,"[""UNKNOWN"",""UNKNOWN""]",,,p01,no_constraint_no_numbers,M0,BASELINE_NO_INTERVENTION,BASELINE_NO_INTERVENTION,True,False,NA,"[""UNKNOWN"",""UNKNOWN""]","[1,1]",ORIGINAL_MODEL_SCORING,NA_NONUNIQUE_OR_APPLICABILITY_PROBE
probe,e5_small,n033,,,,,12,,,,,,,,,,,,False,False,,2,False,,,,,,,,,,False,,"[""UNKNOWN"",""UNKNOWN""]",,,p01,no_constraint_no_numbers,M1,UNCHANGED,ABSTAIN_REWRITE,True,False,True,"[""UNKNOWN"",""UNKNOWN""]","[1,1]",NO_COMPLETE_SUPPORTED_QUERY_GRAMMAR,NA_NONUNIQUE_OR_APPLICABILITY_PROBE
probe,e5_small,n033,,,,,12,,,,,,,,,,,,False,False,,2,False,,,,,,,,,,False,,"[""UNKNOWN"",""UNKNOWN""]",,,p01,no_constraint_no_numbers,M2,NO_SAFE_OVERRIDE,NO_SAFE_OVERRIDE|NO_SAFE_OVERRIDE,True,False,NA,"[""UNKNOWN"",""UNKNOWN""]","[1,1]","[""NO_SAFE_OVERRIDE"",""NO_SAFE_OVERRIDE""]",NA_NONUNIQUE_OR_APPLICABILITY_PROBE
probe,e5_small,n034,,,,,12,,,,,,,,,,,,False,False,,2,False,,,,,,,,,,False,,"[""UNKNOWN"",""UNKNOWN""]",,,p02,no_constraint_no_numbers,M0,BASELINE_NO_INTERVENTION,BASELINE_NO_INTERVENTION,True,False,NA,"[""UNKNOWN"",""UNKNOWN""]","[0,0]",ORIGINAL_MODEL_SCORING,NA_NONUNIQUE_OR_APPLICABILITY_PROBE
probe,e5_small,n034,,,,,12,,,,,,,,,,,,False,False,,2,False,,,,,,,,,,False,,"[""UNKNOWN"",""UNKNOWN""]",,,p02,no_constraint_no_numbers,M1,UNCHANGED,ABSTAIN_REWRITE,True,False,True,"[""UNKNOWN"",""UNKNOWN""]","[0,0]",NO_COMPLETE_SUPPORTED_QUERY_GRAMMAR,NA_NONUNIQUE_OR_APPLICABILITY_PROBE
probe,e5_small,n034,,,,,12,,,,,,,,,,,,False,False,,2,False,,,,,,,,,,False,,"[""UNKNOWN"",""UNKNOWN""]",,,p02,no_constraint_no_numbers,M2,NO_SAFE_OVERRIDE,NO_SAFE_OVERRIDE|NO_SAFE_OVERRIDE,True,False,NA,"[""UNKNOWN"",""UNKNOWN""]","[0,0]","[""NO_SAFE_OVERRIDE"",""NO_SAFE_OVERRIDE""]",NA_NONUNIQUE_OR_APPLICABILITY_PROBE
probe,e5_small,n035,,,,,12,,,,,,,,,,,,False,False,,2,False,,,,,,,,,,False,,"[""UNKNOWN"",""UNKNOWN""]",,,p03,no_constraint_identifier,M0,BASELINE_NO_INTERVENTION,BASELINE_NO_INTERVENTION,True,False,NA,"[""UNKNOWN"",""UNKNOWN""]","[0,0]",ORIGINAL_MODEL_SCORING,NA_NONUNIQUE_OR_APPLICABILITY_PROBE
probe,e5_small,n035,,,,,12,,,,,,,,,,,,False,False,,2,False,,,,,,,,,,False,,"[""UNKNOWN"",""UNKNOWN""]",,,p03,no_constraint_identifier,M1,UNCHANGED,ABSTAIN_REWRITE,True,False,True,"[""UNKNOWN"",""UNKNOWN""]","[0,0]",NO_COMPLETE_SUPPORTED_QUERY_GRAMMAR,NA_NONUNIQUE_OR_APPLICABILITY_PROBE
probe,e5_small,n035,,,,,12,,,,,,,,,,,,False,False,,2,False,,,,,,,,,,False,,"[""UNKNOWN"",""UNKNOWN""]",,,p03,no_constraint_identifier,M2,NO_SAFE_OVERRIDE,NO_SAFE_OVERRIDE|NO_SAFE_OVERRIDE,True,False,NA,"[""UNKNOWN"",""UNKNOWN""]","[0,0]","[""NO_SAFE_OVERRIDE"",""NO_SAFE_OVERRIDE""]",NA_NONUNIQUE_OR_APPLICABILITY_PROBE
probe,e5_small,n036,,,,,12,,,,,,,,,,,,False,False,,2,False,,,,,,,,,,False,,"[""UNKNOWN"",""UNKNOWN""]",,,p04,no_constraint_identifier,M0,BASELINE_NO_INTERVENTION,BASELINE_NO_INTERVENTION,True,False,NA,"[""UNKNOWN"",""UNKNOWN""]","[0,0]",ORIGINAL_MODEL_SCORING,NA_NONUNIQUE_OR_APPLICABILITY_PROBE
probe,e5_small,n036,,,,,12,,,,,,,,,,,,False,False,,2,False,,,,,,,,,,False,,"[""UNKNOWN"",""UNKNOWN""]",,,p04,no_constraint_identifier,M1,UNCHANGED,ABSTAIN_REWRITE,True,False,True,"[""UNKNOWN"",""UNKNOWN""]","[0,0]",NO_COMPLETE_SUPPORTED_QUERY_GRAMMAR,NA_NONUNIQUE_OR_APPLICABILITY_PROBE
probe,e5_small,n036,,,,,12,,,,,,,,,,,,False,False,,2,False,,,,,,,,,,False,,"[""UNKNOWN"",""UNKNOWN""]",,,p04,no_constraint_identifier,M2,NO_SAFE_OVERRIDE,NO_SAFE_OVERRIDE|NO_SAFE_OVERRIDE,True,False,NA,"[""UNKNOWN"",""UNKNOWN""]","[0,0]","[""NO_SAFE_OVERRIDE"",""NO_SAFE_OVERRIDE""]",NA_NONUNIQUE_OR_APPLICABILITY_PROBE
probe,e5_small,n037,,,,,12,,,,,,,,,,,,False,False,,2,False,,,,,,,,,,False,,"[""UNKNOWN"",""UNKNOWN""]",,,p05,ambiguous_or_unsupported,M0,BASELINE_NO_INTERVENTION,BASELINE_NO_INTERVENTION,True,False,NA,"[""UNKNOWN"",""UNKNOWN""]","[0,0]",ORIGINAL_MODEL_SCORING,NA_NONUNIQUE_OR_APPLICABILITY_PROBE
probe,e5_small,n037,,,,,12,,,,,,,,,,,,False,False,,2,False,,,,,,,,,,False,,"[""UNKNOWN"",""UNKNOWN""]",,,p05,ambiguous_or_unsupported,M1,UNCHANGED,ABSTAIN_REWRITE,True,False,True,"[""UNKNOWN"",""UNKNOWN""]","[0,0]",NO_COMPLETE_SUPPORTED_QUERY_GRAMMAR,NA_NONUNIQUE_OR_APPLICABILITY_PROBE
probe,e5_small,n037,,,,,12,,,,,,,,,,,,False,False,,2,False,,,,,,,,,,False,,"[""UNKNOWN"",""UNKNOWN""]",,,p05,ambiguous_or_unsupported,M2,NO_SAFE_OVERRIDE,NO_SAFE_OVERRIDE|NO_SAFE_OVERRIDE,True,False,NA,"[""UNKNOWN"",""UNKNOWN""]","[0,0]","[""NO_SAFE_OVERRIDE"",""NO_SAFE_OVERRIDE""]",NA_NONUNIQUE_OR_APPLICABILITY_PROBE
probe,e5_small,n038,,,,,12,,,,,,,,,,,,False,False,,2,False,,,,,,,,,,False,,"[""UNKNOWN"",""UNKNOWN""]",,,p06,ambiguous_or_unsupported,M0,BASELINE_NO_INTERVENTION,BASELINE_NO_INTERVENTION,True,False,NA,"[""UNKNOWN"",""UNKNOWN""]","[1,1]",ORIGINAL_MODEL_SCORING,NA_NONUNIQUE_OR_APPLICABILITY_PROBE
probe,e5_small,n038,,,,,12,,,,,,,,,,,,False,False,,2,False,,,,,,,,,,False,,"[""UNKNOWN"",""UNKNOWN""]",,,p06,ambiguous_or_unsupported,M1,UNCHANGED,ABSTAIN_REWRITE,True,False,True,"[""UNKNOWN"",""UNKNOWN""]","[1,1]",NO_COMPLETE_SUPPORTED_QUERY_GRAMMAR,NA_NONUNIQUE_OR_APPLICABILITY_PROBE
probe,e5_small,n038,,,,,12,,,,,,,,,,,,False,False,,2,False,,,,,,,,,,False,,"[""UNKNOWN"",""UNKNOWN""]",,,p06,ambiguous_or_unsupported,M2,NO_SAFE_OVERRIDE,NO_SAFE_OVERRIDE|NO_SAFE_OVERRIDE,True,False,NA,"[""UNKNOWN"",""UNKNOWN""]","[1,1]","[""NO_SAFE_OVERRIDE"",""NO_SAFE_OVERRIDE""]",NA_NONUNIQUE_OR_APPLICABILITY_PROBE
probe,e5_small,n039,,,,,12,,,,,,,,,,,,False,False,,2,False,,,,,,,,,,False,,"[""UNKNOWN"",""UNKNOWN""]",,,p07,ambiguous_or_unsupported,M0,BASELINE_NO_INTERVENTION,BASELINE_NO_INTERVENTION,True,False,NA,"[""UNKNOWN"",""UNKNOWN""]","[0,0]",ORIGINAL_MODEL_SCORING,NA_NONUNIQUE_OR_APPLICABILITY_PROBE
probe,e5_small,n039,,,,,12,,,,,,,,,,,,False,False,,2,False,,,,,,,,,,False,,"[""UNKNOWN"",""UNKNOWN""]",,,p07,ambiguous_or_unsupported,M1,UNCHANGED,ABSTAIN_REWRITE,True,False,True,"[""UNKNOWN"",""UNKNOWN""]","[0,0]",NO_COMPLETE_SUPPORTED_QUERY_GRAMMAR,NA_NONUNIQUE_OR_APPLICABILITY_PROBE
probe,e5_small,n039,,,,,12,,,,,,,,,,,,False,False,,2,False,,,,,,,,,,False,,"[""UNKNOWN"",""UNKNOWN""]",,,p07,ambiguous_or_unsupported,M2,NO_SAFE_OVERRIDE,NO_SAFE_OVERRIDE|NO_SAFE_OVERRIDE,True,False,NA,"[""UNKNOWN"",""UNKNOWN""]","[0,0]","[""NO_SAFE_OVERRIDE"",""NO_SAFE_OVERRIDE""]",NA_NONUNIQUE_OR_APPLICABILITY_PROBE
probe,e5_small,n040,,,,,12,,,,,,,,,,,,False,False,,2,False,,,,,,,,,,False,,"[""UNKNOWN"",""UNKNOWN""]",,,p08,ambiguous_or_unsupported,M0,BASELINE_NO_INTERVENTION,BASELINE_NO_INTERVENTION,True,False,NA,"[""UNKNOWN"",""UNKNOWN""]","[0,0]",ORIGINAL_MODEL_SCORING,NA_NONUNIQUE_OR_APPLICABILITY_PROBE
probe,e5_small,n040,,,,,12,,,,,,,,,,,,False,False,,2,False,,,,,,,,,,False,,"[""UNKNOWN"",""UNKNOWN""]",,,p08,ambiguous_or_unsupported,M1,UNCHANGED,ABSTAIN_REWRITE,True,False,True,"[""UNKNOWN"",""UNKNOWN""]","[0,0]",NO_COMPLETE_SUPPORTED_QUERY_GRAMMAR,NA_NONUNIQUE_OR_APPLICABILITY_PROBE
probe,e5_small,n040,,,,,12,,,,,,,,,,,,False,False,,2,False,,,,,,,,,,False,,"[""UNKNOWN"",""UNKNOWN""]",,,p08,ambiguous_or_unsupported,M2,NO_SAFE_OVERRIDE,NO_SAFE_OVERRIDE|NO_SAFE_OVERRIDE,True,False,NA,"[""UNKNOWN"",""UNKNOWN""]","[0,0]","[""NO_SAFE_OVERRIDE"",""NO_SAFE_OVERRIDE""]",NA_NONUNIQUE_OR_APPLICABILITY_PROBE
probe,e5_small,n041,,,,,12,,,,,,,,,,,,False,True,,2,False,,,,,,,,,,False,,"[""SATISFIES"",""SATISFIES""]",,,p09,both_satisfy,M0,BASELINE_NO_INTERVENTION,BASELINE_NO_INTERVENTION,True,False,NA,"[true,true]","[1,1]",ORIGINAL_MODEL_SCORING,NA_NONUNIQUE_OR_APPLICABILITY_PROBE
probe,e5_small,n041,,,,,12,,,,,,,,,,,,False,True,,2,False,,,,,,,,,,False,,"[""SATISFIES"",""SATISFIES""]",,,p09,both_satisfy,M1,UNCHANGED_OR_CONSTRAINT_PRESERVING_NORMALIZATION,ABSTAIN_REWRITE,True,False,True,"[true,true]","[1,1]",NO_COMPLETE_SUPPORTED_QUERY_GRAMMAR,NA_NONUNIQUE_OR_APPLICABILITY_PROBE
probe,e5_small,n041,,,,,12,,,,,,,,,,,,False,True,,2,False,,,,,,,,,,False,,"[""SATISFIES"",""SATISFIES""]",,,p09,both_satisfy,M2,NO_SAFE_OVERRIDE,NO_SAFE_OVERRIDE|NO_SAFE_OVERRIDE,True,False,NA,"[true,true]","[1,1]","[""NO_SAFE_OVERRIDE"",""NO_SAFE_OVERRIDE""]",NA_NONUNIQUE_OR_APPLICABILITY_PROBE
probe,e5_small,n042,,,,,12,,,,,,,,,,,,False,True,,2,False,,,,,,,,,,False,,"[""SATISFIES"",""SATISFIES""]",,,p10,both_satisfy,M0,BASELINE_NO_INTERVENTION,BASELINE_NO_INTERVENTION,True,False,NA,"[true,true]","[0,0]",ORIGINAL_MODEL_SCORING,NA_NONUNIQUE_OR_APPLICABILITY_PROBE
probe,e5_small,n042,,,,,12,,,,,,,,,,,,False,True,,2,False,,,,,,,,,,False,,"[""SATISFIES"",""SATISFIES""]",,,p10,both_satisfy,M1,UNCHANGED_OR_CONSTRAINT_PRESERVING_NORMALIZATION,ABSTAIN_REWRITE,True,False,True,"[true,true]","[0,0]",INCOMPLETE_OR_UNSUPPORTED_CONDITION,NA_NONUNIQUE_OR_APPLICABILITY_PROBE
probe,e5_small,n042,,,,,12,,,,,,,,,,,,False,True,,2,False,,,,,,,,,,False,,"[""SATISFIES"",""SATISFIES""]",,,p10,both_satisfy,M2,NO_SAFE_OVERRIDE,NO_SAFE_OVERRIDE|NO_SAFE_OVERRIDE,True,False,NA,"[true,true]","[0,0]","[""NO_SAFE_OVERRIDE"",""NO_SAFE_OVERRIDE""]",NA_NONUNIQUE_OR_APPLICABILITY_PROBE
probe,e5_small,n043,,,,,12,,,,,,,,,,,,False,True,,2,False,,,,,,,,,,False,,"[""VIOLATES"",""VIOLATES""]",,,p11,both_violate,M0,BASELINE_NO_INTERVENTION,BASELINE_NO_INTERVENTION,True,False,NA,"[false,false]","[1,1]",ORIGINAL_MODEL_SCORING,NA_NONUNIQUE_OR_APPLICABILITY_PROBE
probe,e5_small,n043,,,,,12,,,,,,,,,,,,False,True,,2,False,,,,,,,,,,False,,"[""VIOLATES"",""VIOLATES""]",,,p11,both_violate,M1,UNCHANGED_OR_CONSTRAINT_PRESERVING_NORMALIZATION,ABSTAIN_REWRITE,True,False,True,"[false,false]","[1,1]",NO_COMPLETE_SUPPORTED_QUERY_GRAMMAR,NA_NONUNIQUE_OR_APPLICABILITY_PROBE
probe,e5_small,n043,,,,,12,,,,,,,,,,,,False,True,,2,False,,,,,,,,,,False,,"[""VIOLATES"",""VIOLATES""]",,,p11,both_violate,M2,NO_SAFE_OVERRIDE,NO_SAFE_OVERRIDE|NO_SAFE_OVERRIDE,True,False,NA,"[false,false]","[1,1]","[""NO_SAFE_OVERRIDE"",""NO_SAFE_OVERRIDE""]",NA_NONUNIQUE_OR_APPLICABILITY_PROBE
probe,e5_small,n044,,,,,12,,,,,,,,,,,,False,True,,2,False,,,,,,,,,,False,,"[""VIOLATES"",""VIOLATES""]",,,p12,both_violate,M0,BASELINE_NO_INTERVENTION,BASELINE_NO_INTERVENTION,True,False,NA,"[false,false]","[0,0]",ORIGINAL_MODEL_SCORING,NA_NONUNIQUE_OR_APPLICABILITY_PROBE
probe,e5_small,n044,,,,,12,,,,,,,,,,,,False,True,,2,False,,,,,,,,,,False,,"[""VIOLATES"",""VIOLATES""]",,,p12,both_violate,M1,UNCHANGED_OR_CONSTRAINT_PRESERVING_NORMALIZATION,ABSTAIN_REWRITE,True,False,True,"[false,false]","[0,0]",INCOMPLETE_OR_UNSUPPORTED_CONDITION,NA_NONUNIQUE_OR_APPLICABILITY_PROBE
probe,e5_small,n044,,,,,12,,,,,,,,,,,,False,True,,2,False,,,,,,,,,,False,,"[""VIOLATES"",""VIOLATES""]",,,p12,both_violate,M2,NO_SAFE_OVERRIDE,NO_SAFE_OVERRIDE|NO_SAFE_OVERRIDE,True,False,NA,"[false,false]","[0,0]","[""NO_SAFE_OVERRIDE"",""NO_SAFE_OVERRIDE""]",NA_NONUNIQUE_OR_APPLICABILITY_PROBE
main,minilm_ce,n001,b01,t1_band,LITERAL,0,32,LOSE,LOSE,LOSE,"[1,1]","[1,1]","[1,1]",unchanged,unchanged,False,False,6,False,True,False,2,False,False,-0.40720367431640625,NA_NO_SAME_SCALE_M2_MARGIN,ABSTAIN_REWRITE,True,NA_UNPARSED_OR_INDEPENDENT_UNKNOWN,NA_UNPARSED_OR_INDEPENDENT_UNKNOWN,0,0,False,True,"[""SATISFIES"",""VIOLATES""]","[""NO_SAFE_OVERRIDE"",""NO_SAFE_OVERRIDE""]",False,,,,,,,,,,,,
main,minilm_ce,n002,b01,t1_band,LITERAL,1,32,LOSE,LOSE,LOSE,"[1,1]","[1,1]","[1,1]",unchanged,unchanged,False,False,6,False,True,False,2,False,False,-0.6386361122131348,NA_NO_SAME_SCALE_M2_MARGIN,ABSTAIN_REWRITE,True,NA_UNPARSED_OR_INDEPENDENT_UNKNOWN,NA_UNPARSED_OR_INDEPENDENT_UNKNOWN,0,0,False,True,"[""SATISFIES"",""VIOLATES""]","[""NO_SAFE_OVERRIDE"",""NO_SAFE_OVERRIDE""]",False,,,,,,,,,,,,
main,minilm_ce,n003,b01,t1_band,RESOLVED,0,32,LOSE,LOSE,LOSE,"[1,1]","[1,1]","[1,1]",unchanged,unchanged,False,False,6,False,True,False,2,False,False,-0.07034778594970703,NA_NO_SAME_SCALE_M2_MARGIN,ABSTAIN_REWRITE,True,NA_UNPARSED_OR_INDEPENDENT_UNKNOWN,NA_UNPARSED_OR_INDEPENDENT_UNKNOWN,0,0,False,True,"[""SATISFIES"",""VIOLATES""]","[""NO_SAFE_OVERRIDE"",""NO_SAFE_OVERRIDE""]",False,,,,,,,,,,,,
main,minilm_ce,n004,b01,t1_band,RESOLVED,1,32,LOSE,LOSE,LOSE,"[1,1]","[1,1]","[1,1]",unchanged,unchanged,False,False,6,False,True,False,2,False,False,-0.5485751628875732,NA_NO_SAME_SCALE_M2_MARGIN,ABSTAIN_REWRITE,True,NA_UNPARSED_OR_INDEPENDENT_UNKNOWN,NA_UNPARSED_OR_INDEPENDENT_UNKNOWN,0,0,False,True,"[""SATISFIES"",""VIOLATES""]","[""NO_SAFE_OVERRIDE"",""NO_SAFE_OVERRIDE""]",False,,,,,,,,,,,,
main,minilm_ce,n005,b02,t1_band,LITERAL,0,32,LOSE,LOSE,LOSE,"[0,0]","[0,0]","[0,0]",unchanged,unchanged,False,False,6,False,True,False,2,False,False,-0.45775461196899414,NA_NO_SAME_SCALE_M2_MARGIN,ABSTAIN_REWRITE,True,NA_UNPARSED_OR_INDEPENDENT_UNKNOWN,NA_UNPARSED_OR_INDEPENDENT_UNKNOWN,0,0,False,True,"[""VIOLATES"",""SATISFIES""]","[""NO_SAFE_OVERRIDE"",""NO_SAFE_OVERRIDE""]",False,,,,,,,,,,,,
main,minilm_ce,n006,b02,t1_band,LITERAL,1,32,LOSE,LOSE,LOSE,"[0,0]","[0,0]","[0,0]",unchanged,unchanged,False,False,6,False,True,False,2,False,False,-0.9521234035491943,NA_NO_SAME_SCALE_M2_MARGIN,ABSTAIN_REWRITE,True,NA_UNPARSED_OR_INDEPENDENT_UNKNOWN,NA_UNPARSED_OR_INDEPENDENT_UNKNOWN,0,0,False,True,"[""VIOLATES"",""SATISFIES""]","[""NO_SAFE_OVERRIDE"",""NO_SAFE_OVERRIDE""]",False,,,,,,,,,,,,
main,minilm_ce,n007,b02,t1_band,RESOLVED,0,32,LOSE,LOSE,LOSE,"[0,0]","[0,0]","[0,0]",unchanged,unchanged,False,False,6,False,True,False,2,False,False,-0.13056731224060059,NA_NO_SAME_SCALE_M2_MARGIN,ABSTAIN_REWRITE,True,NA_UNPARSED_OR_INDEPENDENT_UNKNOWN,NA_UNPARSED_OR_INDEPENDENT_UNKNOWN,0,0,False,True,"[""VIOLATES"",""SATISFIES""]","[""NO_SAFE_OVERRIDE"",""NO_SAFE_OVERRIDE""]",False,,,,,,,,,,,,
main,minilm_ce,n008,b02,t1_band,RESOLVED,1,32,LOSE,LOSE,LOSE,"[0,0]","[0,0]","[0,0]",unchanged,unchanged,False,False,6,False,True,False,2,False,False,-0.37643396854400635,NA_NO_SAME_SCALE_M2_MARGIN,ABSTAIN_REWRITE,True,NA_UNPARSED_OR_INDEPENDENT_UNKNOWN,NA_UNPARSED_OR_INDEPENDENT_UNKNOWN,0,0,False,True,"[""VIOLATES"",""SATISFIES""]","[""NO_SAFE_OVERRIDE"",""NO_SAFE_OVERRIDE""]",False,,,,,,,,,,,,
main,minilm_ce,n009,b03,t2_qualification,LITERAL,0,32,LOSE,LOSE,LOSE,"[0,0]","[0,0]","[0,0]",unchanged,unchanged,False,False,6,False,True,False,2,False,False,-1.2058486938476562,NA_NO_SAME_SCALE_M2_MARGIN,ABSTAIN_REWRITE,True,NA_UNPARSED_OR_INDEPENDENT_UNKNOWN,NA_UNPARSED_OR_INDEPENDENT_UNKNOWN,0,0,False,True,"[""VIOLATES"",""SATISFIES""]","[""NO_SAFE_OVERRIDE"",""NO_SAFE_OVERRIDE""]",False,,,,,,,,,,,,
main,minilm_ce,n010,b03,t2_qualification,LITERAL,1,32,LOSE,LOSE,LOSE,"[0,0]","[0,0]","[0,0]",unchanged,unchanged,False,False,6,False,True,False,2,False,False,-0.9650158882141113,NA_NO_SAME_SCALE_M2_MARGIN,ABSTAIN_REWRITE,True,NA_UNPARSED_OR_INDEPENDENT_UNKNOWN,NA_UNPARSED_OR_INDEPENDENT_UNKNOWN,0,0,False,True,"[""VIOLATES"",""SATISFIES""]","[""NO_SAFE_OVERRIDE"",""NO_SAFE_OVERRIDE""]",False,,,,,,,,,,,,
main,minilm_ce,n011,b03,t2_qualification,RESOLVED,0,32,LOSE,LOSE,LOSE,"[0,0]","[0,0]","[0,0]",unchanged,unchanged,False,False,6,False,True,False,2,False,False,-0.15190362930297852,NA_NO_SAME_SCALE_M2_MARGIN,ABSTAIN_REWRITE,True,NA_UNPARSED_OR_INDEPENDENT_UNKNOWN,NA_UNPARSED_OR_INDEPENDENT_UNKNOWN,0,0,False,True,"[""VIOLATES"",""SATISFIES""]","[""NO_SAFE_OVERRIDE"",""NO_SAFE_OVERRIDE""]",False,,,,,,,,,,,,
main,minilm_ce,n012,b03,t2_qualification,RESOLVED,1,32,WIN,WIN,WIN,"[1,1]","[1,1]","[1,1]",unchanged,unchanged,False,False,6,False,True,False,2,False,False,0.15651416778564453,NA_NO_SAME_SCALE_M2_MARGIN,ABSTAIN_REWRITE,True,NA_UNPARSED_OR_INDEPENDENT_UNKNOWN,NA_UNPARSED_OR_INDEPENDENT_UNKNOWN,0,0,False,True,"[""VIOLATES"",""SATISFIES""]","[""NO_SAFE_OVERRIDE"",""NO_SAFE_OVERRIDE""]",False,,,,,,,,,,,,
main,minilm_ce,n013,b04,t2_qualification,LITERAL,0,32,LOSE,LOSE,LOSE,"[1,1]","[1,1]","[1,1]",unchanged,unchanged,False,False,6,False,True,False,2,False,False,-0.9477887153625488,NA_NO_SAME_SCALE_M2_MARGIN,ABSTAIN_REWRITE,True,NA_UNPARSED_OR_INDEPENDENT_UNKNOWN,NA_UNPARSED_OR_INDEPENDENT_UNKNOWN,0,0,False,True,"[""SATISFIES"",""VIOLATES""]","[""NO_SAFE_OVERRIDE"",""NO_SAFE_OVERRIDE""]",False,,,,,,,,,,,,
main,minilm_ce,n014,b04,t2_qualification,LITERAL,1,32,LOSE,LOSE,LOSE,"[1,1]","[1,1]","[1,1]",unchanged,unchanged,False,False,6,False,True,False,2,False,False,-0.7155613899230957,NA_NO_SAME_SCALE_M2_MARGIN,ABSTAIN_REWRITE,True,NA_UNPARSED_OR_INDEPENDENT_UNKNOWN,NA_UNPARSED_OR_INDEPENDENT_UNKNOWN,0,0,False,True,"[""SATISFIES"",""VIOLATES""]","[""NO_SAFE_OVERRIDE"",""NO_SAFE_OVERRIDE""]",False,,,,,,,,,,,,
main,minilm_ce,n015,b04,t2_qualification,RESOLVED,0,32,LOSE,LOSE,LOSE,"[1,1]","[1,1]","[1,1]",unchanged,unchanged,False,False,6,False,True,False,2,False,False,-0.08501243591308594,NA_NO_SAME_SCALE_M2_MARGIN,ABSTAIN_REWRITE,True,NA_UNPARSED_OR_INDEPENDENT_UNKNOWN,NA_UNPARSED_OR_INDEPENDENT_UNKNOWN,0,0,False,True,"[""SATISFIES"",""VIOLATES""]","[""NO_SAFE_OVERRIDE"",""NO_SAFE_OVERRIDE""]",False,,,,,,,,,,,,
main,minilm_ce,n016,b04,t2_qualification,RESOLVED,1,32,WIN,WIN,WIN,"[0,0]","[0,0]","[0,0]",unchanged,unchanged,False,False,6,False,True,False,2,False,False,0.20215415954589844,NA_NO_SAME_SCALE_M2_MARGIN,ABSTAIN_REWRITE,True,NA_UNPARSED_OR_INDEPENDENT_UNKNOWN,NA_UNPARSED_OR_INDEPENDENT_UNKNOWN,0,0,False,True,"[""SATISFIES"",""VIOLATES""]","[""NO_SAFE_OVERRIDE"",""NO_SAFE_OVERRIDE""]",False,,,,,,,,,,,,
main,minilm_ce,n017,b05,t3_requirement,LITERAL,0,32,LOSE,LOSE,LOSE,"[0,0]","[0,0]","[0,0]",unchanged,unchanged,False,False,6,False,True,False,2,False,False,-1.2693347930908203,NA_NO_SAME_SCALE_M2_MARGIN,ABSTAIN_REWRITE,True,NA_UNPARSED_OR_INDEPENDENT_UNKNOWN,NA_UNPARSED_OR_INDEPENDENT_UNKNOWN,0,0,False,True,"[""VIOLATES"",""SATISFIES""]","[""NO_SAFE_OVERRIDE"",""NO_SAFE_OVERRIDE""]",False,,,,,,,,,,,,
main,minilm_ce,n018,b05,t3_requirement,LITERAL,1,32,LOSE,LOSE,LOSE,"[0,0]","[0,0]","[0,0]",unchanged,unchanged,False,False,6,False,True,False,2,False,False,-1.0090546607971191,NA_NO_SAME_SCALE_M2_MARGIN,ABSTAIN_REWRITE,True,NA_UNPARSED_OR_INDEPENDENT_UNKNOWN,NA_UNPARSED_OR_INDEPENDENT_UNKNOWN,0,0,False,True,"[""VIOLATES"",""SATISFIES""]","[""NO_SAFE_OVERRIDE"",""NO_SAFE_OVERRIDE""]",False,,,,,,,,,,,,
main,minilm_ce,n019,b05,t3_requirement,RESOLVED,0,32,LOSE,LOSE,LOSE,"[0,0]","[0,0]","[0,0]",unchanged,unchanged,False,False,6,False,True,False,2,False,False,-0.919827938079834,NA_NO_SAME_SCALE_M2_MARGIN,ABSTAIN_REWRITE,True,NA_UNPARSED_OR_INDEPENDENT_UNKNOWN,NA_UNPARSED_OR_INDEPENDENT_UNKNOWN,0,0,False,True,"[""VIOLATES"",""SATISFIES""]","[""NO_SAFE_OVERRIDE"",""NO_SAFE_OVERRIDE""]",False,,,,,,,,,,,,
main,minilm_ce,n020,b05,t3_requirement,RESOLVED,1,32,LOSE,LOSE,LOSE,"[0,0]","[0,0]","[0,0]",unchanged,unchanged,False,False,6,False,True,False,2,False,False,-0.8745372295379639,NA_NO_SAME_SCALE_M2_MARGIN,ABSTAIN_REWRITE,True,NA_UNPARSED_OR_INDEPENDENT_UNKNOWN,NA_UNPARSED_OR_INDEPENDENT_UNKNOWN,0,0,False,True,"[""VIOLATES"",""SATISFIES""]","[""NO_SAFE_OVERRIDE"",""NO_SAFE_OVERRIDE""]",False,,,,,,,,,,,,
main,minilm_ce,n021,b06,t3_requirement,LITERAL,0,32,LOSE,LOSE,LOSE,"[1,1]","[1,1]","[1,1]",unchanged,unchanged,False,False,6,False,True,False,2,False,False,-0.18144464492797852,NA_NO_SAME_SCALE_M2_MARGIN,ABSTAIN_REWRITE,True,NA_UNPARSED_OR_INDEPENDENT_UNKNOWN,NA_UNPARSED_OR_INDEPENDENT_UNKNOWN,0,0,False,True,"[""SATISFIES"",""VIOLATES""]","[""NO_SAFE_OVERRIDE"",""NO_SAFE_OVERRIDE""]",False,,,,,,,,,,,,
main,minilm_ce,n022,b06,t3_requirement,LITERAL,1,32,LOSE,LOSE,LOSE,"[1,1]","[1,1]","[1,1]",unchanged,unchanged,False,False,6,False,True,False,2,False,False,-0.17508697509765625,NA_NO_SAME_SCALE_M2_MARGIN,ABSTAIN_REWRITE,True,NA_UNPARSED_OR_INDEPENDENT_UNKNOWN,NA_UNPARSED_OR_INDEPENDENT_UNKNOWN,0,0,False,True,"[""SATISFIES"",""VIOLATES""]","[""NO_SAFE_OVERRIDE"",""NO_SAFE_OVERRIDE""]",False,,,,,,,,,,,,
main,minilm_ce,n023,b06,t3_requirement,RESOLVED,0,32,WIN,WIN,WIN,"[0,0]","[0,0]","[0,0]",unchanged,unchanged,False,False,6,False,True,False,2,False,False,0.42038917541503906,NA_NO_SAME_SCALE_M2_MARGIN,ABSTAIN_REWRITE,True,NA_UNPARSED_OR_INDEPENDENT_UNKNOWN,NA_UNPARSED_OR_INDEPENDENT_UNKNOWN,0,0,False,True,"[""SATISFIES"",""VIOLATES""]","[""NO_SAFE_OVERRIDE"",""NO_SAFE_OVERRIDE""]",False,,,,,,,,,,,,
main,minilm_ce,n024,b06,t3_requirement,RESOLVED,1,32,WIN,WIN,WIN,"[0,0]","[0,0]","[0,0]",unchanged,unchanged,False,False,6,False,True,False,2,False,False,0.568734884262085,NA_NO_SAME_SCALE_M2_MARGIN,ABSTAIN_REWRITE,True,NA_UNPARSED_OR_INDEPENDENT_UNKNOWN,NA_UNPARSED_OR_INDEPENDENT_UNKNOWN,0,0,False,True,"[""SATISFIES"",""VIOLATES""]","[""NO_SAFE_OVERRIDE"",""NO_SAFE_OVERRIDE""]",False,,,,,,,,,,,,
main,minilm_ce,n025,b07,t4_endpoint_interval,LITERAL,0,32,LOSE,LOSE,LOSE,"[1,1]","[1,1]","[1,1]",unchanged,unchanged,False,False,6,False,True,False,2,False,False,-0.786001443862915,NA_NO_SAME_SCALE_M2_MARGIN,ABSTAIN_REWRITE,True,NA_UNPARSED_OR_INDEPENDENT_UNKNOWN,NA_UNPARSED_OR_INDEPENDENT_UNKNOWN,0,0,False,True,"[""SATISFIES"",""VIOLATES""]","[""NO_SAFE_OVERRIDE"",""NO_SAFE_OVERRIDE""]",False,,,,,,,,,,,,
main,minilm_ce,n026,b07,t4_endpoint_interval,LITERAL,1,32,LOSE,LOSE,LOSE,"[1,1]","[1,1]","[1,1]",unchanged,unchanged,False,False,6,False,True,False,2,False,False,-0.37730836868286133,NA_NO_SAME_SCALE_M2_MARGIN,ABSTAIN_REWRITE,True,NA_UNPARSED_OR_INDEPENDENT_UNKNOWN,NA_UNPARSED_OR_INDEPENDENT_UNKNOWN,0,0,False,True,"[""SATISFIES"",""VIOLATES""]","[""NO_SAFE_OVERRIDE"",""NO_SAFE_OVERRIDE""]",False,,,,,,,,,,,,
main,minilm_ce,n027,b07,t4_endpoint_interval,RESOLVED,0,32,LOSE,LOSE,LOSE,"[1,1]","[1,1]","[1,1]",unchanged,unchanged,False,False,6,False,True,False,2,False,False,-0.06246614456176758,NA_NO_SAME_SCALE_M2_MARGIN,ABSTAIN_REWRITE,True,NA_UNPARSED_OR_INDEPENDENT_UNKNOWN,NA_UNPARSED_OR_INDEPENDENT_UNKNOWN,0,0,False,True,"[""SATISFIES"",""VIOLATES""]","[""NO_SAFE_OVERRIDE"",""NO_SAFE_OVERRIDE""]",False,,,,,,,,,,,,
main,minilm_ce,n028,b07,t4_endpoint_interval,RESOLVED,1,32,LOSE,LOSE,LOSE,"[1,1]","[1,1]","[1,1]",unchanged,unchanged,False,False,6,False,True,False,2,False,False,-0.09535884857177734,NA_NO_SAME_SCALE_M2_MARGIN,ABSTAIN_REWRITE,True,NA_UNPARSED_OR_INDEPENDENT_UNKNOWN,NA_UNPARSED_OR_INDEPENDENT_UNKNOWN,0,0,False,True,"[""SATISFIES"",""VIOLATES""]","[""NO_SAFE_OVERRIDE"",""NO_SAFE_OVERRIDE""]",False,,,,,,,,,,,,
main,minilm_ce,n029,b08,t4_endpoint_interval,LITERAL,0,32,LOSE,LOSE,LOSE,"[0,0]","[0,0]","[0,0]",unchanged,unchanged,False,False,6,False,True,False,2,False,False,-1.8077549934387207,NA_NO_SAME_SCALE_M2_MARGIN,ABSTAIN_REWRITE,True,NA_UNPARSED_OR_INDEPENDENT_UNKNOWN,NA_UNPARSED_OR_INDEPENDENT_UNKNOWN,0,0,False,True,"[""VIOLATES"",""SATISFIES""]","[""NO_SAFE_OVERRIDE"",""NO_SAFE_OVERRIDE""]",False,,,,,,,,,,,,
main,minilm_ce,n030,b08,t4_endpoint_interval,LITERAL,1,32,LOSE,LOSE,LOSE,"[0,0]","[0,0]","[0,0]",unchanged,unchanged,False,False,6,False,True,False,2,False,False,-1.519545078277588,NA_NO_SAME_SCALE_M2_MARGIN,ABSTAIN_REWRITE,True,NA_UNPARSED_OR_INDEPENDENT_UNKNOWN,NA_UNPARSED_OR_INDEPENDENT_UNKNOWN,0,0,False,True,"[""VIOLATES"",""SATISFIES""]","[""NO_SAFE_OVERRIDE"",""NO_SAFE_OVERRIDE""]",False,,,,,,,,,,,,
main,minilm_ce,n031,b08,t4_endpoint_interval,RESOLVED,0,32,WIN,WIN,WIN,"[1,1]","[1,1]","[1,1]",unchanged,unchanged,False,False,6,False,True,False,2,False,False,0.006583809852600098,NA_NO_SAME_SCALE_M2_MARGIN,ABSTAIN_REWRITE,True,NA_UNPARSED_OR_INDEPENDENT_UNKNOWN,NA_UNPARSED_OR_INDEPENDENT_UNKNOWN,0,0,False,True,"[""VIOLATES"",""SATISFIES""]","[""NO_SAFE_OVERRIDE"",""NO_SAFE_OVERRIDE""]",False,,,,,,,,,,,,
main,minilm_ce,n032,b08,t4_endpoint_interval,RESOLVED,1,32,WIN,WIN,WIN,"[1,1]","[1,1]","[1,1]",unchanged,unchanged,False,False,6,False,True,False,2,False,False,0.12458658218383789,NA_NO_SAME_SCALE_M2_MARGIN,ABSTAIN_REWRITE,True,NA_UNPARSED_OR_INDEPENDENT_UNKNOWN,NA_UNPARSED_OR_INDEPENDENT_UNKNOWN,0,0,False,True,"[""VIOLATES"",""SATISFIES""]","[""NO_SAFE_OVERRIDE"",""NO_SAFE_OVERRIDE""]",False,,,,,,,,,,,,
probe,minilm_ce,n033,,,,,12,,,,,,,,,,,,False,False,,2,False,,,,,,,,,,False,,"[""UNKNOWN"",""UNKNOWN""]",,,p01,no_constraint_no_numbers,M0,BASELINE_NO_INTERVENTION,BASELINE_NO_INTERVENTION,True,False,NA,"[""UNKNOWN"",""UNKNOWN""]","[1,1]",ORIGINAL_MODEL_SCORING,NA_NONUNIQUE_OR_APPLICABILITY_PROBE
probe,minilm_ce,n033,,,,,12,,,,,,,,,,,,False,False,,2,False,,,,,,,,,,False,,"[""UNKNOWN"",""UNKNOWN""]",,,p01,no_constraint_no_numbers,M1,UNCHANGED,ABSTAIN_REWRITE,True,False,True,"[""UNKNOWN"",""UNKNOWN""]","[1,1]",NO_COMPLETE_SUPPORTED_QUERY_GRAMMAR,NA_NONUNIQUE_OR_APPLICABILITY_PROBE
probe,minilm_ce,n033,,,,,12,,,,,,,,,,,,False,False,,2,False,,,,,,,,,,False,,"[""UNKNOWN"",""UNKNOWN""]",,,p01,no_constraint_no_numbers,M2,NO_SAFE_OVERRIDE,NO_SAFE_OVERRIDE|NO_SAFE_OVERRIDE,True,False,NA,"[""UNKNOWN"",""UNKNOWN""]","[1,1]","[""NO_SAFE_OVERRIDE"",""NO_SAFE_OVERRIDE""]",NA_NONUNIQUE_OR_APPLICABILITY_PROBE
probe,minilm_ce,n034,,,,,12,,,,,,,,,,,,False,False,,2,False,,,,,,,,,,False,,"[""UNKNOWN"",""UNKNOWN""]",,,p02,no_constraint_no_numbers,M0,BASELINE_NO_INTERVENTION,BASELINE_NO_INTERVENTION,True,False,NA,"[""UNKNOWN"",""UNKNOWN""]","[0,0]",ORIGINAL_MODEL_SCORING,NA_NONUNIQUE_OR_APPLICABILITY_PROBE
probe,minilm_ce,n034,,,,,12,,,,,,,,,,,,False,False,,2,False,,,,,,,,,,False,,"[""UNKNOWN"",""UNKNOWN""]",,,p02,no_constraint_no_numbers,M1,UNCHANGED,ABSTAIN_REWRITE,True,False,True,"[""UNKNOWN"",""UNKNOWN""]","[0,0]",NO_COMPLETE_SUPPORTED_QUERY_GRAMMAR,NA_NONUNIQUE_OR_APPLICABILITY_PROBE
probe,minilm_ce,n034,,,,,12,,,,,,,,,,,,False,False,,2,False,,,,,,,,,,False,,"[""UNKNOWN"",""UNKNOWN""]",,,p02,no_constraint_no_numbers,M2,NO_SAFE_OVERRIDE,NO_SAFE_OVERRIDE|NO_SAFE_OVERRIDE,True,False,NA,"[""UNKNOWN"",""UNKNOWN""]","[0,0]","[""NO_SAFE_OVERRIDE"",""NO_SAFE_OVERRIDE""]",NA_NONUNIQUE_OR_APPLICABILITY_PROBE
probe,minilm_ce,n035,,,,,12,,,,,,,,,,,,False,False,,2,False,,,,,,,,,,False,,"[""UNKNOWN"",""UNKNOWN""]",,,p03,no_constraint_identifier,M0,BASELINE_NO_INTERVENTION,BASELINE_NO_INTERVENTION,True,False,NA,"[""UNKNOWN"",""UNKNOWN""]","[1,1]",ORIGINAL_MODEL_SCORING,NA_NONUNIQUE_OR_APPLICABILITY_PROBE
probe,minilm_ce,n035,,,,,12,,,,,,,,,,,,False,False,,2,False,,,,,,,,,,False,,"[""UNKNOWN"",""UNKNOWN""]",,,p03,no_constraint_identifier,M1,UNCHANGED,ABSTAIN_REWRITE,True,False,True,"[""UNKNOWN"",""UNKNOWN""]","[1,1]",NO_COMPLETE_SUPPORTED_QUERY_GRAMMAR,NA_NONUNIQUE_OR_APPLICABILITY_PROBE
probe,minilm_ce,n035,,,,,12,,,,,,,,,,,,False,False,,2,False,,,,,,,,,,False,,"[""UNKNOWN"",""UNKNOWN""]",,,p03,no_constraint_identifier,M2,NO_SAFE_OVERRIDE,NO_SAFE_OVERRIDE|NO_SAFE_OVERRIDE,True,False,NA,"[""UNKNOWN"",""UNKNOWN""]","[1,1]","[""NO_SAFE_OVERRIDE"",""NO_SAFE_OVERRIDE""]",NA_NONUNIQUE_OR_APPLICABILITY_PROBE
probe,minilm_ce,n036,,,,,12,,,,,,,,,,,,False,False,,2,False,,,,,,,,,,False,,"[""UNKNOWN"",""UNKNOWN""]",,,p04,no_constraint_identifier,M0,BASELINE_NO_INTERVENTION,BASELINE_NO_INTERVENTION,True,False,NA,"[""UNKNOWN"",""UNKNOWN""]","[0,0]",ORIGINAL_MODEL_SCORING,NA_NONUNIQUE_OR_APPLICABILITY_PROBE
probe,minilm_ce,n036,,,,,12,,,,,,,,,,,,False,False,,2,False,,,,,,,,,,False,,"[""UNKNOWN"",""UNKNOWN""]",,,p04,no_constraint_identifier,M1,UNCHANGED,ABSTAIN_REWRITE,True,False,True,"[""UNKNOWN"",""UNKNOWN""]","[0,0]",NO_COMPLETE_SUPPORTED_QUERY_GRAMMAR,NA_NONUNIQUE_OR_APPLICABILITY_PROBE
probe,minilm_ce,n036,,,,,12,,,,,,,,,,,,False,False,,2,False,,,,,,,,,,False,,"[""UNKNOWN"",""UNKNOWN""]",,,p04,no_constraint_identifier,M2,NO_SAFE_OVERRIDE,NO_SAFE_OVERRIDE|NO_SAFE_OVERRIDE,True,False,NA,"[""UNKNOWN"",""UNKNOWN""]","[0,0]","[""NO_SAFE_OVERRIDE"",""NO_SAFE_OVERRIDE""]",NA_NONUNIQUE_OR_APPLICABILITY_PROBE
probe,minilm_ce,n037,,,,,12,,,,,,,,,,,,False,False,,2,False,,,,,,,,,,False,,"[""UNKNOWN"",""UNKNOWN""]",,,p05,ambiguous_or_unsupported,M0,BASELINE_NO_INTERVENTION,BASELINE_NO_INTERVENTION,True,False,NA,"[""UNKNOWN"",""UNKNOWN""]","[1,1]",ORIGINAL_MODEL_SCORING,NA_NONUNIQUE_OR_APPLICABILITY_PROBE
probe,minilm_ce,n037,,,,,12,,,,,,,,,,,,False,False,,2,False,,,,,,,,,,False,,"[""UNKNOWN"",""UNKNOWN""]",,,p05,ambiguous_or_unsupported,M1,UNCHANGED,ABSTAIN_REWRITE,True,False,True,"[""UNKNOWN"",""UNKNOWN""]","[1,1]",NO_COMPLETE_SUPPORTED_QUERY_GRAMMAR,NA_NONUNIQUE_OR_APPLICABILITY_PROBE
probe,minilm_ce,n037,,,,,12,,,,,,,,,,,,False,False,,2,False,,,,,,,,,,False,,"[""UNKNOWN"",""UNKNOWN""]",,,p05,ambiguous_or_unsupported,M2,NO_SAFE_OVERRIDE,NO_SAFE_OVERRIDE|NO_SAFE_OVERRIDE,True,False,NA,"[""UNKNOWN"",""UNKNOWN""]","[1,1]","[""NO_SAFE_OVERRIDE"",""NO_SAFE_OVERRIDE""]",NA_NONUNIQUE_OR_APPLICABILITY_PROBE
probe,minilm_ce,n038,,,,,12,,,,,,,,,,,,False,False,,2,False,,,,,,,,,,False,,"[""UNKNOWN"",""UNKNOWN""]",,,p06,ambiguous_or_unsupported,M0,BASELINE_NO_INTERVENTION,BASELINE_NO_INTERVENTION,True,False,NA,"[""UNKNOWN"",""UNKNOWN""]","[1,1]",ORIGINAL_MODEL_SCORING,NA_NONUNIQUE_OR_APPLICABILITY_PROBE
probe,minilm_ce,n038,,,,,12,,,,,,,,,,,,False,False,,2,False,,,,,,,,,,False,,"[""UNKNOWN"",""UNKNOWN""]",,,p06,ambiguous_or_unsupported,M1,UNCHANGED,ABSTAIN_REWRITE,True,False,True,"[""UNKNOWN"",""UNKNOWN""]","[1,1]",NO_COMPLETE_SUPPORTED_QUERY_GRAMMAR,NA_NONUNIQUE_OR_APPLICABILITY_PROBE
probe,minilm_ce,n038,,,,,12,,,,,,,,,,,,False,False,,2,False,,,,,,,,,,False,,"[""UNKNOWN"",""UNKNOWN""]",,,p06,ambiguous_or_unsupported,M2,NO_SAFE_OVERRIDE,NO_SAFE_OVERRIDE|NO_SAFE_OVERRIDE,True,False,NA,"[""UNKNOWN"",""UNKNOWN""]","[1,1]","[""NO_SAFE_OVERRIDE"",""NO_SAFE_OVERRIDE""]",NA_NONUNIQUE_OR_APPLICABILITY_PROBE
probe,minilm_ce,n039,,,,,12,,,,,,,,,,,,False,False,,2,False,,,,,,,,,,False,,"[""UNKNOWN"",""UNKNOWN""]",,,p07,ambiguous_or_unsupported,M0,BASELINE_NO_INTERVENTION,BASELINE_NO_INTERVENTION,True,False,NA,"[""UNKNOWN"",""UNKNOWN""]","[0,0]",ORIGINAL_MODEL_SCORING,NA_NONUNIQUE_OR_APPLICABILITY_PROBE
probe,minilm_ce,n039,,,,,12,,,,,,,,,,,,False,False,,2,False,,,,,,,,,,False,,"[""UNKNOWN"",""UNKNOWN""]",,,p07,ambiguous_or_unsupported,M1,UNCHANGED,ABSTAIN_REWRITE,True,False,True,"[""UNKNOWN"",""UNKNOWN""]","[0,0]",NO_COMPLETE_SUPPORTED_QUERY_GRAMMAR,NA_NONUNIQUE_OR_APPLICABILITY_PROBE
probe,minilm_ce,n039,,,,,12,,,,,,,,,,,,False,False,,2,False,,,,,,,,,,False,,"[""UNKNOWN"",""UNKNOWN""]",,,p07,ambiguous_or_unsupported,M2,NO_SAFE_OVERRIDE,NO_SAFE_OVERRIDE|NO_SAFE_OVERRIDE,True,False,NA,"[""UNKNOWN"",""UNKNOWN""]","[0,0]","[""NO_SAFE_OVERRIDE"",""NO_SAFE_OVERRIDE""]",NA_NONUNIQUE_OR_APPLICABILITY_PROBE
probe,minilm_ce,n040,,,,,12,,,,,,,,,,,,False,False,,2,False,,,,,,,,,,False,,"[""UNKNOWN"",""UNKNOWN""]",,,p08,ambiguous_or_unsupported,M0,BASELINE_NO_INTERVENTION,BASELINE_NO_INTERVENTION,True,False,NA,"[""UNKNOWN"",""UNKNOWN""]","[0,0]",ORIGINAL_MODEL_SCORING,NA_NONUNIQUE_OR_APPLICABILITY_PROBE
probe,minilm_ce,n040,,,,,12,,,,,,,,,,,,False,False,,2,False,,,,,,,,,,False,,"[""UNKNOWN"",""UNKNOWN""]",,,p08,ambiguous_or_unsupported,M1,UNCHANGED,ABSTAIN_REWRITE,True,False,True,"[""UNKNOWN"",""UNKNOWN""]","[0,0]",NO_COMPLETE_SUPPORTED_QUERY_GRAMMAR,NA_NONUNIQUE_OR_APPLICABILITY_PROBE
probe,minilm_ce,n040,,,,,12,,,,,,,,,,,,False,False,,2,False,,,,,,,,,,False,,"[""UNKNOWN"",""UNKNOWN""]",,,p08,ambiguous_or_unsupported,M2,NO_SAFE_OVERRIDE,NO_SAFE_OVERRIDE|NO_SAFE_OVERRIDE,True,False,NA,"[""UNKNOWN"",""UNKNOWN""]","[0,0]","[""NO_SAFE_OVERRIDE"",""NO_SAFE_OVERRIDE""]",NA_NONUNIQUE_OR_APPLICABILITY_PROBE
probe,minilm_ce,n041,,,,,12,,,,,,,,,,,,False,True,,2,False,,,,,,,,,,False,,"[""SATISFIES"",""SATISFIES""]",,,p09,both_satisfy,M0,BASELINE_NO_INTERVENTION,BASELINE_NO_INTERVENTION,True,False,NA,"[true,true]","[1,1]",ORIGINAL_MODEL_SCORING,NA_NONUNIQUE_OR_APPLICABILITY_PROBE
probe,minilm_ce,n041,,,,,12,,,,,,,,,,,,False,True,,2,False,,,,,,,,,,False,,"[""SATISFIES"",""SATISFIES""]",,,p09,both_satisfy,M1,UNCHANGED_OR_CONSTRAINT_PRESERVING_NORMALIZATION,ABSTAIN_REWRITE,True,False,True,"[true,true]","[1,1]",NO_COMPLETE_SUPPORTED_QUERY_GRAMMAR,NA_NONUNIQUE_OR_APPLICABILITY_PROBE
probe,minilm_ce,n041,,,,,12,,,,,,,,,,,,False,True,,2,False,,,,,,,,,,False,,"[""SATISFIES"",""SATISFIES""]",,,p09,both_satisfy,M2,NO_SAFE_OVERRIDE,NO_SAFE_OVERRIDE|NO_SAFE_OVERRIDE,True,False,NA,"[true,true]","[1,1]","[""NO_SAFE_OVERRIDE"",""NO_SAFE_OVERRIDE""]",NA_NONUNIQUE_OR_APPLICABILITY_PROBE
probe,minilm_ce,n042,,,,,12,,,,,,,,,,,,False,True,,2,False,,,,,,,,,,False,,"[""SATISFIES"",""SATISFIES""]",,,p10,both_satisfy,M0,BASELINE_NO_INTERVENTION,BASELINE_NO_INTERVENTION,True,False,NA,"[true,true]","[0,0]",ORIGINAL_MODEL_SCORING,NA_NONUNIQUE_OR_APPLICABILITY_PROBE
probe,minilm_ce,n042,,,,,12,,,,,,,,,,,,False,True,,2,False,,,,,,,,,,False,,"[""SATISFIES"",""SATISFIES""]",,,p10,both_satisfy,M1,UNCHANGED_OR_CONSTRAINT_PRESERVING_NORMALIZATION,ABSTAIN_REWRITE,True,False,True,"[true,true]","[0,0]",INCOMPLETE_OR_UNSUPPORTED_CONDITION,NA_NONUNIQUE_OR_APPLICABILITY_PROBE
probe,minilm_ce,n042,,,,,12,,,,,,,,,,,,False,True,,2,False,,,,,,,,,,False,,"[""SATISFIES"",""SATISFIES""]",,,p10,both_satisfy,M2,NO_SAFE_OVERRIDE,NO_SAFE_OVERRIDE|NO_SAFE_OVERRIDE,True,False,NA,"[true,true]","[0,0]","[""NO_SAFE_OVERRIDE"",""NO_SAFE_OVERRIDE""]",NA_NONUNIQUE_OR_APPLICABILITY_PROBE
probe,minilm_ce,n043,,,,,12,,,,,,,,,,,,False,True,,2,False,,,,,,,,,,False,,"[""VIOLATES"",""VIOLATES""]",,,p11,both_violate,M0,BASELINE_NO_INTERVENTION,BASELINE_NO_INTERVENTION,True,False,NA,"[false,false]","[1,1]",ORIGINAL_MODEL_SCORING,NA_NONUNIQUE_OR_APPLICABILITY_PROBE
probe,minilm_ce,n043,,,,,12,,,,,,,,,,,,False,True,,2,False,,,,,,,,,,False,,"[""VIOLATES"",""VIOLATES""]",,,p11,both_violate,M1,UNCHANGED_OR_CONSTRAINT_PRESERVING_NORMALIZATION,ABSTAIN_REWRITE,True,False,True,"[false,false]","[1,1]",NO_COMPLETE_SUPPORTED_QUERY_GRAMMAR,NA_NONUNIQUE_OR_APPLICABILITY_PROBE
probe,minilm_ce,n043,,,,,12,,,,,,,,,,,,False,True,,2,False,,,,,,,,,,False,,"[""VIOLATES"",""VIOLATES""]",,,p11,both_violate,M2,NO_SAFE_OVERRIDE,NO_SAFE_OVERRIDE|NO_SAFE_OVERRIDE,True,False,NA,"[false,false]","[1,1]","[""NO_SAFE_OVERRIDE"",""NO_SAFE_OVERRIDE""]",NA_NONUNIQUE_OR_APPLICABILITY_PROBE
probe,minilm_ce,n044,,,,,12,,,,,,,,,,,,False,True,,2,False,,,,,,,,,,False,,"[""VIOLATES"",""VIOLATES""]",,,p12,both_violate,M0,BASELINE_NO_INTERVENTION,BASELINE_NO_INTERVENTION,True,False,NA,"[false,false]","[0,0]",ORIGINAL_MODEL_SCORING,NA_NONUNIQUE_OR_APPLICABILITY_PROBE
probe,minilm_ce,n044,,,,,12,,,,,,,,,,,,False,True,,2,False,,,,,,,,,,False,,"[""VIOLATES"",""VIOLATES""]",,,p12,both_violate,M1,UNCHANGED_OR_CONSTRAINT_PRESERVING_NORMALIZATION,ABSTAIN_REWRITE,True,False,True,"[false,false]","[0,0]",INCOMPLETE_OR_UNSUPPORTED_CONDITION,NA_NONUNIQUE_OR_APPLICABILITY_PROBE
probe,minilm_ce,n044,,,,,12,,,,,,,,,,,,False,True,,2,False,,,,,,,,,,False,,"[""VIOLATES"",""VIOLATES""]",,,p12,both_violate,M2,NO_SAFE_OVERRIDE,NO_SAFE_OVERRIDE|NO_SAFE_OVERRIDE,True,False,NA,"[false,false]","[0,0]","[""NO_SAFE_OVERRIDE"",""NO_SAFE_OVERRIDE""]",NA_NONUNIQUE_OR_APPLICABILITY_PROBE
