endpoint_class,family_icc,true_effect,simulated_datasets,bootstrap_resamples_per_dataset,decision_probability,breadth_probability,validity_probability,mean_joint_lower,temporal_families,unit_families,temporal_pairs,unit_pairs,seed,method
R1 paired degradation,0.1,0.0,500,5000,0.0,0.002,0.856,-0.14502926170825958,12,10,80,67,57721,paired Dirichlet-multinomial family simulation with stratified family bootstrap
R1 paired degradation,0.1,0.05,500,5000,0.0,0.53,0.88,-0.11915844678878784,12,10,80,67,57721,paired Dirichlet-multinomial family simulation with stratified family bootstrap
R1 paired degradation,0.1,0.1,500,5000,0.002,0.91,0.87,-0.09338498115539551,12,10,80,67,57721,paired Dirichlet-multinomial family simulation with stratified family bootstrap
R1 paired degradation,0.1,0.15,500,5000,0.034,0.988,0.858,-0.06996270269155502,12,10,80,67,57721,paired Dirichlet-multinomial family simulation with stratified family bootstrap
R1 paired degradation,0.1,0.2,500,5000,0.222,1.0,0.864,-0.039685096591711044,12,10,80,67,57721,paired Dirichlet-multinomial family simulation with stratified family bootstrap
R1 paired degradation,0.3,0.0,500,5000,0.0,0.0,0.786,-0.1525329351425171,12,10,80,67,57721,paired Dirichlet-multinomial family simulation with stratified family bootstrap
R1 paired degradation,0.3,0.05,500,5000,0.0,0.206,0.796,-0.14332573115825653,12,10,80,67,57721,paired Dirichlet-multinomial family simulation with stratified family bootstrap
R1 paired degradation,0.3,0.1,500,5000,0.0,0.654,0.74,-0.1278911978006363,12,10,80,67,57721,paired Dirichlet-multinomial family simulation with stratified family bootstrap
R1 paired degradation,0.3,0.15,500,5000,0.016,0.882,0.748,-0.11050784587860107,12,10,80,67,57721,paired Dirichlet-multinomial family simulation with stratified family bootstrap
R1 paired degradation,0.3,0.2,500,5000,0.08,0.97,0.764,-0.08970180153846741,12,10,80,67,57721,paired Dirichlet-multinomial family simulation with stratified family bootstrap
R1 paired degradation,0.5,0.0,500,5000,0.0,0.004,0.73,-0.18214532732963562,12,10,80,67,57721,paired Dirichlet-multinomial family simulation with stratified family bootstrap
R1 paired degradation,0.5,0.05,500,5000,0.0,0.08,0.724,-0.15734678506851196,12,10,80,67,57721,paired Dirichlet-multinomial family simulation with stratified family bootstrap
R1 paired degradation,0.5,0.1,500,5000,0.0,0.348,0.706,-0.14462865889072418,12,10,80,67,57721,paired Dirichlet-multinomial family simulation with stratified family bootstrap
R1 paired degradation,0.5,0.15,500,5000,0.0,0.686,0.714,-0.13567334413528442,12,10,80,67,57721,paired Dirichlet-multinomial family simulation with stratified family bootstrap
R1 paired degradation,0.5,0.2,500,5000,0.022,0.866,0.762,-0.1183452159166336,12,10,80,67,57721,paired Dirichlet-multinomial family simulation with stratified family bootstrap
