model_key,template_id,literal_success_rate,resolved_success_rate,resolved_minus_literal_pp,literal_mean_margin,resolved_mean_margin,mean_margin_change
bge_small,T0,0,0.6666666666666666,66.66666666666666,-0.024402618408203125,0.0098342498143514,0.03423686822255453
bge_small,T1,0.3333333333333333,0.6666666666666666,33.33333333333333,-0.002085914214452108,0.011211474736531576,0.013297388950983684
bge_small,T2,0.3333333333333333,0.3333333333333333,0.0,-0.009889235099156698,-0.006921152273813884,0.0029680828253428144
bge_small,T3,0.3333333333333333,0.5,16.666666666666668,-0.010895093282063803,0.0025119781494140625,0.013407071431477865
bm25,T0,0,0,0,-3.20545280453606,0.0,3.20545280453606
bm25,T1,0,0,0,-3.2054528045360593,0.0,3.2054528045360593
bm25,T2,0,0,0,-3.2054528045360593,0.0,3.2054528045360593
bm25,T3,0,0,0,-3.2054528045360597,0.0,3.2054528045360597
e5_small,T0,0,0.8333333333333334,83.33333333333334,-0.012177377939224243,0.013944695393244425,0.026122073332468666
e5_small,T1,0,0.8333333333333334,83.33333333333334,-0.008778115113576254,0.002019474903742472,0.010797590017318726
e5_small,T2,0,0.8333333333333334,83.33333333333334,-0.013283461332321167,0.005133320887883504,0.01841678222020467
e5_small,T3,0,1,100,-0.0031793415546417236,0.005797237157821655,0.008976578712463379
minilm_ce,T0,0.16666666666666666,1,83.33333333333334,-0.07278354962666829,0.7560742696126302,0.8288578192392986
minilm_ce,T1,0.16666666666666666,0.6666666666666666,50.0,-0.2696301539738973,-0.07325583696365356,0.19637431701024372
minilm_ce,T2,0,1,100,-0.31565427780151367,0.30034462610880536,0.6159989039103191
minilm_ce,T3,0.16666666666666666,0.6666666666666666,50.0,-0.23168679078420004,-0.03601380189259847,0.19567298889160156
