model_key,template_id,condition,queries,correct,incorrect,exact_tie,near_tie_1e6,near_tie_1e5,strict_success_rate,mean_margin,median_margin
bge_small,T0,LITERAL,6,0,6,0,0,0,0,-0.024402618408203125,-0.02762472629547119
bge_small,T0,RESOLVED,6,4,2,0,0,0,0.6666666666666666,0.0098342498143514,0.002811938524246216
bge_small,T1,LITERAL,6,2,4,0,0,0,0.3333333333333333,-0.002085914214452108,-0.002171635627746582
bge_small,T1,RESOLVED,6,4,2,0,0,0,0.6666666666666666,0.011211474736531576,0.004250675439834595
bge_small,T2,LITERAL,6,2,4,0,0,0,0.3333333333333333,-0.009889235099156698,-0.015396058559417725
bge_small,T2,RESOLVED,6,2,4,0,0,0,0.3333333333333333,-0.006921152273813884,-0.01208987832069397
bge_small,T3,LITERAL,6,2,4,0,0,0,0.3333333333333333,-0.010895093282063803,-0.017502039670944214
bge_small,T3,RESOLVED,6,3,3,0,0,0,0.5,0.0025119781494140625,-0.0030234456062316895
bm25,T0,LITERAL,6,0,6,0,0,0,0,-3.20545280453606,-3.20545280453606
bm25,T0,RESOLVED,6,0,0,6,6,6,0,0.0,0.0
bm25,T1,LITERAL,6,0,6,0,0,0,0,-3.2054528045360593,-3.2054528045360593
bm25,T1,RESOLVED,6,0,0,6,6,6,0,0.0,0.0
bm25,T2,LITERAL,6,0,6,0,0,0,0,-3.2054528045360593,-3.2054528045360593
bm25,T2,RESOLVED,6,0,0,6,6,6,0,0.0,0.0
bm25,T3,LITERAL,6,0,6,0,0,0,0,-3.2054528045360597,-3.20545280453606
bm25,T3,RESOLVED,6,0,0,6,6,6,0,0.0,0.0
e5_small,T0,LITERAL,6,0,6,0,0,0,0,-0.012177377939224243,-0.010918974876403809
e5_small,T0,RESOLVED,6,5,1,0,0,0,0.8333333333333334,0.013944695393244425,0.007719665765762329
e5_small,T1,LITERAL,6,0,6,0,0,0,0,-0.008778115113576254,-0.007921069860458374
e5_small,T1,RESOLVED,6,5,1,0,0,0,0.8333333333333334,0.002019474903742472,0.0016920864582061768
e5_small,T2,LITERAL,6,0,6,0,0,0,0,-0.013283461332321167,-0.01294669508934021
e5_small,T2,RESOLVED,6,5,1,0,0,0,0.8333333333333334,0.005133320887883504,0.0023719370365142822
e5_small,T3,LITERAL,6,0,6,0,0,0,0,-0.0031793415546417236,-0.002949327230453491
e5_small,T3,RESOLVED,6,6,0,0,0,0,1,0.005797237157821655,0.0035699307918548584
minilm_ce,T0,LITERAL,6,1,5,0,0,0,0.16666666666666666,-0.07278354962666829,-0.1268911361694336
minilm_ce,T0,RESOLVED,6,6,0,0,0,0,1,0.7560742696126302,0.22804808616638184
minilm_ce,T1,LITERAL,6,1,5,0,0,0,0.16666666666666666,-0.2696301539738973,-0.24152803421020508
minilm_ce,T1,RESOLVED,6,4,2,0,0,0,0.6666666666666666,-0.07325583696365356,0.012872695922851562
minilm_ce,T2,LITERAL,6,0,6,0,0,0,0,-0.31565427780151367,-0.31584668159484863
minilm_ce,T2,RESOLVED,6,6,0,0,0,0,1,0.30034462610880536,0.29007649421691895
minilm_ce,T3,LITERAL,6,1,5,0,0,0,0.16666666666666666,-0.23168679078420004,-0.18787622451782227
minilm_ce,T3,RESOLVED,6,4,2,0,0,0,0.6666666666666666,-0.03601380189259847,0.05018782615661621
