model_key,block_id,template_id,instance,literal_success_rate,resolved_success_rate,resolved_minus_literal_pp,literal_mean_margin,resolved_mean_margin,mean_margin_change
bge_small,EVAL-T0-I0,T0,0,0,1,100,-0.009205520153045654,0.041132569313049316,0.05033808946609497
bge_small,EVAL-T0-I1,T0,1,0,0,0,-0.02762472629547119,-0.014441758394241333,0.013182967901229858
bge_small,EVAL-T0-I2,T0,2,0,1,100,-0.03637760877609253,0.002811938524246216,0.039189547300338745
bge_small,EVAL-T1-I0,T1,0,0,0,0,-0.01912781596183777,-0.005877137184143066,0.013250678777694702
bge_small,EVAL-T1-I1,T1,1,1,1,0,0.015041708946228027,0.0352608859539032,0.02021917700767517
bge_small,EVAL-T1-I2,T1,2,0,1,100,-0.002171635627746582,0.004250675439834595,0.006422311067581177
bge_small,EVAL-T2-I0,T2,0,0,0,0,-0.015396058559417725,-0.01208987832069397,0.003306180238723755
bge_small,EVAL-T2-I1,T2,1,0,0,0,-0.01830500364303589,-0.01829811930656433,6.884336471557617e-06
bge_small,EVAL-T2-I2,T2,2,1,1,0,0.0040333569049835205,0.00962454080581665,0.00559118390083313
bge_small,EVAL-T3-I0,T3,0,0,0.5,50.0,-0.02399134635925293,-0.0030234456062316895,0.02096790075302124
bge_small,EVAL-T3-I1,T3,1,0,0,0,-0.019708991050720215,-0.014066696166992188,0.005642294883728027
bge_small,EVAL-T3-I2,T3,2,1,1,0,0.011015057563781738,0.024626076221466064,0.013611018657684326
bm25,EVAL-T0-I0,T0,0,0,0,0,-3.20545280453606,0.0,3.20545280453606
bm25,EVAL-T0-I1,T0,1,0,0,0,-3.20545280453606,0.0,3.20545280453606
bm25,EVAL-T0-I2,T0,2,0,0,0,-3.20545280453606,0.0,3.20545280453606
bm25,EVAL-T1-I0,T1,0,0,0,0,-3.2054528045360593,0.0,3.2054528045360593
bm25,EVAL-T1-I1,T1,1,0,0,0,-3.2054528045360584,0.0,3.2054528045360584
bm25,EVAL-T1-I2,T1,2,0,0,0,-3.20545280453606,0.0,3.20545280453606
bm25,EVAL-T2-I0,T2,0,0,0,0,-3.2054528045360597,0.0,3.2054528045360597
bm25,EVAL-T2-I1,T2,1,0,0,0,-3.2054528045360597,0.0,3.2054528045360597
bm25,EVAL-T2-I2,T2,2,0,0,0,-3.205452804536059,0.0,3.205452804536059
bm25,EVAL-T3-I0,T3,0,0,0,0,-3.20545280453606,0.0,3.20545280453606
bm25,EVAL-T3-I1,T3,1,0,0,0,-3.20545280453606,0.0,3.20545280453606
bm25,EVAL-T3-I2,T3,2,0,0,0,-3.2054528045360584,0.0,3.2054528045360584
e5_small,EVAL-T0-I0,T0,0,0,1,100,-0.008932620286941528,0.035631537437438965,0.04456415772438049
e5_small,EVAL-T0-I1,T0,1,0,0.5,50.0,-0.016680538654327393,-0.0015171170234680176,0.015163421630859375
e5_small,EVAL-T0-I2,T0,2,0,1,100,-0.010918974876403809,0.007719665765762329,0.018638640642166138
e5_small,EVAL-T1-I0,T1,0,0,1,100,-0.012519896030426025,0.005329489707946777,0.017849385738372803
e5_small,EVAL-T1-I1,T1,1,0,0.5,50.0,-0.00589337944984436,-0.0009631514549255371,0.004930227994918823
e5_small,EVAL-T1-I2,T1,2,0,1,100,-0.007921069860458374,0.0016920864582061768,0.00961315631866455
e5_small,EVAL-T2-I0,T2,0,0,1,100,-0.014743328094482422,0.0023719370365142822,0.017115265130996704
e5_small,EVAL-T2-I1,T2,1,0,0.5,50.0,-0.01516827940940857,6.198883056640625e-05,0.015230268239974976
e5_small,EVAL-T2-I2,T2,2,0,1,100,-0.00993877649307251,0.012966036796569824,0.022904813289642334
e5_small,EVAL-T3-I0,T3,0,0,1,100,-0.003941714763641357,0.012180060148239136,0.016121774911880493
e5_small,EVAL-T3-I1,T3,1,0,1,100,-0.0021767616271972656,0.0034950971603393555,0.005671858787536621
e5_small,EVAL-T3-I2,T3,2,0,1,100,-0.003419548273086548,0.0017165541648864746,0.0051361024379730225
minilm_ce,EVAL-T0-I0,T0,0,0.5,1,50.0,0.029899120330810547,1.9350190162658691,1.9051198959350586
minilm_ce,EVAL-T0-I1,T0,1,0,1,100,-0.05021953582763672,0.22804808616638184,0.27826762199401855
minilm_ce,EVAL-T0-I2,T0,2,0,1,100,-0.1980302333831787,0.10515570640563965,0.30318593978881836
minilm_ce,EVAL-T1-I0,T1,0,0.5,1,50.0,-0.06141161918640137,0.012872695922851562,0.07428431510925293
minilm_ce,EVAL-T1-I1,T1,1,0,0,0,-0.5757733583450317,-0.33334606885910034,0.2424272894859314
minilm_ce,EVAL-T1-I2,T1,2,0,1,100,-0.1717054843902588,0.10070586204528809,0.2724113464355469
minilm_ce,EVAL-T2-I0,T2,0,0,1,100,-0.3033473491668701,0.5404691696166992,0.8438165187835693
minilm_ce,EVAL-T2-I1,T2,1,0,1,100,-0.4168202877044678,0.29007649421691895,0.7068967819213867
minilm_ce,EVAL-T2-I2,T2,2,0,1,100,-0.22679519653320312,0.07048821449279785,0.297283411026001
minilm_ce,EVAL-T3-I0,T3,0,0,1,100,-0.19683706760406494,0.09354805946350098,0.2903851270675659
minilm_ce,EVAL-T3-I1,T3,1,0.5,1,50.0,-0.049828290939331055,0.0808556079864502,0.13068389892578125
minilm_ce,EVAL-T3-I2,T3,2,0,0,0,-0.4483950138092041,-0.2824450731277466,0.16594994068145752
