model_key,excluded_template,resolved_minus_literal_pp,mean_margin_change
bge_small,T0,16.666666666666664,0.009890847735934788
bge_small,T1,27.777777777777775,0.016870674159791734
bge_small,T2,38.888888888888886,0.020313776201672025
bge_small,T3,33.33333333333333,0.01683411333296034
bm25,T0,0,3.2054528045360593
bm25,T1,0,3.2054528045360597
bm25,T2,0,3.2054528045360597
bm25,T3,0,3.2054528045360597
e5_small,T0,88.8888888888889,0.012730316983328925
e5_small,T1,88.8888888888889,0.017838478088378906
e5_small,T2,88.8888888888889,0.01529874735408359
e5_small,T3,83.33333333333334,0.01844548185666402
minilm_ce,T0,66.66666666666667,0.33601540327072144
minilm_ce,T1,77.77777777777779,0.5468432373470731
minilm_ce,T2,61.111111111111114,0.40696837504704797
minilm_ce,T3,77.77777777777779,0.5470770133866205
