latex_label,kind,display_number,pdf_page,cohort,manuscript_asset,expected_local_evidence_locator,replay_note,local_evidence_verified_this_edit,release_evidence_paths,source_sha256,release_sha256,check_record
fig:alignment,figure,1,3,align3,figures/operand_alignment.pdf,alignment3/runs/20261001T021600Z_8f34c1a2/analysis/ALIGN3_MARGIN.svg + block_results.csv,Preserved vector; exact 12 block curves require local run data.,"PASS: actual source, unchanged manuscript, offline replay verified",paper/figures/operand_alignment.pdf | results/align3/analysis/ALIGN3_MARGIN.svg | results/align3/block_results.csv,231ad2be341ec1e49248027c6e30187eba4908dbc1f512414ff9b2d60429e009 | b5054441027d5ab73ae168098de2fe796ae9f1c8cd18e83fe790276e6d6aad6b | fa1a140500a137abcaa12ca65656b9f7435b9a9beddec7581c6e2455a08a4d46,231ad2be341ec1e49248027c6e30187eba4908dbc1f512414ff9b2d60429e009 | b5054441027d5ab73ae168098de2fe796ae9f1c8cd18e83fe790276e6d6aad6b | fa1a140500a137abcaa12ca65656b9f7435b9a9beddec7581c6e2455a08a4d46,provenance/MANUSCRIPT_VERIFICATION.json#fig:alignment
tab:alignment,table,I,3,align3,main.tex,"same ALIGN3 run: condition_results.csv, block_results.csv","W/L/T and 12/12 vs 11/12 monotonicity, not API data.","PASS: actual source, unchanged manuscript, offline replay verified",results/align3/condition_results.csv | results/align3/block_results.csv | results/align3/analysis/summary.json,7409bce6e1137ed9fc19620e6ab174b8b197e48a1478563b91c17e62cbfc3149 | fa1a140500a137abcaa12ca65656b9f7435b9a9beddec7581c6e2455a08a4d46 | d4efb9b2513e214895df1e3e06e5032548cc9f7b85d635a80199968ede8b0220,7409bce6e1137ed9fc19620e6ab174b8b197e48a1478563b91c17e62cbfc3149 | fa1a140500a137abcaa12ca65656b9f7435b9a9beddec7581c6e2455a08a4d46 | d4efb9b2513e214895df1e3e06e5032548cc9f7b85d635a80199968ede8b0220,provenance/MANUSCRIPT_VERIFICATION.json#tab:alignment
tab:cohorts,table,II,5,study_lineage,main.tex,completed cohort manifests for all five rows,Keep cohorts separate; hosted reuses boundary 48.,"PASS: actual source, unchanged manuscript, offline replay verified",configs/align3/CONTROL_LOCK.json | configs/boundary_expression/CONTROL_SCORE_LOCK.json | configs/hosted_boundary/STAGE3A_INPUT_LOCK.json | configs/parser_feasibility/INPUT_MODEL_SCORE_LOCK.json | data/original_corrected/corrected_dataset/families.jsonl,c3a1bc960c8a0ee37834ccdfc612b0df4a94fe2b7ef23d50f1e50738359cea99 | 5848e1ba7792a0ad73f158139f3603f91dfadc313535db9563a486e1b56b1e5c | d0cbd6d5cf2732988c078b4fe6cd20269ffd4618524b710b74dbe6c7db4657b3 | bccdcc29354667b33da8210123a191c7c6a7a0d4c41a1d9d5d88daaf26868f43 | 85a34f3cc45c382ec843cbb61daa382b9d19992e3001db97b3f7920752664414,671532dc61e24568051610296ad232d4eaf1e9018ee87bb0b5a1a384d797becb | b673cea3392eb5779b2d6a6dcb189a50dc085c055167243b06bbef935482fc2f | c8a877627c32fa3c628f67177ab7c9a8d379b5b50c7b48ffc57152db8015ab36 | fd15ec9c87665f28b81b4ffc1de28294a726706d4d6292cb1b8ff2bb492b4654 | 85a34f3cc45c382ec843cbb61daa382b9d19992e3001db97b3f7920752664414,provenance/MANUSCRIPT_VERIFICATION.json#tab:cohorts
fig:temporal,figure,2,4,original_corrected,source_data/original_temporal_compact.csv,original corrected query_form_accuracy table / source artifact,Single-column redraw from unchanged table values; no new inference.,"PASS: actual source, unchanged manuscript, offline replay verified",paper/figures/original_temporal_compact.pdf | paper/source_data/original_temporal_compact.csv | results/original_corrected/sensitivity/reference_outputs/query_form_accuracy.csv,f91a64acef5422f8fbaf124bbea4379d0a7cf423f43cbe72ac1534f29d05cddb | 93cc885ef920b76593eb7341bc0ed0b5ce3ed9363ce79710d8977a3d8b334723 | be8ff574c54a70b3e19c40a586f52accc1d52b1647c763e9ec4e05eebbda287f,f91a64acef5422f8fbaf124bbea4379d0a7cf423f43cbe72ac1534f29d05cddb | 93cc885ef920b76593eb7341bc0ed0b5ce3ed9363ce79710d8977a3d8b334723 | be8ff574c54a70b3e19c40a586f52accc1d52b1647c763e9ec4e05eebbda287f,provenance/MANUSCRIPT_VERIFICATION.json#fig:temporal
tab:boundary,table,III,5,boundary_48,main.tex,completed Stage22B control run: raw_control_scores.jsonl and condition summary,"Find completed work-budget-amended run by manifest, not stopped snapshot.","PASS: actual source, unchanged manuscript, offline replay verified",results/boundary_expression/raw_control_scores.jsonl | results/boundary_expression/control_condition_summary.csv | configs/boundary_expression/CONTROL_SCORE_LOCK.json,de036fd3f25287821e979f119b18efd1cfeaa64243ae7ce7e9acf5f68f93431d | 3d8f576ebf40a600cd4630ae6d875592be1e704ff1dc6c3ed6bf3cfc5d3061d0 | 5848e1ba7792a0ad73f158139f3603f91dfadc313535db9563a486e1b56b1e5c,de036fd3f25287821e979f119b18efd1cfeaa64243ae7ce7e9acf5f68f93431d | 3d8f576ebf40a600cd4630ae6d875592be1e704ff1dc6c3ed6bf3cfc5d3061d0 | b673cea3392eb5779b2d6a6dcb189a50dc085c055167243b06bbef935482fc2f,provenance/MANUSCRIPT_VERIFICATION.json#tab:boundary
tab:hosted,table,IV,5,hosted_boundary_48,main.tex,stage3a/raw + locked research request bodies and TASK_A/TASK_B results,"432 logical requests, 436 attempts; no ALIGN3 hosted scores.","PASS: actual source, unchanged manuscript, offline replay verified",results/hosted_boundary/CONDITION_SUMMARY.csv | results/hosted_boundary/TASK_A_RESULTS.csv | results/hosted_boundary/TASK_B_RESULTS.csv | data/hosted_boundary/inputs/control_eval.jsonl | configs/hosted_boundary/STAGE3A_PROMPT_LOCK.json,4283cc7cf7e85bb6a5c9b85b51230f23486972117af824fd0efc8bfde7d35871 | 2969279891329de03075b33f4828e35ddeb311147b4d4f42ea6ef6834389b930 | 24100ba82550e4770cbc278fdc986d674bcb69d266ee2aea471a70f309463199 | 89d0a955796408a8bc4126d45f7794b2421b5f98bbbbb1433048c8c89a483abe | 99f0acae88a0323488085291f1d537751924a9443ea2a09d3e52e2f38f7af8a9,4283cc7cf7e85bb6a5c9b85b51230f23486972117af824fd0efc8bfde7d35871 | 2969279891329de03075b33f4828e35ddeb311147b4d4f42ea6ef6834389b930 | 24100ba82550e4770cbc278fdc986d674bcb69d266ee2aea471a70f309463199 | 89d0a955796408a8bc4126d45f7794b2421b5f98bbbbb1433048c8c89a483abe | 99f0acae88a0323488085291f1d537751924a9443ea2a09d3e52e2f38f7af8a9,provenance/MANUSCRIPT_VERIFICATION.json#tab:hosted
tab:examples,table,V,7,illustrative,main.tex,original corrected artifact for abridged temporal example; manuscript schematics for unit/boundary,Do not label schematic text as byte-verbatim scored input.,"PASS: actual source, unchanged manuscript, offline replay verified",data/original_corrected/corrected_dataset/pairs.jsonl | paper/main.tex,9fb9d1587a8d6283ca9780ab4bd3bebfcdea18703bd8407f8eb693ff83914d0c | d20762a118386bffdb43aa53ae369afe3c41fa776644eed7d6637e8cd810b354,9fb9d1587a8d6283ca9780ab4bd3bebfcdea18703bd8407f8eb693ff83914d0c | d20762a118386bffdb43aa53ae369afe3c41fa776644eed7d6637e8cd810b354,provenance/MANUSCRIPT_VERIFICATION.json#tab:examples
tab:original,table,VI,7,original_corrected,main.tex,read-only legacy artifact corrected scores and query_form_accuracy.csv,147 items/22 families; family-weighted; original models base-sized.,"PASS: actual source, unchanged manuscript, offline replay verified",results/original_corrected/sensitivity/reference_outputs/query_form_accuracy.csv | results/original_corrected/corrected_raw_scores/retriever_scores.parquet | results/original_corrected/corrected_raw_scores/reranker_controlled.parquet,be8ff574c54a70b3e19c40a586f52accc1d52b1647c763e9ec4e05eebbda287f | 4bd68f850946ba3d8ed890cab1a568f206ad0a8880208198cb22672b5e967cde | eba03382a0b2f0d2d6e12bb5a475ec534e6741b0096a2e70cc096d86c5c91dfd,be8ff574c54a70b3e19c40a586f52accc1d52b1647c763e9ec4e05eebbda287f | 4bd68f850946ba3d8ed890cab1a568f206ad0a8880208198cb22672b5e967cde | eba03382a0b2f0d2d6e12bb5a475ec534e6741b0096a2e70cc096d86c5c91dfd,provenance/MANUSCRIPT_VERIFICATION.json#tab:original
tab:endpoints,table,VII,7,original_corrected,main.tex,original locked corrected primary analysis outputs,Seven original dispositions and joint rule unchanged; no new hypothesis status.,"PASS: actual source, unchanged manuscript, offline replay verified",results/original_corrected/analysis/reference_outputs/primary_endpoints.csv | results/original_corrected/analysis/reference_outputs/result_summary.json | configs/original_corrected/analysis/two_type_primary_locked.yaml,60fcbefe59184d440fd57a212f750896021c5ea8430df2d520ba0607e65eea40 | df14fd6e6899d2ee65a71dfeb9c8542889068239b2f431e47ec98590a673b101 | b5587b862b6750c978525f2dba952be1a804b319b553e15fe47917b9ec3a628e,60fcbefe59184d440fd57a212f750896021c5ea8430df2d520ba0607e65eea40 | df14fd6e6899d2ee65a71dfeb9c8542889068239b2f431e47ec98590a673b101 | b5587b862b6750c978525f2dba952be1a804b319b553e15fe47917b9ec3a628e,provenance/MANUSCRIPT_VERIFICATION.json#tab:endpoints
tab:margins,table,VIII,8,align3,main.tex,"same ALIGN3 run: paired_contrasts.csv, condition_results.csv","Use full precision, not subtraction of already rounded display cells.","PASS: actual source, unchanged manuscript, offline replay verified",results/align3/condition_results.csv | results/align3/paired_contrasts.csv,7409bce6e1137ed9fc19620e6ab174b8b197e48a1478563b91c17e62cbfc3149 | aa802831689a2d776fe0c2f9c1a63f5fdb29fe42e5b400185aaa3bf4bd4b0218,7409bce6e1137ed9fc19620e6ab174b8b197e48a1478563b91c17e62cbfc3149 | aa802831689a2d776fe0c2f9c1a63f5fdb29fe42e5b400185aaa3bf4bd4b0218,provenance/MANUSCRIPT_VERIFICATION.json#tab:margins
tab:templates,table,IX,8,boundary_48,source_data/boundary_template_gains.csv,completed Stage22B template results,Earlier two-condition cohort only; not the 72-query ALIGN3 study.,"PASS: actual source, unchanged manuscript, offline replay verified",paper/source_data/boundary_template_gains.csv | results/boundary_expression/control_template_contrasts.csv,7a5c0d55f9e8cda8ce3f33d1eda12e08b9338d2f3c5a1d9507c8d8d133e13fff | 4302b973abb84321f8db44f614738b925928fb1672f860ff2987bd5503c6d53f,7a5c0d55f9e8cda8ce3f33d1eda12e08b9338d2f3c5a1d9507c8d8d133e13fff | 4302b973abb84321f8db44f614738b925928fb1672f860ff2987bd5503c6d53f,provenance/MANUSCRIPT_VERIFICATION.json#tab:templates
tab:parser,table,X,8,parser_32_plus_12_probes,main.tex,"Stage4A raw_scores.jsonl, constraint_decisions.jsonl and results","32 main queries, 12 probes separate; coverage 0/32, no activated-repair claim.","PASS: actual source, unchanged manuscript, offline replay verified",results/parser_feasibility/raw_scores.jsonl | data/parser_feasibility/constraint_decisions.jsonl | results/parser_feasibility/OVERALL_METRICS.json | results/parser_feasibility/condition_summary.csv | configs/parser_feasibility/LOCK_METADATA_CLARIFICATIONS.json,56d584a7ce4f16647e3d9fd6d66dddd453d114f08fb3d4ecf78d4896569f7025 | 052393b47ea5b8eff5a3e4b2b5c57342897588b8f2277967611427f2f4f1785c | 2c6e8aa2c8ccc81719dc0bfcf47fe4cef7b813435528e61243e541a835369047 | a3d1dcec4c05c06310f93019db70b592985f21a1eda6c77b262639bdcfe48c6d | d7a7c2ffb33cbab9cace0d379f8ef4702ccf0442a348e3f299da749407616092,56d584a7ce4f16647e3d9fd6d66dddd453d114f08fb3d4ecf78d4896569f7025 | 052393b47ea5b8eff5a3e4b2b5c57342897588b8f2277967611427f2f4f1785c | 2c6e8aa2c8ccc81719dc0bfcf47fe4cef7b813435528e61243e541a835369047 | a3d1dcec4c05c06310f93019db70b592985f21a1eda6c77b262639bdcfe48c6d | d7a7c2ffb33cbab9cace0d379f8ef4702ccf0442a348e3f299da749407616092,provenance/MANUSCRIPT_VERIFICATION.json#tab:parser
