model_key,block_id,template_id,condition,margin,wording1_margin,wording2_margin
bm25,eval_block_00,template_1,WRONG_ALIGNED,-2.8134107167600364,-2.8134107167600364,-2.8134107167600364
bm25,eval_block_00,template_1,NEUTRAL,0.0,0.0,0.0
bm25,eval_block_00,template_1,GOLD_ALIGNED,2.8134107167600364,2.8134107167600364,2.8134107167600364
bm25,eval_block_01,template_1,WRONG_ALIGNED,-2.8134107167600364,-2.8134107167600364,-2.8134107167600364
bm25,eval_block_01,template_1,NEUTRAL,0.0,0.0,0.0
bm25,eval_block_01,template_1,GOLD_ALIGNED,2.8134107167600364,2.8134107167600364,2.8134107167600364
bm25,eval_block_02,template_1,WRONG_ALIGNED,-2.8134107167600364,-2.8134107167600364,-2.8134107167600364
bm25,eval_block_02,template_1,NEUTRAL,0.0,0.0,0.0
bm25,eval_block_02,template_1,GOLD_ALIGNED,2.8134107167600364,2.8134107167600364,2.8134107167600364
bm25,eval_block_03,template_2,WRONG_ALIGNED,-2.8134107167600364,-2.8134107167600364,-2.8134107167600364
bm25,eval_block_03,template_2,NEUTRAL,0.0,0.0,0.0
bm25,eval_block_03,template_2,GOLD_ALIGNED,2.8134107167600364,2.8134107167600364,2.8134107167600364
bm25,eval_block_04,template_2,WRONG_ALIGNED,-2.8134107167600364,-2.8134107167600364,-2.8134107167600364
bm25,eval_block_04,template_2,NEUTRAL,0.0,0.0,0.0
bm25,eval_block_04,template_2,GOLD_ALIGNED,2.8134107167600364,2.8134107167600364,2.8134107167600364
bm25,eval_block_05,template_2,WRONG_ALIGNED,-2.8134107167600364,-2.8134107167600364,-2.8134107167600364
bm25,eval_block_05,template_2,NEUTRAL,0.0,0.0,0.0
bm25,eval_block_05,template_2,GOLD_ALIGNED,2.8134107167600364,2.8134107167600364,2.8134107167600364
bm25,eval_block_06,template_3,WRONG_ALIGNED,-2.8134107167600364,-2.8134107167600364,-2.8134107167600364
bm25,eval_block_06,template_3,NEUTRAL,0.0,0.0,0.0
bm25,eval_block_06,template_3,GOLD_ALIGNED,2.8134107167600364,2.8134107167600364,2.8134107167600364
bm25,eval_block_07,template_3,WRONG_ALIGNED,-2.8134107167600364,-2.8134107167600364,-2.8134107167600364
bm25,eval_block_07,template_3,NEUTRAL,0.0,0.0,0.0
bm25,eval_block_07,template_3,GOLD_ALIGNED,2.8134107167600364,2.8134107167600364,2.8134107167600364
bm25,eval_block_08,template_3,WRONG_ALIGNED,-2.8134107167600364,-2.8134107167600364,-2.8134107167600364
bm25,eval_block_08,template_3,NEUTRAL,0.0,0.0,0.0
bm25,eval_block_08,template_3,GOLD_ALIGNED,2.8134107167600364,2.8134107167600364,2.8134107167600364
bm25,eval_block_09,template_4,WRONG_ALIGNED,-2.8134107167600364,-2.8134107167600364,-2.8134107167600364
bm25,eval_block_09,template_4,NEUTRAL,0.0,0.0,0.0
bm25,eval_block_09,template_4,GOLD_ALIGNED,2.8134107167600364,2.8134107167600364,2.8134107167600364
bm25,eval_block_10,template_4,WRONG_ALIGNED,-2.8134107167600364,-2.8134107167600364,-2.8134107167600364
bm25,eval_block_10,template_4,NEUTRAL,0.0,0.0,0.0
bm25,eval_block_10,template_4,GOLD_ALIGNED,2.8134107167600364,2.8134107167600364,2.8134107167600364
bm25,eval_block_11,template_4,WRONG_ALIGNED,-2.8134107167600364,-2.8134107167600364,-2.8134107167600364
bm25,eval_block_11,template_4,NEUTRAL,0.0,0.0,0.0
bm25,eval_block_11,template_4,GOLD_ALIGNED,2.8134107167600364,2.8134107167600364,2.8134107167600364
bge_small,eval_block_00,template_1,WRONG_ALIGNED,-0.021096140146255493,-0.02863413095474243,-0.013558149337768555
bge_small,eval_block_00,template_1,NEUTRAL,0.04691055417060852,0.0386698842048645,0.05515122413635254
bge_small,eval_block_00,template_1,GOLD_ALIGNED,0.10854038596153259,0.10074764490127563,0.11633312702178955
bge_small,eval_block_01,template_1,WRONG_ALIGNED,-0.05763036012649536,-0.030042648315429688,-0.08521807193756104
bge_small,eval_block_01,template_1,NEUTRAL,0.015109360218048096,0.017084836959838867,0.013133883476257324
bge_small,eval_block_01,template_1,GOLD_ALIGNED,0.04614892601966858,0.03177225589752197,0.060525596141815186
bge_small,eval_block_02,template_1,WRONG_ALIGNED,-0.054927319288253784,-0.05290406942367554,-0.05695056915283203
bge_small,eval_block_02,template_1,NEUTRAL,-0.014587551355361938,-0.01627105474472046,-0.012904047966003418
bge_small,eval_block_02,template_1,GOLD_ALIGNED,0.070254385471344,0.06696140766143799,0.07354736328125
bge_small,eval_block_03,template_2,WRONG_ALIGNED,-0.013264328241348267,-0.0072740912437438965,-0.019254565238952637
bge_small,eval_block_03,template_2,NEUTRAL,0.018804937601089478,0.01896566152572632,0.018644213676452637
bge_small,eval_block_03,template_2,GOLD_ALIGNED,0.057005077600479126,0.05417758226394653,0.05983257293701172
bge_small,eval_block_04,template_2,WRONG_ALIGNED,-0.03221958875656128,-0.04037600755691528,-0.024063169956207275
bge_small,eval_block_04,template_2,NEUTRAL,-0.028870820999145508,-0.03540992736816406,-0.022331714630126953
bge_small,eval_block_04,template_2,GOLD_ALIGNED,0.027056902647018433,0.034835219383239746,0.01927858591079712
bge_small,eval_block_05,template_2,WRONG_ALIGNED,-0.031992822885513306,-0.01570194959640503,-0.04828369617462158
bge_small,eval_block_05,template_2,NEUTRAL,0.04547673463821411,0.05315840244293213,0.037795066833496094
bge_small,eval_block_05,template_2,GOLD_ALIGNED,0.06974127888679504,0.0716252326965332,0.06785732507705688
bge_small,eval_block_06,template_3,WRONG_ALIGNED,-0.04392969608306885,-0.04369616508483887,-0.04416322708129883
bge_small,eval_block_06,template_3,NEUTRAL,0.0063516199588775635,0.00718766450881958,0.005515575408935547
bge_small,eval_block_06,template_3,GOLD_ALIGNED,0.043693363666534424,0.04426079988479614,0.043125927448272705
bge_small,eval_block_07,template_3,WRONG_ALIGNED,-0.012455016374588013,0.003931403160095215,-0.02884143590927124
bge_small,eval_block_07,template_3,NEUTRAL,0.024174004793167114,0.028545796871185303,0.019802212715148926
bge_small,eval_block_07,template_3,GOLD_ALIGNED,0.03454825282096863,0.031408846378326416,0.03768765926361084
bge_small,eval_block_08,template_3,WRONG_ALIGNED,-0.03089115023612976,-0.03317272663116455,-0.02860957384109497
bge_small,eval_block_08,template_3,NEUTRAL,0.03445097804069519,0.030963361263275146,0.037938594818115234
bge_small,eval_block_08,template_3,GOLD_ALIGNED,0.049678653478622437,0.05166745185852051,0.047689855098724365
bge_small,eval_block_09,template_4,WRONG_ALIGNED,-0.020901978015899658,-0.008261561393737793,-0.03354239463806152
bge_small,eval_block_09,template_4,NEUTRAL,-0.001956254243850708,0.005285143852233887,-0.009197652339935303
bge_small,eval_block_09,template_4,GOLD_ALIGNED,0.04806908965110779,0.04361313581466675,0.05252504348754883
bge_small,eval_block_10,template_4,WRONG_ALIGNED,-0.08661943674087524,-0.08626425266265869,-0.0869746208190918
bge_small,eval_block_10,template_4,NEUTRAL,-0.03985416889190674,-0.034689128398895264,-0.04501920938491821
bge_small,eval_block_10,template_4,GOLD_ALIGNED,0.021310091018676758,0.030325233936309814,0.012294948101043701
bge_small,eval_block_11,template_4,WRONG_ALIGNED,-0.05449920892715454,-0.04267638921737671,-0.06632202863693237
bge_small,eval_block_11,template_4,NEUTRAL,-0.0042421817779541016,-0.0031756162643432617,-0.005308747291564941
bge_small,eval_block_11,template_4,GOLD_ALIGNED,0.03286847472190857,0.023053467273712158,0.04268348217010498
e5_small,eval_block_00,template_1,WRONG_ALIGNED,-0.02377721667289734,-0.026714682579040527,-0.02083975076675415
e5_small,eval_block_00,template_1,NEUTRAL,-0.001095890998840332,0.0001698136329650879,-0.002361595630645752
e5_small,eval_block_00,template_1,GOLD_ALIGNED,0.04347077012062073,0.04906952381134033,0.03787201642990112
e5_small,eval_block_01,template_1,WRONG_ALIGNED,-0.017555534839630127,-0.013679802417755127,-0.021431267261505127
e5_small,eval_block_01,template_1,NEUTRAL,-0.0008207559585571289,0.0009796619415283203,-0.002621173858642578
e5_small,eval_block_01,template_1,GOLD_ALIGNED,0.03361043334007263,0.036751627922058105,0.030469238758087158
e5_small,eval_block_02,template_1,WRONG_ALIGNED,-0.03127506375312805,-0.03335106372833252,-0.029199063777923584
e5_small,eval_block_02,template_1,NEUTRAL,-0.018298983573913574,-0.018062293529510498,-0.01853567361831665
e5_small,eval_block_02,template_1,GOLD_ALIGNED,0.017252713441848755,0.020605087280273438,0.013900339603424072
e5_small,eval_block_03,template_2,WRONG_ALIGNED,-0.024179041385650635,-0.02141404151916504,-0.02694404125213623
e5_small,eval_block_03,template_2,NEUTRAL,0.02843990921974182,0.029723525047302246,0.027156293392181396
e5_small,eval_block_03,template_2,GOLD_ALIGNED,0.044908493757247925,0.04618197679519653,0.043635010719299316
e5_small,eval_block_04,template_2,WRONG_ALIGNED,-0.0335729718208313,-0.03441619873046875,-0.03272974491119385
e5_small,eval_block_04,template_2,NEUTRAL,-0.020609050989151,-0.020719468593597412,-0.02049863338470459
e5_small,eval_block_04,template_2,GOLD_ALIGNED,0.01957237720489502,0.022645413875579834,0.016499340534210205
e5_small,eval_block_05,template_2,WRONG_ALIGNED,-0.03701433539390564,-0.03501611948013306,-0.03901255130767822
e5_small,eval_block_05,template_2,NEUTRAL,0.012775123119354248,0.014482617378234863,0.011067628860473633
e5_small,eval_block_05,template_2,GOLD_ALIGNED,0.050435811281204224,0.050351858139038086,0.05051976442337036
e5_small,eval_block_06,template_3,WRONG_ALIGNED,-0.05305716395378113,-0.05538421869277954,-0.050730109214782715
e5_small,eval_block_06,template_3,NEUTRAL,-0.025398731231689453,-0.02724170684814453,-0.023555755615234375
e5_small,eval_block_06,template_3,GOLD_ALIGNED,0.007940977811813354,0.008921265602111816,0.006960690021514893
e5_small,eval_block_07,template_3,WRONG_ALIGNED,-0.011266708374023438,-0.00579601526260376,-0.016737401485443115
e5_small,eval_block_07,template_3,NEUTRAL,0.005516618490219116,0.009635329246520996,0.0013979077339172363
e5_small,eval_block_07,template_3,GOLD_ALIGNED,0.045270293951034546,0.044435858726501465,0.04610472917556763
e5_small,eval_block_08,template_3,WRONG_ALIGNED,-0.009503543376922607,-0.01627826690673828,-0.0027288198471069336
e5_small,eval_block_08,template_3,NEUTRAL,0.03182932734489441,0.026132285594940186,0.03752636909484863
e5_small,eval_block_08,template_3,GOLD_ALIGNED,0.04770025610923767,0.04865163564682007,0.04674887657165527
e5_small,eval_block_09,template_4,WRONG_ALIGNED,-0.03255748748779297,-0.030847907066345215,-0.03426706790924072
e5_small,eval_block_09,template_4,NEUTRAL,0.007724791765213013,0.004855811595916748,0.010593771934509277
e5_small,eval_block_09,template_4,GOLD_ALIGNED,0.028913676738739014,0.024366319179534912,0.033461034297943115
e5_small,eval_block_10,template_4,WRONG_ALIGNED,-0.06074881553649902,-0.065132737159729,-0.05636489391326904
e5_small,eval_block_10,template_4,NEUTRAL,-0.016207456588745117,-0.0157778263092041,-0.016637086868286133
e5_small,eval_block_10,template_4,GOLD_ALIGNED,0.04467952251434326,0.04643356800079346,0.042925477027893066
e5_small,eval_block_11,template_4,WRONG_ALIGNED,-0.03171360492706299,-0.030097901821136475,-0.0333293080329895
e5_small,eval_block_11,template_4,NEUTRAL,0.05976906418800354,0.06026053428649902,0.05927759408950806
e5_small,eval_block_11,template_4,GOLD_ALIGNED,0.048645198345184326,0.04888260364532471,0.048407793045043945
minilm_ce,eval_block_00,template_1,WRONG_ALIGNED,-0.8998758792877197,-1.2700791358947754,-0.5296726226806641
minilm_ce,eval_block_00,template_1,NEUTRAL,0.23580467700958252,0.20904064178466797,0.26256871223449707
minilm_ce,eval_block_00,template_1,GOLD_ALIGNED,1.084926724433899,1.3457419872283936,0.8241114616394043
minilm_ce,eval_block_01,template_1,WRONG_ALIGNED,-0.2517549991607666,-0.03573274612426758,-0.4677772521972656
minilm_ce,eval_block_01,template_1,NEUTRAL,0.9224622845649719,1.1140755414962769,0.730849027633667
minilm_ce,eval_block_01,template_1,GOLD_ALIGNED,1.5494166612625122,1.532050609588623,1.5667827129364014
minilm_ce,eval_block_02,template_1,WRONG_ALIGNED,-1.204668939113617,-1.3553634881973267,-1.0539743900299072
minilm_ce,eval_block_02,template_1,NEUTRAL,-0.7631494998931885,-0.9601168632507324,-0.5661821365356445
minilm_ce,eval_block_02,template_1,GOLD_ALIGNED,1.3634305000305176,1.5415022373199463,1.1853587627410889
minilm_ce,eval_block_03,template_2,WRONG_ALIGNED,-1.1654308438301086,-1.1232118606567383,-1.207649827003479
minilm_ce,eval_block_03,template_2,NEUTRAL,0.2563357353210449,0.34197497367858887,0.17069649696350098
minilm_ce,eval_block_03,template_2,GOLD_ALIGNED,1.834969699382782,1.4042301774024963,2.2657092213630676
minilm_ce,eval_block_04,template_2,WRONG_ALIGNED,-1.8162965178489685,-1.8187272548675537,-1.8138657808303833
minilm_ce,eval_block_04,template_2,NEUTRAL,-1.787090241909027,-1.8012582063674927,-1.7729222774505615
minilm_ce,eval_block_04,template_2,GOLD_ALIGNED,1.391445279121399,1.4711694717407227,1.3117210865020752
minilm_ce,eval_block_05,template_2,WRONG_ALIGNED,-0.44622504711151123,0.0399174690246582,-0.9323675632476807
minilm_ce,eval_block_05,template_2,NEUTRAL,1.812880963087082,1.907263159751892,1.7184987664222717
minilm_ce,eval_block_05,template_2,GOLD_ALIGNED,2.136462479829788,1.9128873348236084,2.360037624835968
minilm_ce,eval_block_06,template_3,WRONG_ALIGNED,-1.721666932106018,-1.8965307474136353,-1.5468031167984009
minilm_ce,eval_block_06,template_3,NEUTRAL,-0.15672212839126587,-0.16901838779449463,-0.1444258689880371
minilm_ce,eval_block_06,template_3,GOLD_ALIGNED,1.7585539817810059,1.9329109191894531,1.5841970443725586
minilm_ce,eval_block_07,template_3,WRONG_ALIGNED,-1.799333930015564,-1.4238817691802979,-2.17478609085083
minilm_ce,eval_block_07,template_3,NEUTRAL,-0.1601651906967163,-0.09849238395690918,-0.22183799743652344
minilm_ce,eval_block_07,template_3,GOLD_ALIGNED,0.7537276744842529,0.4384748935699463,1.0689804553985596
minilm_ce,eval_block_08,template_3,WRONG_ALIGNED,-0.40507185459136963,-1.2474360466003418,0.43729233741760254
minilm_ce,eval_block_08,template_3,NEUTRAL,0.6884686946868896,0.2158823013305664,1.161055088043213
minilm_ce,eval_block_08,template_3,GOLD_ALIGNED,1.5713587403297424,1.484998345375061,1.6577191352844238
minilm_ce,eval_block_09,template_4,WRONG_ALIGNED,-0.6005839705467224,0.10402870178222656,-1.3051966428756714
minilm_ce,eval_block_09,template_4,NEUTRAL,0.29615938663482666,0.7969125509262085,-0.20459377765655518
minilm_ce,eval_block_09,template_4,GOLD_ALIGNED,1.6630422472953796,1.4867233037948608,1.8393611907958984
minilm_ce,eval_block_10,template_4,WRONG_ALIGNED,-1.781068816781044,-2.016145706176758,-1.5459919273853302
minilm_ce,eval_block_10,template_4,NEUTRAL,-0.4313370883464813,-0.5808305740356445,-0.2818436026573181
minilm_ce,eval_block_10,template_4,GOLD_ALIGNED,1.386782467365265,1.4869537353515625,1.2866111993789673
minilm_ce,eval_block_11,template_4,WRONG_ALIGNED,-2.0575773119926453,-1.500831961631775,-2.6143226623535156
minilm_ce,eval_block_11,template_4,NEUTRAL,0.06750716269016266,0.03469538688659668,0.10031893849372864
minilm_ce,eval_block_11,template_4,GOLD_ALIGNED,1.6732658818364143,1.5035163164138794,1.8430154472589493
