model_key,condition,n_queries,n_blocks,n_templates,wins,losses,exact_ties,mean_margin,median_margin,primary_template_equal_margin,near_tie_1e_6,near_tie_1e_5
bm25,WRONG_ALIGNED,24,12,4,0,24,0,-2.8134107167600364,-2.8134107167600364,-2.8134107167600364,0,0
bm25,NEUTRAL,24,12,4,0,0,24,0.0,0.0,0.0,24,24
bm25,GOLD_ALIGNED,24,12,4,24,0,0,2.8134107167600364,2.8134107167600364,2.8134107167600364,0,0
bge_small,WRONG_ALIGNED,24,12,4,1,23,0,-0.03836892048517863,-0.03335756063461304,-0.03836892048517863,0,0
bge_small,NEUTRAL,24,12,4,15,9,0,0.008480601012706757,0.010160773992538452,0.008480601012706757,0,0
bge_small,GOLD_ALIGNED,24,12,4,24,0,0,0.05074290682872137,0.045975327491760254,0.05074290682872136,0,0
e5_small,WRONG_ALIGNED,24,12,4,0,24,0,-0.030518457293510437,-0.030472904443740845,-0.030518457293510437,0,0
e5_small,NEUTRAL,24,12,4,14,10,0,0.005301997065544128,0.0011887848377227783,0.005301997065544128,0,0
e5_small,GOLD_ALIGNED,24,12,4,24,0,0,0.036033377051353455,0.04328024387359619,0.036033377051353455,0,0
minilm_ce,WRONG_ALIGNED,24,12,4,3,21,0,-1.1791295868655045,-1.2876378893852234,-1.1791295868655045,0,0
minilm_ce,NEUTRAL,24,12,4,13,11,0,0.08176289622982343,0.06750716269016266,0.08176289622982343,0,0
minilm_ce,GOLD_ALIGNED,24,12,4,24,0,0,1.5139485280960798,1.495235025882721,1.5139485280960798,0,0
