model_key,contrast,mean_paired_margin_shift,positive_blocks,negative_blocks,zero_blocks,positive_templates,negative_templates,zero_templates,loto_min,loto_max,template1,template2,template3,template4
bm25,GOLD_ALIGNED-WRONG_ALIGNED,5.626821433520073,12,0,0,4,0,0,5.626821433520073,5.626821433520073,5.626821433520073,5.626821433520073,5.626821433520073,5.626821433520073
bm25,NEUTRAL-WRONG_ALIGNED,2.8134107167600364,12,0,0,4,0,0,2.8134107167600364,2.8134107167600364,2.8134107167600364,2.8134107167600364,2.8134107167600364,2.8134107167600364
bm25,GOLD_ALIGNED-NEUTRAL,2.8134107167600364,12,0,0,4,0,0,2.8134107167600364,2.8134107167600364,2.8134107167600364,2.8134107167600364,2.8134107167600364,2.8134107167600364
bge_small,GOLD_ALIGNED-WRONG_ALIGNED,0.0891118273139,12,0,0,4,0,0,0.07897160119480558,0.09490508834520976,0.11953250567118326,0.07709333300590515,0.0717320442199707,0.08808942635854086
bge_small,NEUTRAL-WRONG_ALIGNED,0.046849521497885384,12,0,0,4,0,0,0.04234534170892503,0.0499229629834493,0.06036206086476644,0.03762919704119364,0.05075082182884216,0.038656006256739296
bge_small,GOLD_ALIGNED-NEUTRAL,0.0422623058160146,12,0,0,4,0,0,0.03662625948588053,0.04935600029097663,0.059170444806416825,0.0394641359647115,0.02098122239112854,0.04943342010180156
e5_small,GOLD_ALIGNED-WRONG_ALIGNED,0.06655183434486389,12,0,0,4,0,0,0.06126263406541612,0.07018669777446322,0.05564724405606587,0.06989434361457825,0.05824631452560425,0.08241943518320718
e5_small,NEUTRAL-WRONG_ALIGNED,0.035820454359054565,12,0,0,4,0,0,0.028171016110314265,0.041939251952701144,0.017464061578114826,0.03845744331677755,0.028591543436050415,0.05876876910527547
e5_small,GOLD_ALIGNED-NEUTRAL,0.030731379985809326,11,1,0,4,0,0,0.02824744582176208,0.03309161795510186,0.03818318247795105,0.0314369002978007,0.02965477108955383,0.02365066607793172
minilm_ce,GOLD_ALIGNED-WRONG_ALIGNED,2.693078114961584,12,0,0,4,0,0,2.572735187080171,2.8847626306944423,2.1180245677630105,2.930276622374852,2.6699043711026507,3.0541068986058235
minilm_ce,NEUTRAL-WRONG_ALIGNED,1.260892483095328,12,0,0,4,0,0,1.1954611374272242,1.3754769464333851,0.9171390930811564,1.2366929550965626,1.4325513641039531,1.45718652009964
minilm_ce,GOLD_ALIGNED-NEUTRAL,1.4321856318662562,12,0,0,4,0,0,1.3450529533955786,1.5092856842610571,1.2008854746818542,1.6935836672782898,1.2373530069986978,1.5969203785061836
