model_key,item_id,block_id,template_id,wording,condition,margin,outcome,order_max_abs_difference
bm25,q_c478426bf7106c2c,eval_block_07,template_3,1,GOLD_ALIGNED,2.8134107167600364,WIN,0.0
bm25,q_e72ac0a99bba48f7,eval_block_09,template_4,1,WRONG_ALIGNED,-2.8134107167600364,LOSE,0.0
bm25,q_0c49bb154d42660b,eval_block_03,template_2,1,GOLD_ALIGNED,2.8134107167600364,WIN,0.0
bm25,q_ddd9649ece51cab1,eval_block_06,template_3,0,WRONG_ALIGNED,-2.8134107167600364,LOSE,0.0
bm25,q_7c94d405c7c0c588,eval_block_03,template_2,0,NEUTRAL,0.0,TIE,0.0
bm25,q_718e3d128b6463b8,eval_block_11,template_4,1,GOLD_ALIGNED,2.8134107167600364,WIN,0.0
bm25,q_b39512de996ee552,eval_block_09,template_4,1,NEUTRAL,0.0,TIE,0.0
bm25,q_231c8083e947c1f0,eval_block_11,template_4,0,WRONG_ALIGNED,-2.8134107167600364,LOSE,0.0
bm25,q_cca92567e80970a8,eval_block_00,template_1,0,GOLD_ALIGNED,2.8134107167600364,WIN,0.0
bm25,q_0f5dbe5e9a945e79,eval_block_05,template_2,0,WRONG_ALIGNED,-2.8134107167600364,LOSE,0.0
bm25,q_bcab5501fba763cf,eval_block_01,template_1,1,GOLD_ALIGNED,2.8134107167600364,WIN,0.0
bm25,q_4cbb3f9e4a038ac9,eval_block_04,template_2,0,NEUTRAL,0.0,TIE,0.0
bm25,q_a17c7f2c0b681b14,eval_block_09,template_4,0,NEUTRAL,0.0,TIE,0.0
bm25,q_bf8e9580a945aed3,eval_block_07,template_3,0,GOLD_ALIGNED,2.8134107167600364,WIN,0.0
bm25,q_77380fab0c7067d4,eval_block_07,template_3,0,WRONG_ALIGNED,-2.8134107167600364,LOSE,0.0
bm25,q_20d409f5e8fd62f0,eval_block_00,template_1,1,NEUTRAL,0.0,TIE,0.0
bm25,q_ae12059b48749569,eval_block_05,template_2,1,GOLD_ALIGNED,2.8134107167600364,WIN,0.0
bm25,q_5be84c0bf8e9cb1f,eval_block_01,template_1,1,WRONG_ALIGNED,-2.8134107167600364,LOSE,0.0
bm25,q_184feabd11ef967e,eval_block_07,template_3,1,NEUTRAL,0.0,TIE,0.0
bm25,q_d169927e0a7b60c5,eval_block_00,template_1,0,NEUTRAL,0.0,TIE,0.0
bm25,q_c5b45836d6576ec4,eval_block_01,template_1,1,NEUTRAL,0.0,TIE,0.0
bm25,q_eae7cf2633076ef8,eval_block_06,template_3,1,NEUTRAL,0.0,TIE,0.0
bm25,q_1c49049f728787b7,eval_block_00,template_1,1,GOLD_ALIGNED,2.8134107167600364,WIN,0.0
bm25,q_f8bb3437673e8635,eval_block_09,template_4,0,GOLD_ALIGNED,2.8134107167600364,WIN,0.0
bm25,q_826016c1ab088660,eval_block_01,template_1,0,GOLD_ALIGNED,2.8134107167600364,WIN,0.0
bm25,q_0af7f7a1228f0c95,eval_block_00,template_1,1,WRONG_ALIGNED,-2.8134107167600364,LOSE,0.0
bm25,q_3e40e724989b3b7d,eval_block_08,template_3,1,NEUTRAL,0.0,TIE,0.0
bm25,q_6b22257562daf49a,eval_block_08,template_3,0,NEUTRAL,0.0,TIE,0.0
bm25,q_d668a2b00bbe2047,eval_block_08,template_3,1,GOLD_ALIGNED,2.8134107167600364,WIN,0.0
bm25,q_159814c6937f959f,eval_block_09,template_4,1,GOLD_ALIGNED,2.8134107167600364,WIN,0.0
bm25,q_9ee124b6867d3f4d,eval_block_11,template_4,0,NEUTRAL,0.0,TIE,0.0
bm25,q_e6cad12e02b01d6a,eval_block_04,template_2,0,GOLD_ALIGNED,2.8134107167600364,WIN,0.0
bm25,q_022eaf3e3f4a6777,eval_block_02,template_1,1,NEUTRAL,0.0,TIE,0.0
bm25,q_1e3268394b22b4f4,eval_block_10,template_4,0,WRONG_ALIGNED,-2.8134107167600364,LOSE,0.0
bm25,q_0aa3771943876527,eval_block_10,template_4,1,WRONG_ALIGNED,-2.8134107167600364,LOSE,0.0
bm25,q_c52b980732145455,eval_block_10,template_4,1,GOLD_ALIGNED,2.8134107167600364,WIN,0.0
bm25,q_7ed0c96cd519d566,eval_block_07,template_3,1,WRONG_ALIGNED,-2.8134107167600364,LOSE,0.0
bm25,q_215a05d28fb431e7,eval_block_05,template_2,1,WRONG_ALIGNED,-2.8134107167600364,LOSE,0.0
bm25,q_cc12aaa1e28807a2,eval_block_02,template_1,0,WRONG_ALIGNED,-2.8134107167600364,LOSE,0.0
bm25,q_8c63b858574af92d,eval_block_06,template_3,1,GOLD_ALIGNED,2.8134107167600364,WIN,0.0
bm25,q_73ec55a525a66b5c,eval_block_02,template_1,0,GOLD_ALIGNED,2.8134107167600364,WIN,0.0
bm25,q_770199450612192e,eval_block_04,template_2,0,WRONG_ALIGNED,-2.8134107167600364,LOSE,0.0
bm25,q_c9cb6d20b28d4361,eval_block_08,template_3,1,WRONG_ALIGNED,-2.8134107167600364,LOSE,0.0
bm25,q_4b942ccf9391b2ba,eval_block_03,template_2,0,WRONG_ALIGNED,-2.8134107167600364,LOSE,0.0
bm25,q_fd985fc02e44ed3c,eval_block_11,template_4,0,GOLD_ALIGNED,2.8134107167600364,WIN,0.0
bm25,q_0c7f71953e4467b9,eval_block_08,template_3,0,GOLD_ALIGNED,2.8134107167600364,WIN,0.0
bm25,q_82df2085db732407,eval_block_11,template_4,1,WRONG_ALIGNED,-2.8134107167600364,LOSE,0.0
bm25,q_100cba852fc9c87f,eval_block_06,template_3,0,GOLD_ALIGNED,2.8134107167600364,WIN,0.0
bm25,q_952d270003a7123c,eval_block_02,template_1,0,NEUTRAL,0.0,TIE,0.0
bm25,q_7502db7187c4d07e,eval_block_01,template_1,0,WRONG_ALIGNED,-2.8134107167600364,LOSE,0.0
bm25,q_9ab25669c846b8ac,eval_block_01,template_1,0,NEUTRAL,0.0,TIE,0.0
bm25,q_daf8dd732e55048a,eval_block_04,template_2,1,NEUTRAL,0.0,TIE,0.0
bm25,q_7f6e0d59fd11d3b0,eval_block_05,template_2,0,NEUTRAL,0.0,TIE,0.0
bm25,q_b73c52b90c0b8957,eval_block_10,template_4,0,GOLD_ALIGNED,2.8134107167600364,WIN,0.0
bm25,q_018c805d5b057818,eval_block_05,template_2,1,NEUTRAL,0.0,TIE,0.0
bm25,q_6eed991069845905,eval_block_04,template_2,1,WRONG_ALIGNED,-2.8134107167600364,LOSE,0.0
bm25,q_d444ae0bde7b7f56,eval_block_03,template_2,1,NEUTRAL,0.0,TIE,0.0
bm25,q_6c8f941da5d3dc7f,eval_block_03,template_2,1,WRONG_ALIGNED,-2.8134107167600364,LOSE,0.0
bm25,q_447a884d0ec6e90c,eval_block_00,template_1,0,WRONG_ALIGNED,-2.8134107167600364,LOSE,0.0
bm25,q_c7b97d8f9dd835d6,eval_block_07,template_3,0,NEUTRAL,0.0,TIE,0.0
bm25,q_2de0b9938a10af77,eval_block_02,template_1,1,GOLD_ALIGNED,2.8134107167600364,WIN,0.0
bm25,q_2f3bcaf6687f5845,eval_block_09,template_4,0,WRONG_ALIGNED,-2.8134107167600364,LOSE,0.0
bm25,q_9bb8e5efc847838f,eval_block_05,template_2,0,GOLD_ALIGNED,2.8134107167600364,WIN,0.0
bm25,q_3e624a4e3d4f3424,eval_block_06,template_3,1,WRONG_ALIGNED,-2.8134107167600364,LOSE,0.0
bm25,q_abf0b4a0ab6e3d7e,eval_block_10,template_4,1,NEUTRAL,0.0,TIE,0.0
bm25,q_3f07a44fd390ed37,eval_block_03,template_2,0,GOLD_ALIGNED,2.8134107167600364,WIN,0.0
bm25,q_1ea32c76d82b70d7,eval_block_11,template_4,1,NEUTRAL,0.0,TIE,0.0
bm25,q_9db2033f2b568d04,eval_block_08,template_3,0,WRONG_ALIGNED,-2.8134107167600364,LOSE,0.0
bm25,q_696118989a6ac728,eval_block_02,template_1,1,WRONG_ALIGNED,-2.8134107167600364,LOSE,0.0
bm25,q_993139dd0de027fe,eval_block_06,template_3,0,NEUTRAL,0.0,TIE,0.0
bm25,q_a49694dda63119b4,eval_block_10,template_4,0,NEUTRAL,0.0,TIE,0.0
bm25,q_521b348ea2aa082d,eval_block_04,template_2,1,GOLD_ALIGNED,2.8134107167600364,WIN,0.0
bge_small,q_c478426bf7106c2c,eval_block_07,template_3,1,GOLD_ALIGNED,0.03768765926361084,WIN,0.0
bge_small,q_e72ac0a99bba48f7,eval_block_09,template_4,1,WRONG_ALIGNED,-0.03354239463806152,LOSE,0.0
bge_small,q_0c49bb154d42660b,eval_block_03,template_2,1,GOLD_ALIGNED,0.05983257293701172,WIN,0.0
bge_small,q_ddd9649ece51cab1,eval_block_06,template_3,0,WRONG_ALIGNED,-0.04369616508483887,LOSE,0.0
bge_small,q_7c94d405c7c0c588,eval_block_03,template_2,0,NEUTRAL,0.01896566152572632,WIN,0.0
bge_small,q_718e3d128b6463b8,eval_block_11,template_4,1,GOLD_ALIGNED,0.04268348217010498,WIN,0.0
bge_small,q_b39512de996ee552,eval_block_09,template_4,1,NEUTRAL,-0.009197652339935303,LOSE,0.0
bge_small,q_231c8083e947c1f0,eval_block_11,template_4,0,WRONG_ALIGNED,-0.04267638921737671,LOSE,0.0
bge_small,q_cca92567e80970a8,eval_block_00,template_1,0,GOLD_ALIGNED,0.10074764490127563,WIN,0.0
bge_small,q_0f5dbe5e9a945e79,eval_block_05,template_2,0,WRONG_ALIGNED,-0.01570194959640503,LOSE,0.0
bge_small,q_bcab5501fba763cf,eval_block_01,template_1,1,GOLD_ALIGNED,0.060525596141815186,WIN,0.0
bge_small,q_4cbb3f9e4a038ac9,eval_block_04,template_2,0,NEUTRAL,-0.03540992736816406,LOSE,0.0
bge_small,q_a17c7f2c0b681b14,eval_block_09,template_4,0,NEUTRAL,0.005285143852233887,WIN,0.0
bge_small,q_bf8e9580a945aed3,eval_block_07,template_3,0,GOLD_ALIGNED,0.031408846378326416,WIN,0.0
bge_small,q_77380fab0c7067d4,eval_block_07,template_3,0,WRONG_ALIGNED,0.003931403160095215,WIN,0.0
bge_small,q_20d409f5e8fd62f0,eval_block_00,template_1,1,NEUTRAL,0.05515122413635254,WIN,0.0
bge_small,q_ae12059b48749569,eval_block_05,template_2,1,GOLD_ALIGNED,0.06785732507705688,WIN,0.0
bge_small,q_5be84c0bf8e9cb1f,eval_block_01,template_1,1,WRONG_ALIGNED,-0.08521807193756104,LOSE,0.0
bge_small,q_184feabd11ef967e,eval_block_07,template_3,1,NEUTRAL,0.019802212715148926,WIN,0.0
bge_small,q_d169927e0a7b60c5,eval_block_00,template_1,0,NEUTRAL,0.0386698842048645,WIN,0.0
bge_small,q_c5b45836d6576ec4,eval_block_01,template_1,1,NEUTRAL,0.013133883476257324,WIN,0.0
bge_small,q_eae7cf2633076ef8,eval_block_06,template_3,1,NEUTRAL,0.005515575408935547,WIN,0.0
bge_small,q_1c49049f728787b7,eval_block_00,template_1,1,GOLD_ALIGNED,0.11633312702178955,WIN,0.0
bge_small,q_f8bb3437673e8635,eval_block_09,template_4,0,GOLD_ALIGNED,0.04361313581466675,WIN,0.0
bge_small,q_826016c1ab088660,eval_block_01,template_1,0,GOLD_ALIGNED,0.03177225589752197,WIN,0.0
bge_small,q_0af7f7a1228f0c95,eval_block_00,template_1,1,WRONG_ALIGNED,-0.013558149337768555,LOSE,0.0
bge_small,q_3e40e724989b3b7d,eval_block_08,template_3,1,NEUTRAL,0.037938594818115234,WIN,0.0
bge_small,q_6b22257562daf49a,eval_block_08,template_3,0,NEUTRAL,0.030963361263275146,WIN,0.0
bge_small,q_d668a2b00bbe2047,eval_block_08,template_3,1,GOLD_ALIGNED,0.047689855098724365,WIN,0.0
bge_small,q_159814c6937f959f,eval_block_09,template_4,1,GOLD_ALIGNED,0.05252504348754883,WIN,0.0
bge_small,q_9ee124b6867d3f4d,eval_block_11,template_4,0,NEUTRAL,-0.0031756162643432617,LOSE,0.0
bge_small,q_e6cad12e02b01d6a,eval_block_04,template_2,0,GOLD_ALIGNED,0.034835219383239746,WIN,0.0
bge_small,q_022eaf3e3f4a6777,eval_block_02,template_1,1,NEUTRAL,-0.012904047966003418,LOSE,0.0
bge_small,q_1e3268394b22b4f4,eval_block_10,template_4,0,WRONG_ALIGNED,-0.08626425266265869,LOSE,0.0
bge_small,q_0aa3771943876527,eval_block_10,template_4,1,WRONG_ALIGNED,-0.0869746208190918,LOSE,0.0
bge_small,q_c52b980732145455,eval_block_10,template_4,1,GOLD_ALIGNED,0.012294948101043701,WIN,0.0
bge_small,q_7ed0c96cd519d566,eval_block_07,template_3,1,WRONG_ALIGNED,-0.02884143590927124,LOSE,0.0
bge_small,q_215a05d28fb431e7,eval_block_05,template_2,1,WRONG_ALIGNED,-0.04828369617462158,LOSE,0.0
bge_small,q_cc12aaa1e28807a2,eval_block_02,template_1,0,WRONG_ALIGNED,-0.05290406942367554,LOSE,0.0
bge_small,q_8c63b858574af92d,eval_block_06,template_3,1,GOLD_ALIGNED,0.043125927448272705,WIN,0.0
bge_small,q_73ec55a525a66b5c,eval_block_02,template_1,0,GOLD_ALIGNED,0.06696140766143799,WIN,0.0
bge_small,q_770199450612192e,eval_block_04,template_2,0,WRONG_ALIGNED,-0.04037600755691528,LOSE,0.0
bge_small,q_c9cb6d20b28d4361,eval_block_08,template_3,1,WRONG_ALIGNED,-0.02860957384109497,LOSE,0.0
bge_small,q_4b942ccf9391b2ba,eval_block_03,template_2,0,WRONG_ALIGNED,-0.0072740912437438965,LOSE,0.0
bge_small,q_fd985fc02e44ed3c,eval_block_11,template_4,0,GOLD_ALIGNED,0.023053467273712158,WIN,0.0
bge_small,q_0c7f71953e4467b9,eval_block_08,template_3,0,GOLD_ALIGNED,0.05166745185852051,WIN,0.0
bge_small,q_82df2085db732407,eval_block_11,template_4,1,WRONG_ALIGNED,-0.06632202863693237,LOSE,0.0
bge_small,q_100cba852fc9c87f,eval_block_06,template_3,0,GOLD_ALIGNED,0.04426079988479614,WIN,0.0
bge_small,q_952d270003a7123c,eval_block_02,template_1,0,NEUTRAL,-0.01627105474472046,LOSE,0.0
bge_small,q_7502db7187c4d07e,eval_block_01,template_1,0,WRONG_ALIGNED,-0.030042648315429688,LOSE,0.0
bge_small,q_9ab25669c846b8ac,eval_block_01,template_1,0,NEUTRAL,0.017084836959838867,WIN,0.0
bge_small,q_daf8dd732e55048a,eval_block_04,template_2,1,NEUTRAL,-0.022331714630126953,LOSE,0.0
bge_small,q_7f6e0d59fd11d3b0,eval_block_05,template_2,0,NEUTRAL,0.05315840244293213,WIN,0.0
bge_small,q_b73c52b90c0b8957,eval_block_10,template_4,0,GOLD_ALIGNED,0.030325233936309814,WIN,0.0
bge_small,q_018c805d5b057818,eval_block_05,template_2,1,NEUTRAL,0.037795066833496094,WIN,0.0
bge_small,q_6eed991069845905,eval_block_04,template_2,1,WRONG_ALIGNED,-0.024063169956207275,LOSE,0.0
bge_small,q_d444ae0bde7b7f56,eval_block_03,template_2,1,NEUTRAL,0.018644213676452637,WIN,0.0
bge_small,q_6c8f941da5d3dc7f,eval_block_03,template_2,1,WRONG_ALIGNED,-0.019254565238952637,LOSE,0.0
bge_small,q_447a884d0ec6e90c,eval_block_00,template_1,0,WRONG_ALIGNED,-0.02863413095474243,LOSE,0.0
bge_small,q_c7b97d8f9dd835d6,eval_block_07,template_3,0,NEUTRAL,0.028545796871185303,WIN,0.0
bge_small,q_2de0b9938a10af77,eval_block_02,template_1,1,GOLD_ALIGNED,0.07354736328125,WIN,0.0
bge_small,q_2f3bcaf6687f5845,eval_block_09,template_4,0,WRONG_ALIGNED,-0.008261561393737793,LOSE,0.0
bge_small,q_9bb8e5efc847838f,eval_block_05,template_2,0,GOLD_ALIGNED,0.0716252326965332,WIN,0.0
bge_small,q_3e624a4e3d4f3424,eval_block_06,template_3,1,WRONG_ALIGNED,-0.04416322708129883,LOSE,0.0
bge_small,q_abf0b4a0ab6e3d7e,eval_block_10,template_4,1,NEUTRAL,-0.04501920938491821,LOSE,0.0
bge_small,q_3f07a44fd390ed37,eval_block_03,template_2,0,GOLD_ALIGNED,0.05417758226394653,WIN,0.0
bge_small,q_1ea32c76d82b70d7,eval_block_11,template_4,1,NEUTRAL,-0.005308747291564941,LOSE,0.0
bge_small,q_9db2033f2b568d04,eval_block_08,template_3,0,WRONG_ALIGNED,-0.03317272663116455,LOSE,0.0
bge_small,q_696118989a6ac728,eval_block_02,template_1,1,WRONG_ALIGNED,-0.05695056915283203,LOSE,0.0
bge_small,q_993139dd0de027fe,eval_block_06,template_3,0,NEUTRAL,0.00718766450881958,WIN,0.0
bge_small,q_a49694dda63119b4,eval_block_10,template_4,0,NEUTRAL,-0.034689128398895264,LOSE,0.0
bge_small,q_521b348ea2aa082d,eval_block_04,template_2,1,GOLD_ALIGNED,0.01927858591079712,WIN,0.0
e5_small,q_c478426bf7106c2c,eval_block_07,template_3,1,GOLD_ALIGNED,0.04610472917556763,WIN,0.0
e5_small,q_e72ac0a99bba48f7,eval_block_09,template_4,1,WRONG_ALIGNED,-0.03426706790924072,LOSE,0.0
e5_small,q_0c49bb154d42660b,eval_block_03,template_2,1,GOLD_ALIGNED,0.043635010719299316,WIN,0.0
e5_small,q_ddd9649ece51cab1,eval_block_06,template_3,0,WRONG_ALIGNED,-0.05538421869277954,LOSE,0.0
e5_small,q_7c94d405c7c0c588,eval_block_03,template_2,0,NEUTRAL,0.029723525047302246,WIN,0.0
e5_small,q_718e3d128b6463b8,eval_block_11,template_4,1,GOLD_ALIGNED,0.048407793045043945,WIN,0.0
e5_small,q_b39512de996ee552,eval_block_09,template_4,1,NEUTRAL,0.010593771934509277,WIN,0.0
e5_small,q_231c8083e947c1f0,eval_block_11,template_4,0,WRONG_ALIGNED,-0.030097901821136475,LOSE,0.0
e5_small,q_cca92567e80970a8,eval_block_00,template_1,0,GOLD_ALIGNED,0.04906952381134033,WIN,0.0
e5_small,q_0f5dbe5e9a945e79,eval_block_05,template_2,0,WRONG_ALIGNED,-0.03501611948013306,LOSE,0.0
e5_small,q_bcab5501fba763cf,eval_block_01,template_1,1,GOLD_ALIGNED,0.030469238758087158,WIN,0.0
e5_small,q_4cbb3f9e4a038ac9,eval_block_04,template_2,0,NEUTRAL,-0.020719468593597412,LOSE,0.0
e5_small,q_a17c7f2c0b681b14,eval_block_09,template_4,0,NEUTRAL,0.004855811595916748,WIN,0.0
e5_small,q_bf8e9580a945aed3,eval_block_07,template_3,0,GOLD_ALIGNED,0.044435858726501465,WIN,0.0
e5_small,q_77380fab0c7067d4,eval_block_07,template_3,0,WRONG_ALIGNED,-0.00579601526260376,LOSE,0.0
e5_small,q_20d409f5e8fd62f0,eval_block_00,template_1,1,NEUTRAL,-0.002361595630645752,LOSE,0.0
e5_small,q_ae12059b48749569,eval_block_05,template_2,1,GOLD_ALIGNED,0.05051976442337036,WIN,0.0
e5_small,q_5be84c0bf8e9cb1f,eval_block_01,template_1,1,WRONG_ALIGNED,-0.021431267261505127,LOSE,0.0
e5_small,q_184feabd11ef967e,eval_block_07,template_3,1,NEUTRAL,0.0013979077339172363,WIN,0.0
e5_small,q_d169927e0a7b60c5,eval_block_00,template_1,0,NEUTRAL,0.0001698136329650879,WIN,0.0
e5_small,q_c5b45836d6576ec4,eval_block_01,template_1,1,NEUTRAL,-0.002621173858642578,LOSE,0.0
e5_small,q_eae7cf2633076ef8,eval_block_06,template_3,1,NEUTRAL,-0.023555755615234375,LOSE,0.0
e5_small,q_1c49049f728787b7,eval_block_00,template_1,1,GOLD_ALIGNED,0.03787201642990112,WIN,0.0
e5_small,q_f8bb3437673e8635,eval_block_09,template_4,0,GOLD_ALIGNED,0.024366319179534912,WIN,0.0
e5_small,q_826016c1ab088660,eval_block_01,template_1,0,GOLD_ALIGNED,0.036751627922058105,WIN,0.0
e5_small,q_0af7f7a1228f0c95,eval_block_00,template_1,1,WRONG_ALIGNED,-0.02083975076675415,LOSE,0.0
e5_small,q_3e40e724989b3b7d,eval_block_08,template_3,1,NEUTRAL,0.03752636909484863,WIN,0.0
e5_small,q_6b22257562daf49a,eval_block_08,template_3,0,NEUTRAL,0.026132285594940186,WIN,0.0
e5_small,q_d668a2b00bbe2047,eval_block_08,template_3,1,GOLD_ALIGNED,0.04674887657165527,WIN,0.0
e5_small,q_159814c6937f959f,eval_block_09,template_4,1,GOLD_ALIGNED,0.033461034297943115,WIN,0.0
e5_small,q_9ee124b6867d3f4d,eval_block_11,template_4,0,NEUTRAL,0.06026053428649902,WIN,0.0
e5_small,q_e6cad12e02b01d6a,eval_block_04,template_2,0,GOLD_ALIGNED,0.022645413875579834,WIN,0.0
e5_small,q_022eaf3e3f4a6777,eval_block_02,template_1,1,NEUTRAL,-0.01853567361831665,LOSE,0.0
e5_small,q_1e3268394b22b4f4,eval_block_10,template_4,0,WRONG_ALIGNED,-0.065132737159729,LOSE,0.0
e5_small,q_0aa3771943876527,eval_block_10,template_4,1,WRONG_ALIGNED,-0.05636489391326904,LOSE,0.0
e5_small,q_c52b980732145455,eval_block_10,template_4,1,GOLD_ALIGNED,0.042925477027893066,WIN,0.0
e5_small,q_7ed0c96cd519d566,eval_block_07,template_3,1,WRONG_ALIGNED,-0.016737401485443115,LOSE,0.0
e5_small,q_215a05d28fb431e7,eval_block_05,template_2,1,WRONG_ALIGNED,-0.03901255130767822,LOSE,0.0
e5_small,q_cc12aaa1e28807a2,eval_block_02,template_1,0,WRONG_ALIGNED,-0.03335106372833252,LOSE,0.0
e5_small,q_8c63b858574af92d,eval_block_06,template_3,1,GOLD_ALIGNED,0.006960690021514893,WIN,0.0
e5_small,q_73ec55a525a66b5c,eval_block_02,template_1,0,GOLD_ALIGNED,0.020605087280273438,WIN,0.0
e5_small,q_770199450612192e,eval_block_04,template_2,0,WRONG_ALIGNED,-0.03441619873046875,LOSE,0.0
e5_small,q_c9cb6d20b28d4361,eval_block_08,template_3,1,WRONG_ALIGNED,-0.0027288198471069336,LOSE,0.0
e5_small,q_4b942ccf9391b2ba,eval_block_03,template_2,0,WRONG_ALIGNED,-0.02141404151916504,LOSE,0.0
e5_small,q_fd985fc02e44ed3c,eval_block_11,template_4,0,GOLD_ALIGNED,0.04888260364532471,WIN,0.0
e5_small,q_0c7f71953e4467b9,eval_block_08,template_3,0,GOLD_ALIGNED,0.04865163564682007,WIN,0.0
e5_small,q_82df2085db732407,eval_block_11,template_4,1,WRONG_ALIGNED,-0.0333293080329895,LOSE,0.0
e5_small,q_100cba852fc9c87f,eval_block_06,template_3,0,GOLD_ALIGNED,0.008921265602111816,WIN,0.0
e5_small,q_952d270003a7123c,eval_block_02,template_1,0,NEUTRAL,-0.018062293529510498,LOSE,0.0
e5_small,q_7502db7187c4d07e,eval_block_01,template_1,0,WRONG_ALIGNED,-0.013679802417755127,LOSE,0.0
e5_small,q_9ab25669c846b8ac,eval_block_01,template_1,0,NEUTRAL,0.0009796619415283203,WIN,0.0
e5_small,q_daf8dd732e55048a,eval_block_04,template_2,1,NEUTRAL,-0.02049863338470459,LOSE,0.0
e5_small,q_7f6e0d59fd11d3b0,eval_block_05,template_2,0,NEUTRAL,0.014482617378234863,WIN,0.0
e5_small,q_b73c52b90c0b8957,eval_block_10,template_4,0,GOLD_ALIGNED,0.04643356800079346,WIN,0.0
e5_small,q_018c805d5b057818,eval_block_05,template_2,1,NEUTRAL,0.011067628860473633,WIN,0.0
e5_small,q_6eed991069845905,eval_block_04,template_2,1,WRONG_ALIGNED,-0.03272974491119385,LOSE,0.0
e5_small,q_d444ae0bde7b7f56,eval_block_03,template_2,1,NEUTRAL,0.027156293392181396,WIN,0.0
e5_small,q_6c8f941da5d3dc7f,eval_block_03,template_2,1,WRONG_ALIGNED,-0.02694404125213623,LOSE,0.0
e5_small,q_447a884d0ec6e90c,eval_block_00,template_1,0,WRONG_ALIGNED,-0.026714682579040527,LOSE,0.0
e5_small,q_c7b97d8f9dd835d6,eval_block_07,template_3,0,NEUTRAL,0.009635329246520996,WIN,0.0
e5_small,q_2de0b9938a10af77,eval_block_02,template_1,1,GOLD_ALIGNED,0.013900339603424072,WIN,0.0
e5_small,q_2f3bcaf6687f5845,eval_block_09,template_4,0,WRONG_ALIGNED,-0.030847907066345215,LOSE,0.0
e5_small,q_9bb8e5efc847838f,eval_block_05,template_2,0,GOLD_ALIGNED,0.050351858139038086,WIN,0.0
e5_small,q_3e624a4e3d4f3424,eval_block_06,template_3,1,WRONG_ALIGNED,-0.050730109214782715,LOSE,0.0
e5_small,q_abf0b4a0ab6e3d7e,eval_block_10,template_4,1,NEUTRAL,-0.016637086868286133,LOSE,0.0
e5_small,q_3f07a44fd390ed37,eval_block_03,template_2,0,GOLD_ALIGNED,0.04618197679519653,WIN,0.0
e5_small,q_1ea32c76d82b70d7,eval_block_11,template_4,1,NEUTRAL,0.05927759408950806,WIN,0.0
e5_small,q_9db2033f2b568d04,eval_block_08,template_3,0,WRONG_ALIGNED,-0.01627826690673828,LOSE,0.0
e5_small,q_696118989a6ac728,eval_block_02,template_1,1,WRONG_ALIGNED,-0.029199063777923584,LOSE,0.0
e5_small,q_993139dd0de027fe,eval_block_06,template_3,0,NEUTRAL,-0.02724170684814453,LOSE,0.0
e5_small,q_a49694dda63119b4,eval_block_10,template_4,0,NEUTRAL,-0.0157778263092041,LOSE,0.0
e5_small,q_521b348ea2aa082d,eval_block_04,template_2,1,GOLD_ALIGNED,0.016499340534210205,WIN,0.0
minilm_ce,q_c478426bf7106c2c,eval_block_07,template_3,1,GOLD_ALIGNED,1.0689804553985596,WIN,0.0
minilm_ce,q_e72ac0a99bba48f7,eval_block_09,template_4,1,WRONG_ALIGNED,-1.3051966428756714,LOSE,0.0
minilm_ce,q_0c49bb154d42660b,eval_block_03,template_2,1,GOLD_ALIGNED,2.2657092213630676,WIN,0.0
minilm_ce,q_ddd9649ece51cab1,eval_block_06,template_3,0,WRONG_ALIGNED,-1.8965307474136353,LOSE,0.0
minilm_ce,q_7c94d405c7c0c588,eval_block_03,template_2,0,NEUTRAL,0.34197497367858887,WIN,0.0
minilm_ce,q_718e3d128b6463b8,eval_block_11,template_4,1,GOLD_ALIGNED,1.8430154472589493,WIN,0.0
minilm_ce,q_b39512de996ee552,eval_block_09,template_4,1,NEUTRAL,-0.20459377765655518,LOSE,0.0
minilm_ce,q_231c8083e947c1f0,eval_block_11,template_4,0,WRONG_ALIGNED,-1.500831961631775,LOSE,0.0
minilm_ce,q_cca92567e80970a8,eval_block_00,template_1,0,GOLD_ALIGNED,1.3457419872283936,WIN,0.0
minilm_ce,q_0f5dbe5e9a945e79,eval_block_05,template_2,0,WRONG_ALIGNED,0.0399174690246582,WIN,0.0
minilm_ce,q_bcab5501fba763cf,eval_block_01,template_1,1,GOLD_ALIGNED,1.5667827129364014,WIN,0.0
minilm_ce,q_4cbb3f9e4a038ac9,eval_block_04,template_2,0,NEUTRAL,-1.8012582063674927,LOSE,0.0
minilm_ce,q_a17c7f2c0b681b14,eval_block_09,template_4,0,NEUTRAL,0.7969125509262085,WIN,0.0
minilm_ce,q_bf8e9580a945aed3,eval_block_07,template_3,0,GOLD_ALIGNED,0.4384748935699463,WIN,0.0
minilm_ce,q_77380fab0c7067d4,eval_block_07,template_3,0,WRONG_ALIGNED,-1.4238817691802979,LOSE,0.0
minilm_ce,q_20d409f5e8fd62f0,eval_block_00,template_1,1,NEUTRAL,0.26256871223449707,WIN,0.0
minilm_ce,q_ae12059b48749569,eval_block_05,template_2,1,GOLD_ALIGNED,2.360037624835968,WIN,0.0
minilm_ce,q_5be84c0bf8e9cb1f,eval_block_01,template_1,1,WRONG_ALIGNED,-0.4677772521972656,LOSE,0.0
minilm_ce,q_184feabd11ef967e,eval_block_07,template_3,1,NEUTRAL,-0.22183799743652344,LOSE,0.0
minilm_ce,q_d169927e0a7b60c5,eval_block_00,template_1,0,NEUTRAL,0.20904064178466797,WIN,0.0
minilm_ce,q_c5b45836d6576ec4,eval_block_01,template_1,1,NEUTRAL,0.730849027633667,WIN,0.0
minilm_ce,q_eae7cf2633076ef8,eval_block_06,template_3,1,NEUTRAL,-0.1444258689880371,LOSE,0.0
minilm_ce,q_1c49049f728787b7,eval_block_00,template_1,1,GOLD_ALIGNED,0.8241114616394043,WIN,0.0
minilm_ce,q_f8bb3437673e8635,eval_block_09,template_4,0,GOLD_ALIGNED,1.4867233037948608,WIN,0.0
minilm_ce,q_826016c1ab088660,eval_block_01,template_1,0,GOLD_ALIGNED,1.532050609588623,WIN,0.0
minilm_ce,q_0af7f7a1228f0c95,eval_block_00,template_1,1,WRONG_ALIGNED,-0.5296726226806641,LOSE,0.0
minilm_ce,q_3e40e724989b3b7d,eval_block_08,template_3,1,NEUTRAL,1.161055088043213,WIN,0.0
minilm_ce,q_6b22257562daf49a,eval_block_08,template_3,0,NEUTRAL,0.2158823013305664,WIN,0.0
minilm_ce,q_d668a2b00bbe2047,eval_block_08,template_3,1,GOLD_ALIGNED,1.6577191352844238,WIN,0.0
minilm_ce,q_159814c6937f959f,eval_block_09,template_4,1,GOLD_ALIGNED,1.8393611907958984,WIN,0.0
minilm_ce,q_9ee124b6867d3f4d,eval_block_11,template_4,0,NEUTRAL,0.03469538688659668,WIN,0.0
minilm_ce,q_e6cad12e02b01d6a,eval_block_04,template_2,0,GOLD_ALIGNED,1.4711694717407227,WIN,0.0
minilm_ce,q_022eaf3e3f4a6777,eval_block_02,template_1,1,NEUTRAL,-0.5661821365356445,LOSE,0.0
minilm_ce,q_1e3268394b22b4f4,eval_block_10,template_4,0,WRONG_ALIGNED,-2.016145706176758,LOSE,0.0
minilm_ce,q_0aa3771943876527,eval_block_10,template_4,1,WRONG_ALIGNED,-1.5459919273853302,LOSE,0.0
minilm_ce,q_c52b980732145455,eval_block_10,template_4,1,GOLD_ALIGNED,1.2866111993789673,WIN,0.0
minilm_ce,q_7ed0c96cd519d566,eval_block_07,template_3,1,WRONG_ALIGNED,-2.17478609085083,LOSE,0.0
minilm_ce,q_215a05d28fb431e7,eval_block_05,template_2,1,WRONG_ALIGNED,-0.9323675632476807,LOSE,0.0
minilm_ce,q_cc12aaa1e28807a2,eval_block_02,template_1,0,WRONG_ALIGNED,-1.3553634881973267,LOSE,0.0
minilm_ce,q_8c63b858574af92d,eval_block_06,template_3,1,GOLD_ALIGNED,1.5841970443725586,WIN,0.0
minilm_ce,q_73ec55a525a66b5c,eval_block_02,template_1,0,GOLD_ALIGNED,1.5415022373199463,WIN,0.0
minilm_ce,q_770199450612192e,eval_block_04,template_2,0,WRONG_ALIGNED,-1.8187272548675537,LOSE,0.0
minilm_ce,q_c9cb6d20b28d4361,eval_block_08,template_3,1,WRONG_ALIGNED,0.43729233741760254,WIN,0.0
minilm_ce,q_4b942ccf9391b2ba,eval_block_03,template_2,0,WRONG_ALIGNED,-1.1232118606567383,LOSE,0.0
minilm_ce,q_fd985fc02e44ed3c,eval_block_11,template_4,0,GOLD_ALIGNED,1.5035163164138794,WIN,0.0
minilm_ce,q_0c7f71953e4467b9,eval_block_08,template_3,0,GOLD_ALIGNED,1.484998345375061,WIN,0.0
minilm_ce,q_82df2085db732407,eval_block_11,template_4,1,WRONG_ALIGNED,-2.6143226623535156,LOSE,0.0
minilm_ce,q_100cba852fc9c87f,eval_block_06,template_3,0,GOLD_ALIGNED,1.9329109191894531,WIN,0.0
minilm_ce,q_952d270003a7123c,eval_block_02,template_1,0,NEUTRAL,-0.9601168632507324,LOSE,0.0
minilm_ce,q_7502db7187c4d07e,eval_block_01,template_1,0,WRONG_ALIGNED,-0.03573274612426758,LOSE,0.0
minilm_ce,q_9ab25669c846b8ac,eval_block_01,template_1,0,NEUTRAL,1.1140755414962769,WIN,0.0
minilm_ce,q_daf8dd732e55048a,eval_block_04,template_2,1,NEUTRAL,-1.7729222774505615,LOSE,0.0
minilm_ce,q_7f6e0d59fd11d3b0,eval_block_05,template_2,0,NEUTRAL,1.907263159751892,WIN,0.0
minilm_ce,q_b73c52b90c0b8957,eval_block_10,template_4,0,GOLD_ALIGNED,1.4869537353515625,WIN,0.0
minilm_ce,q_018c805d5b057818,eval_block_05,template_2,1,NEUTRAL,1.7184987664222717,WIN,0.0
minilm_ce,q_6eed991069845905,eval_block_04,template_2,1,WRONG_ALIGNED,-1.8138657808303833,LOSE,0.0
minilm_ce,q_d444ae0bde7b7f56,eval_block_03,template_2,1,NEUTRAL,0.17069649696350098,WIN,0.0
minilm_ce,q_6c8f941da5d3dc7f,eval_block_03,template_2,1,WRONG_ALIGNED,-1.207649827003479,LOSE,0.0
minilm_ce,q_447a884d0ec6e90c,eval_block_00,template_1,0,WRONG_ALIGNED,-1.2700791358947754,LOSE,0.0
minilm_ce,q_c7b97d8f9dd835d6,eval_block_07,template_3,0,NEUTRAL,-0.09849238395690918,LOSE,0.0
minilm_ce,q_2de0b9938a10af77,eval_block_02,template_1,1,GOLD_ALIGNED,1.1853587627410889,WIN,0.0
minilm_ce,q_2f3bcaf6687f5845,eval_block_09,template_4,0,WRONG_ALIGNED,0.10402870178222656,WIN,0.0
minilm_ce,q_9bb8e5efc847838f,eval_block_05,template_2,0,GOLD_ALIGNED,1.9128873348236084,WIN,0.0
minilm_ce,q_3e624a4e3d4f3424,eval_block_06,template_3,1,WRONG_ALIGNED,-1.5468031167984009,LOSE,0.0
minilm_ce,q_abf0b4a0ab6e3d7e,eval_block_10,template_4,1,NEUTRAL,-0.2818436026573181,LOSE,0.0
minilm_ce,q_3f07a44fd390ed37,eval_block_03,template_2,0,GOLD_ALIGNED,1.4042301774024963,WIN,0.0
minilm_ce,q_1ea32c76d82b70d7,eval_block_11,template_4,1,NEUTRAL,0.10031893849372864,WIN,0.0
minilm_ce,q_9db2033f2b568d04,eval_block_08,template_3,0,WRONG_ALIGNED,-1.2474360466003418,LOSE,0.0
minilm_ce,q_696118989a6ac728,eval_block_02,template_1,1,WRONG_ALIGNED,-1.0539743900299072,LOSE,0.0
minilm_ce,q_993139dd0de027fe,eval_block_06,template_3,0,NEUTRAL,-0.16901838779449463,LOSE,0.0
minilm_ce,q_a49694dda63119b4,eval_block_10,template_4,0,NEUTRAL,-0.5808305740356445,LOSE,0.0
minilm_ce,q_521b348ea2aa082d,eval_block_04,template_2,1,GOLD_ALIGNED,1.3117210865020752,WIN,0.0
