model_key,template_id,condition,margin,blocks
bm25,template_1,WRONG_ALIGNED,-2.8134107167600364,3
bm25,template_1,NEUTRAL,0.0,3
bm25,template_1,GOLD_ALIGNED,2.8134107167600364,3
bm25,template_2,WRONG_ALIGNED,-2.8134107167600364,3
bm25,template_2,NEUTRAL,0.0,3
bm25,template_2,GOLD_ALIGNED,2.8134107167600364,3
bm25,template_3,WRONG_ALIGNED,-2.8134107167600364,3
bm25,template_3,NEUTRAL,0.0,3
bm25,template_3,GOLD_ALIGNED,2.8134107167600364,3
bm25,template_4,WRONG_ALIGNED,-2.8134107167600364,3
bm25,template_4,NEUTRAL,0.0,3
bm25,template_4,GOLD_ALIGNED,2.8134107167600364,3
bge_small,template_1,WRONG_ALIGNED,-0.04455127318700155,3
bge_small,template_1,NEUTRAL,0.015810787677764893,3
bge_small,template_1,GOLD_ALIGNED,0.07498123248418172,3
bge_small,template_2,WRONG_ALIGNED,-0.02582557996114095,3
bge_small,template_2,NEUTRAL,0.011803617080052694,3
bge_small,template_2,GOLD_ALIGNED,0.0512677530447642,3
bge_small,template_3,WRONG_ALIGNED,-0.029091954231262207,3
bge_small,template_3,NEUTRAL,0.021658867597579956,3
bge_small,template_3,GOLD_ALIGNED,0.042640089988708496,3
bge_small,template_4,WRONG_ALIGNED,-0.054006874561309814,3
bge_small,template_4,NEUTRAL,-0.015350868304570517,3
bge_small,template_4,GOLD_ALIGNED,0.03408255179723104,3
e5_small,template_1,WRONG_ALIGNED,-0.024202605088551838,3
e5_small,template_1,NEUTRAL,-0.006738543510437012,3
e5_small,template_1,GOLD_ALIGNED,0.03144463896751404,3
e5_small,template_2,WRONG_ALIGNED,-0.03158878286679586,3
e5_small,template_2,NEUTRAL,0.0068686604499816895,3
e5_small,template_2,GOLD_ALIGNED,0.03830556074778239,3
e5_small,template_3,WRONG_ALIGNED,-0.02460913856824239,3
e5_small,template_3,NEUTRAL,0.003982404867808024,3
e5_small,template_3,GOLD_ALIGNED,0.033637175957361855,3
e5_small,template_4,WRONG_ALIGNED,-0.04167330265045166,3
e5_small,template_4,NEUTRAL,0.01709546645482381,3
e5_small,template_4,GOLD_ALIGNED,0.04074613253275553,3
minilm_ce,template_1,WRONG_ALIGNED,-0.785433272520701,3
minilm_ce,template_1,NEUTRAL,0.13170582056045532,3
minilm_ce,template_1,GOLD_ALIGNED,1.3325912952423096,3
minilm_ce,template_2,WRONG_ALIGNED,-1.142650802930196,3
minilm_ce,template_2,NEUTRAL,0.09404215216636658,3
minilm_ce,template_2,GOLD_ALIGNED,1.7876258194446564,3
minilm_ce,template_3,WRONG_ALIGNED,-1.3086909055709839,3
minilm_ce,template_3,NEUTRAL,0.12386045853296916,3
minilm_ce,template_3,GOLD_ALIGNED,1.361213465531667,3
minilm_ce,template_4,WRONG_ALIGNED,-1.4797433664401372,3
minilm_ce,template_4,NEUTRAL,-0.022556846340497334,3
minilm_ce,template_4,GOLD_ALIGNED,1.5743635321656864,3
