component,model,type,form,family_id,accuracy
Retriever,bge-base,relative_temporal,D0,ttc-r1-relative_temporal-00,1.0
Retriever,bge-base,relative_temporal,D0,ttc-r1-relative_temporal-01,1.0
Retriever,bge-base,relative_temporal,D0,ttc-r1-relative_temporal-02,1.0
Retriever,bge-base,relative_temporal,D0,ttc-r1-relative_temporal-03,1.0
Retriever,bge-base,relative_temporal,D0,ttc-r1-relative_temporal-04,1.0
Retriever,bge-base,relative_temporal,D0,ttc-r1-relative_temporal-05,1.0
Retriever,bge-base,relative_temporal,D0,ttc-r1-relative_temporal-06,1.0
Retriever,bge-base,relative_temporal,D0,ttc-r1-relative_temporal-07,1.0
Retriever,bge-base,relative_temporal,D0,ttc-r1-relative_temporal-08,1.0
Retriever,bge-base,relative_temporal,D0,ttc-r1-relative_temporal-09,1.0
Retriever,bge-base,relative_temporal,D0,ttc-r1-relative_temporal-10,1.0
Retriever,bge-base,relative_temporal,D0,ttc-r1-relative_temporal-11,1.0
Retriever,bge-base,relative_temporal,D1,ttc-r1-relative_temporal-00,1.0
Retriever,bge-base,relative_temporal,D1,ttc-r1-relative_temporal-01,1.0
Retriever,bge-base,relative_temporal,D1,ttc-r1-relative_temporal-02,1.0
Retriever,bge-base,relative_temporal,D1,ttc-r1-relative_temporal-03,1.0
Retriever,bge-base,relative_temporal,D1,ttc-r1-relative_temporal-04,1.0
Retriever,bge-base,relative_temporal,D1,ttc-r1-relative_temporal-05,1.0
Retriever,bge-base,relative_temporal,D1,ttc-r1-relative_temporal-06,1.0
Retriever,bge-base,relative_temporal,D1,ttc-r1-relative_temporal-07,1.0
Retriever,bge-base,relative_temporal,D1,ttc-r1-relative_temporal-08,1.0
Retriever,bge-base,relative_temporal,D1,ttc-r1-relative_temporal-09,1.0
Retriever,bge-base,relative_temporal,D1,ttc-r1-relative_temporal-10,1.0
Retriever,bge-base,relative_temporal,D1,ttc-r1-relative_temporal-11,1.0
Retriever,bge-base,relative_temporal,P0,ttc-r1-relative_temporal-00,0.0
Retriever,bge-base,relative_temporal,P0,ttc-r1-relative_temporal-01,0.0
Retriever,bge-base,relative_temporal,P0,ttc-r1-relative_temporal-02,0.0
Retriever,bge-base,relative_temporal,P0,ttc-r1-relative_temporal-03,0.0
Retriever,bge-base,relative_temporal,P0,ttc-r1-relative_temporal-04,0.0
Retriever,bge-base,relative_temporal,P0,ttc-r1-relative_temporal-05,0.0
Retriever,bge-base,relative_temporal,P0,ttc-r1-relative_temporal-06,0.0
Retriever,bge-base,relative_temporal,P0,ttc-r1-relative_temporal-07,0.0
Retriever,bge-base,relative_temporal,P0,ttc-r1-relative_temporal-08,0.0
Retriever,bge-base,relative_temporal,P0,ttc-r1-relative_temporal-09,0.0
Retriever,bge-base,relative_temporal,P0,ttc-r1-relative_temporal-10,0.0
Retriever,bge-base,relative_temporal,P0,ttc-r1-relative_temporal-11,0.0
Retriever,bge-base,relative_temporal,P1,ttc-r1-relative_temporal-00,0.14285714285714285
Retriever,bge-base,relative_temporal,P1,ttc-r1-relative_temporal-01,0.14285714285714285
Retriever,bge-base,relative_temporal,P1,ttc-r1-relative_temporal-02,0.0
Retriever,bge-base,relative_temporal,P1,ttc-r1-relative_temporal-03,0.0
Retriever,bge-base,relative_temporal,P1,ttc-r1-relative_temporal-04,0.0
Retriever,bge-base,relative_temporal,P1,ttc-r1-relative_temporal-05,0.0
Retriever,bge-base,relative_temporal,P1,ttc-r1-relative_temporal-06,0.0
Retriever,bge-base,relative_temporal,P1,ttc-r1-relative_temporal-07,0.0
Retriever,bge-base,relative_temporal,P1,ttc-r1-relative_temporal-08,0.16666666666666666
Retriever,bge-base,relative_temporal,P1,ttc-r1-relative_temporal-09,0.0
Retriever,bge-base,relative_temporal,P1,ttc-r1-relative_temporal-10,0.16666666666666666
Retriever,bge-base,relative_temporal,P1,ttc-r1-relative_temporal-11,0.0
Retriever,bge-base,unit_normalization_clean,D0,ttc-r1-unit_normalization_clean-00,1.0
Retriever,bge-base,unit_normalization_clean,D0,ttc-r1-unit_normalization_clean-01,1.0
Retriever,bge-base,unit_normalization_clean,D0,ttc-r1-unit_normalization_clean-02,1.0
Retriever,bge-base,unit_normalization_clean,D0,ttc-r1-unit_normalization_clean-04,1.0
Retriever,bge-base,unit_normalization_clean,D0,ttc-r1-unit_normalization_clean-05,1.0
Retriever,bge-base,unit_normalization_clean,D0,ttc-r1-unit_normalization_clean-06,1.0
Retriever,bge-base,unit_normalization_clean,D0,ttc-r1-unit_normalization_clean-07,1.0
Retriever,bge-base,unit_normalization_clean,D0,ttc-r1-unit_normalization_clean-08,1.0
Retriever,bge-base,unit_normalization_clean,D0,ttc-r1-unit_normalization_clean-09,1.0
Retriever,bge-base,unit_normalization_clean,D0,ttc-r1-unit_normalization_clean-10,1.0
Retriever,bge-base,unit_normalization_clean,D1,ttc-r1-unit_normalization_clean-00,1.0
Retriever,bge-base,unit_normalization_clean,D1,ttc-r1-unit_normalization_clean-01,1.0
Retriever,bge-base,unit_normalization_clean,D1,ttc-r1-unit_normalization_clean-02,1.0
Retriever,bge-base,unit_normalization_clean,D1,ttc-r1-unit_normalization_clean-04,1.0
Retriever,bge-base,unit_normalization_clean,D1,ttc-r1-unit_normalization_clean-05,1.0
Retriever,bge-base,unit_normalization_clean,D1,ttc-r1-unit_normalization_clean-06,1.0
Retriever,bge-base,unit_normalization_clean,D1,ttc-r1-unit_normalization_clean-07,1.0
Retriever,bge-base,unit_normalization_clean,D1,ttc-r1-unit_normalization_clean-08,1.0
Retriever,bge-base,unit_normalization_clean,D1,ttc-r1-unit_normalization_clean-09,1.0
Retriever,bge-base,unit_normalization_clean,D1,ttc-r1-unit_normalization_clean-10,1.0
Retriever,bge-base,unit_normalization_clean,P0,ttc-r1-unit_normalization_clean-00,1.0
Retriever,bge-base,unit_normalization_clean,P0,ttc-r1-unit_normalization_clean-01,1.0
Retriever,bge-base,unit_normalization_clean,P0,ttc-r1-unit_normalization_clean-02,0.8571428571428571
Retriever,bge-base,unit_normalization_clean,P0,ttc-r1-unit_normalization_clean-04,0.8571428571428571
Retriever,bge-base,unit_normalization_clean,P0,ttc-r1-unit_normalization_clean-05,1.0
Retriever,bge-base,unit_normalization_clean,P0,ttc-r1-unit_normalization_clean-06,0.5714285714285714
Retriever,bge-base,unit_normalization_clean,P0,ttc-r1-unit_normalization_clean-07,0.8571428571428571
Retriever,bge-base,unit_normalization_clean,P0,ttc-r1-unit_normalization_clean-08,1.0
Retriever,bge-base,unit_normalization_clean,P0,ttc-r1-unit_normalization_clean-09,0.5
Retriever,bge-base,unit_normalization_clean,P0,ttc-r1-unit_normalization_clean-10,1.0
Retriever,bge-base,unit_normalization_clean,P1,ttc-r1-unit_normalization_clean-00,1.0
Retriever,bge-base,unit_normalization_clean,P1,ttc-r1-unit_normalization_clean-01,1.0
Retriever,bge-base,unit_normalization_clean,P1,ttc-r1-unit_normalization_clean-02,0.8571428571428571
Retriever,bge-base,unit_normalization_clean,P1,ttc-r1-unit_normalization_clean-04,1.0
Retriever,bge-base,unit_normalization_clean,P1,ttc-r1-unit_normalization_clean-05,1.0
Retriever,bge-base,unit_normalization_clean,P1,ttc-r1-unit_normalization_clean-06,0.7142857142857143
Retriever,bge-base,unit_normalization_clean,P1,ttc-r1-unit_normalization_clean-07,0.8571428571428571
Retriever,bge-base,unit_normalization_clean,P1,ttc-r1-unit_normalization_clean-08,1.0
Retriever,bge-base,unit_normalization_clean,P1,ttc-r1-unit_normalization_clean-09,0.5
Retriever,bge-base,unit_normalization_clean,P1,ttc-r1-unit_normalization_clean-10,1.0
Retriever,e5-base,relative_temporal,D0,ttc-r1-relative_temporal-00,0.7142857142857143
Retriever,e5-base,relative_temporal,D0,ttc-r1-relative_temporal-01,0.8571428571428571
Retriever,e5-base,relative_temporal,D0,ttc-r1-relative_temporal-02,1.0
Retriever,e5-base,relative_temporal,D0,ttc-r1-relative_temporal-03,1.0
Retriever,e5-base,relative_temporal,D0,ttc-r1-relative_temporal-04,1.0
Retriever,e5-base,relative_temporal,D0,ttc-r1-relative_temporal-05,0.8571428571428571
Retriever,e5-base,relative_temporal,D0,ttc-r1-relative_temporal-06,1.0
Retriever,e5-base,relative_temporal,D0,ttc-r1-relative_temporal-07,0.8571428571428571
Retriever,e5-base,relative_temporal,D0,ttc-r1-relative_temporal-08,1.0
Retriever,e5-base,relative_temporal,D0,ttc-r1-relative_temporal-09,1.0
Retriever,e5-base,relative_temporal,D0,ttc-r1-relative_temporal-10,1.0
Retriever,e5-base,relative_temporal,D0,ttc-r1-relative_temporal-11,1.0
Retriever,e5-base,relative_temporal,D1,ttc-r1-relative_temporal-00,0.8571428571428571
Retriever,e5-base,relative_temporal,D1,ttc-r1-relative_temporal-01,1.0
Retriever,e5-base,relative_temporal,D1,ttc-r1-relative_temporal-02,1.0
Retriever,e5-base,relative_temporal,D1,ttc-r1-relative_temporal-03,1.0
Retriever,e5-base,relative_temporal,D1,ttc-r1-relative_temporal-04,1.0
Retriever,e5-base,relative_temporal,D1,ttc-r1-relative_temporal-05,1.0
Retriever,e5-base,relative_temporal,D1,ttc-r1-relative_temporal-06,1.0
Retriever,e5-base,relative_temporal,D1,ttc-r1-relative_temporal-07,1.0
Retriever,e5-base,relative_temporal,D1,ttc-r1-relative_temporal-08,1.0
Retriever,e5-base,relative_temporal,D1,ttc-r1-relative_temporal-09,1.0
Retriever,e5-base,relative_temporal,D1,ttc-r1-relative_temporal-10,1.0
Retriever,e5-base,relative_temporal,D1,ttc-r1-relative_temporal-11,1.0
Retriever,e5-base,relative_temporal,P0,ttc-r1-relative_temporal-00,0.0
Retriever,e5-base,relative_temporal,P0,ttc-r1-relative_temporal-01,0.0
Retriever,e5-base,relative_temporal,P0,ttc-r1-relative_temporal-02,0.0
Retriever,e5-base,relative_temporal,P0,ttc-r1-relative_temporal-03,0.0
Retriever,e5-base,relative_temporal,P0,ttc-r1-relative_temporal-04,0.0
Retriever,e5-base,relative_temporal,P0,ttc-r1-relative_temporal-05,0.2857142857142857
Retriever,e5-base,relative_temporal,P0,ttc-r1-relative_temporal-06,0.14285714285714285
Retriever,e5-base,relative_temporal,P0,ttc-r1-relative_temporal-07,0.14285714285714285
Retriever,e5-base,relative_temporal,P0,ttc-r1-relative_temporal-08,0.0
Retriever,e5-base,relative_temporal,P0,ttc-r1-relative_temporal-09,0.0
Retriever,e5-base,relative_temporal,P0,ttc-r1-relative_temporal-10,0.0
Retriever,e5-base,relative_temporal,P0,ttc-r1-relative_temporal-11,0.0
Retriever,e5-base,relative_temporal,P1,ttc-r1-relative_temporal-00,0.14285714285714285
Retriever,e5-base,relative_temporal,P1,ttc-r1-relative_temporal-01,0.0
Retriever,e5-base,relative_temporal,P1,ttc-r1-relative_temporal-02,0.0
Retriever,e5-base,relative_temporal,P1,ttc-r1-relative_temporal-03,0.0
Retriever,e5-base,relative_temporal,P1,ttc-r1-relative_temporal-04,0.14285714285714285
Retriever,e5-base,relative_temporal,P1,ttc-r1-relative_temporal-05,0.2857142857142857
Retriever,e5-base,relative_temporal,P1,ttc-r1-relative_temporal-06,0.14285714285714285
Retriever,e5-base,relative_temporal,P1,ttc-r1-relative_temporal-07,0.0
Retriever,e5-base,relative_temporal,P1,ttc-r1-relative_temporal-08,0.0
Retriever,e5-base,relative_temporal,P1,ttc-r1-relative_temporal-09,0.0
Retriever,e5-base,relative_temporal,P1,ttc-r1-relative_temporal-10,0.16666666666666666
Retriever,e5-base,relative_temporal,P1,ttc-r1-relative_temporal-11,0.0
Retriever,e5-base,unit_normalization_clean,D0,ttc-r1-unit_normalization_clean-00,1.0
Retriever,e5-base,unit_normalization_clean,D0,ttc-r1-unit_normalization_clean-01,1.0
Retriever,e5-base,unit_normalization_clean,D0,ttc-r1-unit_normalization_clean-02,1.0
Retriever,e5-base,unit_normalization_clean,D0,ttc-r1-unit_normalization_clean-04,1.0
Retriever,e5-base,unit_normalization_clean,D0,ttc-r1-unit_normalization_clean-05,1.0
Retriever,e5-base,unit_normalization_clean,D0,ttc-r1-unit_normalization_clean-06,1.0
Retriever,e5-base,unit_normalization_clean,D0,ttc-r1-unit_normalization_clean-07,1.0
Retriever,e5-base,unit_normalization_clean,D0,ttc-r1-unit_normalization_clean-08,1.0
Retriever,e5-base,unit_normalization_clean,D0,ttc-r1-unit_normalization_clean-09,1.0
Retriever,e5-base,unit_normalization_clean,D0,ttc-r1-unit_normalization_clean-10,1.0
Retriever,e5-base,unit_normalization_clean,D1,ttc-r1-unit_normalization_clean-00,1.0
Retriever,e5-base,unit_normalization_clean,D1,ttc-r1-unit_normalization_clean-01,1.0
Retriever,e5-base,unit_normalization_clean,D1,ttc-r1-unit_normalization_clean-02,1.0
Retriever,e5-base,unit_normalization_clean,D1,ttc-r1-unit_normalization_clean-04,1.0
Retriever,e5-base,unit_normalization_clean,D1,ttc-r1-unit_normalization_clean-05,1.0
Retriever,e5-base,unit_normalization_clean,D1,ttc-r1-unit_normalization_clean-06,1.0
Retriever,e5-base,unit_normalization_clean,D1,ttc-r1-unit_normalization_clean-07,1.0
Retriever,e5-base,unit_normalization_clean,D1,ttc-r1-unit_normalization_clean-08,1.0
Retriever,e5-base,unit_normalization_clean,D1,ttc-r1-unit_normalization_clean-09,1.0
Retriever,e5-base,unit_normalization_clean,D1,ttc-r1-unit_normalization_clean-10,1.0
Retriever,e5-base,unit_normalization_clean,P0,ttc-r1-unit_normalization_clean-00,1.0
Retriever,e5-base,unit_normalization_clean,P0,ttc-r1-unit_normalization_clean-01,1.0
Retriever,e5-base,unit_normalization_clean,P0,ttc-r1-unit_normalization_clean-02,1.0
Retriever,e5-base,unit_normalization_clean,P0,ttc-r1-unit_normalization_clean-04,1.0
Retriever,e5-base,unit_normalization_clean,P0,ttc-r1-unit_normalization_clean-05,1.0
Retriever,e5-base,unit_normalization_clean,P0,ttc-r1-unit_normalization_clean-06,0.8571428571428571
Retriever,e5-base,unit_normalization_clean,P0,ttc-r1-unit_normalization_clean-07,1.0
Retriever,e5-base,unit_normalization_clean,P0,ttc-r1-unit_normalization_clean-08,1.0
Retriever,e5-base,unit_normalization_clean,P0,ttc-r1-unit_normalization_clean-09,0.6666666666666666
Retriever,e5-base,unit_normalization_clean,P0,ttc-r1-unit_normalization_clean-10,1.0
Retriever,e5-base,unit_normalization_clean,P1,ttc-r1-unit_normalization_clean-00,1.0
Retriever,e5-base,unit_normalization_clean,P1,ttc-r1-unit_normalization_clean-01,1.0
Retriever,e5-base,unit_normalization_clean,P1,ttc-r1-unit_normalization_clean-02,1.0
Retriever,e5-base,unit_normalization_clean,P1,ttc-r1-unit_normalization_clean-04,1.0
Retriever,e5-base,unit_normalization_clean,P1,ttc-r1-unit_normalization_clean-05,1.0
Retriever,e5-base,unit_normalization_clean,P1,ttc-r1-unit_normalization_clean-06,0.8571428571428571
Retriever,e5-base,unit_normalization_clean,P1,ttc-r1-unit_normalization_clean-07,1.0
Retriever,e5-base,unit_normalization_clean,P1,ttc-r1-unit_normalization_clean-08,1.0
Retriever,e5-base,unit_normalization_clean,P1,ttc-r1-unit_normalization_clean-09,0.6666666666666666
Retriever,e5-base,unit_normalization_clean,P1,ttc-r1-unit_normalization_clean-10,1.0
Retriever,qwen3-embedding,relative_temporal,D0,ttc-r1-relative_temporal-00,1.0
Retriever,qwen3-embedding,relative_temporal,D0,ttc-r1-relative_temporal-01,1.0
Retriever,qwen3-embedding,relative_temporal,D0,ttc-r1-relative_temporal-02,1.0
Retriever,qwen3-embedding,relative_temporal,D0,ttc-r1-relative_temporal-03,1.0
Retriever,qwen3-embedding,relative_temporal,D0,ttc-r1-relative_temporal-04,0.8571428571428571
Retriever,qwen3-embedding,relative_temporal,D0,ttc-r1-relative_temporal-05,0.8571428571428571
Retriever,qwen3-embedding,relative_temporal,D0,ttc-r1-relative_temporal-06,1.0
Retriever,qwen3-embedding,relative_temporal,D0,ttc-r1-relative_temporal-07,1.0
Retriever,qwen3-embedding,relative_temporal,D0,ttc-r1-relative_temporal-08,1.0
Retriever,qwen3-embedding,relative_temporal,D0,ttc-r1-relative_temporal-09,1.0
Retriever,qwen3-embedding,relative_temporal,D0,ttc-r1-relative_temporal-10,1.0
Retriever,qwen3-embedding,relative_temporal,D0,ttc-r1-relative_temporal-11,0.8333333333333334
Retriever,qwen3-embedding,relative_temporal,D1,ttc-r1-relative_temporal-00,1.0
Retriever,qwen3-embedding,relative_temporal,D1,ttc-r1-relative_temporal-01,1.0
Retriever,qwen3-embedding,relative_temporal,D1,ttc-r1-relative_temporal-02,1.0
Retriever,qwen3-embedding,relative_temporal,D1,ttc-r1-relative_temporal-03,1.0
Retriever,qwen3-embedding,relative_temporal,D1,ttc-r1-relative_temporal-04,1.0
Retriever,qwen3-embedding,relative_temporal,D1,ttc-r1-relative_temporal-05,1.0
Retriever,qwen3-embedding,relative_temporal,D1,ttc-r1-relative_temporal-06,1.0
Retriever,qwen3-embedding,relative_temporal,D1,ttc-r1-relative_temporal-07,1.0
Retriever,qwen3-embedding,relative_temporal,D1,ttc-r1-relative_temporal-08,1.0
Retriever,qwen3-embedding,relative_temporal,D1,ttc-r1-relative_temporal-09,1.0
Retriever,qwen3-embedding,relative_temporal,D1,ttc-r1-relative_temporal-10,1.0
Retriever,qwen3-embedding,relative_temporal,D1,ttc-r1-relative_temporal-11,0.8333333333333334
Retriever,qwen3-embedding,relative_temporal,P0,ttc-r1-relative_temporal-00,0.14285714285714285
Retriever,qwen3-embedding,relative_temporal,P0,ttc-r1-relative_temporal-01,0.0
Retriever,qwen3-embedding,relative_temporal,P0,ttc-r1-relative_temporal-02,0.0
Retriever,qwen3-embedding,relative_temporal,P0,ttc-r1-relative_temporal-03,0.0
Retriever,qwen3-embedding,relative_temporal,P0,ttc-r1-relative_temporal-04,0.0
Retriever,qwen3-embedding,relative_temporal,P0,ttc-r1-relative_temporal-05,0.0
Retriever,qwen3-embedding,relative_temporal,P0,ttc-r1-relative_temporal-06,0.0
Retriever,qwen3-embedding,relative_temporal,P0,ttc-r1-relative_temporal-07,0.0
Retriever,qwen3-embedding,relative_temporal,P0,ttc-r1-relative_temporal-08,0.16666666666666666
Retriever,qwen3-embedding,relative_temporal,P0,ttc-r1-relative_temporal-09,0.0
Retriever,qwen3-embedding,relative_temporal,P0,ttc-r1-relative_temporal-10,0.0
Retriever,qwen3-embedding,relative_temporal,P0,ttc-r1-relative_temporal-11,0.0
Retriever,qwen3-embedding,relative_temporal,P1,ttc-r1-relative_temporal-00,0.14285714285714285
Retriever,qwen3-embedding,relative_temporal,P1,ttc-r1-relative_temporal-01,0.0
Retriever,qwen3-embedding,relative_temporal,P1,ttc-r1-relative_temporal-02,0.0
Retriever,qwen3-embedding,relative_temporal,P1,ttc-r1-relative_temporal-03,0.0
Retriever,qwen3-embedding,relative_temporal,P1,ttc-r1-relative_temporal-04,0.0
Retriever,qwen3-embedding,relative_temporal,P1,ttc-r1-relative_temporal-05,0.14285714285714285
Retriever,qwen3-embedding,relative_temporal,P1,ttc-r1-relative_temporal-06,0.0
Retriever,qwen3-embedding,relative_temporal,P1,ttc-r1-relative_temporal-07,0.0
Retriever,qwen3-embedding,relative_temporal,P1,ttc-r1-relative_temporal-08,0.16666666666666666
Retriever,qwen3-embedding,relative_temporal,P1,ttc-r1-relative_temporal-09,0.0
Retriever,qwen3-embedding,relative_temporal,P1,ttc-r1-relative_temporal-10,0.0
Retriever,qwen3-embedding,relative_temporal,P1,ttc-r1-relative_temporal-11,0.0
Retriever,qwen3-embedding,unit_normalization_clean,D0,ttc-r1-unit_normalization_clean-00,1.0
Retriever,qwen3-embedding,unit_normalization_clean,D0,ttc-r1-unit_normalization_clean-01,1.0
Retriever,qwen3-embedding,unit_normalization_clean,D0,ttc-r1-unit_normalization_clean-02,1.0
Retriever,qwen3-embedding,unit_normalization_clean,D0,ttc-r1-unit_normalization_clean-04,1.0
Retriever,qwen3-embedding,unit_normalization_clean,D0,ttc-r1-unit_normalization_clean-05,1.0
Retriever,qwen3-embedding,unit_normalization_clean,D0,ttc-r1-unit_normalization_clean-06,1.0
Retriever,qwen3-embedding,unit_normalization_clean,D0,ttc-r1-unit_normalization_clean-07,1.0
Retriever,qwen3-embedding,unit_normalization_clean,D0,ttc-r1-unit_normalization_clean-08,1.0
Retriever,qwen3-embedding,unit_normalization_clean,D0,ttc-r1-unit_normalization_clean-09,1.0
Retriever,qwen3-embedding,unit_normalization_clean,D0,ttc-r1-unit_normalization_clean-10,1.0
Retriever,qwen3-embedding,unit_normalization_clean,D1,ttc-r1-unit_normalization_clean-00,1.0
Retriever,qwen3-embedding,unit_normalization_clean,D1,ttc-r1-unit_normalization_clean-01,1.0
Retriever,qwen3-embedding,unit_normalization_clean,D1,ttc-r1-unit_normalization_clean-02,1.0
Retriever,qwen3-embedding,unit_normalization_clean,D1,ttc-r1-unit_normalization_clean-04,1.0
Retriever,qwen3-embedding,unit_normalization_clean,D1,ttc-r1-unit_normalization_clean-05,1.0
Retriever,qwen3-embedding,unit_normalization_clean,D1,ttc-r1-unit_normalization_clean-06,1.0
Retriever,qwen3-embedding,unit_normalization_clean,D1,ttc-r1-unit_normalization_clean-07,1.0
Retriever,qwen3-embedding,unit_normalization_clean,D1,ttc-r1-unit_normalization_clean-08,1.0
Retriever,qwen3-embedding,unit_normalization_clean,D1,ttc-r1-unit_normalization_clean-09,1.0
Retriever,qwen3-embedding,unit_normalization_clean,D1,ttc-r1-unit_normalization_clean-10,1.0
Retriever,qwen3-embedding,unit_normalization_clean,P0,ttc-r1-unit_normalization_clean-00,1.0
Retriever,qwen3-embedding,unit_normalization_clean,P0,ttc-r1-unit_normalization_clean-01,1.0
Retriever,qwen3-embedding,unit_normalization_clean,P0,ttc-r1-unit_normalization_clean-02,1.0
Retriever,qwen3-embedding,unit_normalization_clean,P0,ttc-r1-unit_normalization_clean-04,1.0
Retriever,qwen3-embedding,unit_normalization_clean,P0,ttc-r1-unit_normalization_clean-05,1.0
Retriever,qwen3-embedding,unit_normalization_clean,P0,ttc-r1-unit_normalization_clean-06,0.5714285714285714
Retriever,qwen3-embedding,unit_normalization_clean,P0,ttc-r1-unit_normalization_clean-07,1.0
Retriever,qwen3-embedding,unit_normalization_clean,P0,ttc-r1-unit_normalization_clean-08,1.0
Retriever,qwen3-embedding,unit_normalization_clean,P0,ttc-r1-unit_normalization_clean-09,0.6666666666666666
Retriever,qwen3-embedding,unit_normalization_clean,P0,ttc-r1-unit_normalization_clean-10,1.0
Retriever,qwen3-embedding,unit_normalization_clean,P1,ttc-r1-unit_normalization_clean-00,1.0
Retriever,qwen3-embedding,unit_normalization_clean,P1,ttc-r1-unit_normalization_clean-01,1.0
Retriever,qwen3-embedding,unit_normalization_clean,P1,ttc-r1-unit_normalization_clean-02,1.0
Retriever,qwen3-embedding,unit_normalization_clean,P1,ttc-r1-unit_normalization_clean-04,1.0
Retriever,qwen3-embedding,unit_normalization_clean,P1,ttc-r1-unit_normalization_clean-05,1.0
Retriever,qwen3-embedding,unit_normalization_clean,P1,ttc-r1-unit_normalization_clean-06,0.5714285714285714
Retriever,qwen3-embedding,unit_normalization_clean,P1,ttc-r1-unit_normalization_clean-07,1.0
Retriever,qwen3-embedding,unit_normalization_clean,P1,ttc-r1-unit_normalization_clean-08,1.0
Retriever,qwen3-embedding,unit_normalization_clean,P1,ttc-r1-unit_normalization_clean-09,0.5
Retriever,qwen3-embedding,unit_normalization_clean,P1,ttc-r1-unit_normalization_clean-10,1.0
Reranker,bge-reranker,relative_temporal,D0,ttc-r1-relative_temporal-00,1.0
Reranker,bge-reranker,relative_temporal,D0,ttc-r1-relative_temporal-01,1.0
Reranker,bge-reranker,relative_temporal,D0,ttc-r1-relative_temporal-02,1.0
Reranker,bge-reranker,relative_temporal,D0,ttc-r1-relative_temporal-03,1.0
Reranker,bge-reranker,relative_temporal,D0,ttc-r1-relative_temporal-04,1.0
Reranker,bge-reranker,relative_temporal,D0,ttc-r1-relative_temporal-05,1.0
Reranker,bge-reranker,relative_temporal,D0,ttc-r1-relative_temporal-06,1.0
Reranker,bge-reranker,relative_temporal,D0,ttc-r1-relative_temporal-07,1.0
Reranker,bge-reranker,relative_temporal,D0,ttc-r1-relative_temporal-08,1.0
Reranker,bge-reranker,relative_temporal,D0,ttc-r1-relative_temporal-09,1.0
Reranker,bge-reranker,relative_temporal,D0,ttc-r1-relative_temporal-10,1.0
Reranker,bge-reranker,relative_temporal,D0,ttc-r1-relative_temporal-11,1.0
Reranker,bge-reranker,relative_temporal,D1,ttc-r1-relative_temporal-00,1.0
Reranker,bge-reranker,relative_temporal,D1,ttc-r1-relative_temporal-01,1.0
Reranker,bge-reranker,relative_temporal,D1,ttc-r1-relative_temporal-02,1.0
Reranker,bge-reranker,relative_temporal,D1,ttc-r1-relative_temporal-03,1.0
Reranker,bge-reranker,relative_temporal,D1,ttc-r1-relative_temporal-04,1.0
Reranker,bge-reranker,relative_temporal,D1,ttc-r1-relative_temporal-05,1.0
Reranker,bge-reranker,relative_temporal,D1,ttc-r1-relative_temporal-06,1.0
Reranker,bge-reranker,relative_temporal,D1,ttc-r1-relative_temporal-07,1.0
Reranker,bge-reranker,relative_temporal,D1,ttc-r1-relative_temporal-08,1.0
Reranker,bge-reranker,relative_temporal,D1,ttc-r1-relative_temporal-09,1.0
Reranker,bge-reranker,relative_temporal,D1,ttc-r1-relative_temporal-10,1.0
Reranker,bge-reranker,relative_temporal,D1,ttc-r1-relative_temporal-11,1.0
Reranker,bge-reranker,relative_temporal,P0,ttc-r1-relative_temporal-00,0.14285714285714285
Reranker,bge-reranker,relative_temporal,P0,ttc-r1-relative_temporal-01,0.0
Reranker,bge-reranker,relative_temporal,P0,ttc-r1-relative_temporal-02,0.0
Reranker,bge-reranker,relative_temporal,P0,ttc-r1-relative_temporal-03,0.0
Reranker,bge-reranker,relative_temporal,P0,ttc-r1-relative_temporal-04,0.0
Reranker,bge-reranker,relative_temporal,P0,ttc-r1-relative_temporal-05,0.0
Reranker,bge-reranker,relative_temporal,P0,ttc-r1-relative_temporal-06,0.0
Reranker,bge-reranker,relative_temporal,P0,ttc-r1-relative_temporal-07,0.0
Reranker,bge-reranker,relative_temporal,P0,ttc-r1-relative_temporal-08,0.0
Reranker,bge-reranker,relative_temporal,P0,ttc-r1-relative_temporal-09,0.0
Reranker,bge-reranker,relative_temporal,P0,ttc-r1-relative_temporal-10,0.0
Reranker,bge-reranker,relative_temporal,P0,ttc-r1-relative_temporal-11,0.0
Reranker,bge-reranker,relative_temporal,P1,ttc-r1-relative_temporal-00,0.2857142857142857
Reranker,bge-reranker,relative_temporal,P1,ttc-r1-relative_temporal-01,0.0
Reranker,bge-reranker,relative_temporal,P1,ttc-r1-relative_temporal-02,0.0
Reranker,bge-reranker,relative_temporal,P1,ttc-r1-relative_temporal-03,0.14285714285714285
Reranker,bge-reranker,relative_temporal,P1,ttc-r1-relative_temporal-04,0.0
Reranker,bge-reranker,relative_temporal,P1,ttc-r1-relative_temporal-05,0.0
Reranker,bge-reranker,relative_temporal,P1,ttc-r1-relative_temporal-06,0.0
Reranker,bge-reranker,relative_temporal,P1,ttc-r1-relative_temporal-07,0.0
Reranker,bge-reranker,relative_temporal,P1,ttc-r1-relative_temporal-08,0.0
Reranker,bge-reranker,relative_temporal,P1,ttc-r1-relative_temporal-09,0.0
Reranker,bge-reranker,relative_temporal,P1,ttc-r1-relative_temporal-10,0.0
Reranker,bge-reranker,relative_temporal,P1,ttc-r1-relative_temporal-11,0.0
Reranker,bge-reranker,unit_normalization_clean,D0,ttc-r1-unit_normalization_clean-00,1.0
Reranker,bge-reranker,unit_normalization_clean,D0,ttc-r1-unit_normalization_clean-01,1.0
Reranker,bge-reranker,unit_normalization_clean,D0,ttc-r1-unit_normalization_clean-02,1.0
Reranker,bge-reranker,unit_normalization_clean,D0,ttc-r1-unit_normalization_clean-04,1.0
Reranker,bge-reranker,unit_normalization_clean,D0,ttc-r1-unit_normalization_clean-05,1.0
Reranker,bge-reranker,unit_normalization_clean,D0,ttc-r1-unit_normalization_clean-06,1.0
Reranker,bge-reranker,unit_normalization_clean,D0,ttc-r1-unit_normalization_clean-07,1.0
Reranker,bge-reranker,unit_normalization_clean,D0,ttc-r1-unit_normalization_clean-08,1.0
Reranker,bge-reranker,unit_normalization_clean,D0,ttc-r1-unit_normalization_clean-09,1.0
Reranker,bge-reranker,unit_normalization_clean,D0,ttc-r1-unit_normalization_clean-10,1.0
Reranker,bge-reranker,unit_normalization_clean,D1,ttc-r1-unit_normalization_clean-00,1.0
Reranker,bge-reranker,unit_normalization_clean,D1,ttc-r1-unit_normalization_clean-01,1.0
Reranker,bge-reranker,unit_normalization_clean,D1,ttc-r1-unit_normalization_clean-02,1.0
Reranker,bge-reranker,unit_normalization_clean,D1,ttc-r1-unit_normalization_clean-04,1.0
Reranker,bge-reranker,unit_normalization_clean,D1,ttc-r1-unit_normalization_clean-05,1.0
Reranker,bge-reranker,unit_normalization_clean,D1,ttc-r1-unit_normalization_clean-06,1.0
Reranker,bge-reranker,unit_normalization_clean,D1,ttc-r1-unit_normalization_clean-07,1.0
Reranker,bge-reranker,unit_normalization_clean,D1,ttc-r1-unit_normalization_clean-08,1.0
Reranker,bge-reranker,unit_normalization_clean,D1,ttc-r1-unit_normalization_clean-09,1.0
Reranker,bge-reranker,unit_normalization_clean,D1,ttc-r1-unit_normalization_clean-10,1.0
Reranker,bge-reranker,unit_normalization_clean,P0,ttc-r1-unit_normalization_clean-00,1.0
Reranker,bge-reranker,unit_normalization_clean,P0,ttc-r1-unit_normalization_clean-01,0.7142857142857143
Reranker,bge-reranker,unit_normalization_clean,P0,ttc-r1-unit_normalization_clean-02,0.8571428571428571
Reranker,bge-reranker,unit_normalization_clean,P0,ttc-r1-unit_normalization_clean-04,0.5714285714285714
Reranker,bge-reranker,unit_normalization_clean,P0,ttc-r1-unit_normalization_clean-05,0.8571428571428571
Reranker,bge-reranker,unit_normalization_clean,P0,ttc-r1-unit_normalization_clean-06,0.5714285714285714
Reranker,bge-reranker,unit_normalization_clean,P0,ttc-r1-unit_normalization_clean-07,1.0
Reranker,bge-reranker,unit_normalization_clean,P0,ttc-r1-unit_normalization_clean-08,0.6666666666666666
Reranker,bge-reranker,unit_normalization_clean,P0,ttc-r1-unit_normalization_clean-09,0.3333333333333333
Reranker,bge-reranker,unit_normalization_clean,P0,ttc-r1-unit_normalization_clean-10,1.0
Reranker,bge-reranker,unit_normalization_clean,P1,ttc-r1-unit_normalization_clean-00,0.8571428571428571
Reranker,bge-reranker,unit_normalization_clean,P1,ttc-r1-unit_normalization_clean-01,0.7142857142857143
Reranker,bge-reranker,unit_normalization_clean,P1,ttc-r1-unit_normalization_clean-02,0.7142857142857143
Reranker,bge-reranker,unit_normalization_clean,P1,ttc-r1-unit_normalization_clean-04,0.5714285714285714
Reranker,bge-reranker,unit_normalization_clean,P1,ttc-r1-unit_normalization_clean-05,0.8571428571428571
Reranker,bge-reranker,unit_normalization_clean,P1,ttc-r1-unit_normalization_clean-06,0.42857142857142855
Reranker,bge-reranker,unit_normalization_clean,P1,ttc-r1-unit_normalization_clean-07,1.0
Reranker,bge-reranker,unit_normalization_clean,P1,ttc-r1-unit_normalization_clean-08,0.6666666666666666
Reranker,bge-reranker,unit_normalization_clean,P1,ttc-r1-unit_normalization_clean-09,0.3333333333333333
Reranker,bge-reranker,unit_normalization_clean,P1,ttc-r1-unit_normalization_clean-10,0.8333333333333334
Reranker,legacy-cross-encoder,relative_temporal,D0,ttc-r1-relative_temporal-00,0.42857142857142855
Reranker,legacy-cross-encoder,relative_temporal,D0,ttc-r1-relative_temporal-01,0.5714285714285714
Reranker,legacy-cross-encoder,relative_temporal,D0,ttc-r1-relative_temporal-02,0.5714285714285714
Reranker,legacy-cross-encoder,relative_temporal,D0,ttc-r1-relative_temporal-03,0.7142857142857143
Reranker,legacy-cross-encoder,relative_temporal,D0,ttc-r1-relative_temporal-04,1.0
Reranker,legacy-cross-encoder,relative_temporal,D0,ttc-r1-relative_temporal-05,0.2857142857142857
Reranker,legacy-cross-encoder,relative_temporal,D0,ttc-r1-relative_temporal-06,0.8571428571428571
Reranker,legacy-cross-encoder,relative_temporal,D0,ttc-r1-relative_temporal-07,0.7142857142857143
Reranker,legacy-cross-encoder,relative_temporal,D0,ttc-r1-relative_temporal-08,0.8333333333333334
Reranker,legacy-cross-encoder,relative_temporal,D0,ttc-r1-relative_temporal-09,0.6666666666666666
Reranker,legacy-cross-encoder,relative_temporal,D0,ttc-r1-relative_temporal-10,0.5
Reranker,legacy-cross-encoder,relative_temporal,D0,ttc-r1-relative_temporal-11,0.5
Reranker,legacy-cross-encoder,relative_temporal,D1,ttc-r1-relative_temporal-00,0.7142857142857143
Reranker,legacy-cross-encoder,relative_temporal,D1,ttc-r1-relative_temporal-01,0.5714285714285714
Reranker,legacy-cross-encoder,relative_temporal,D1,ttc-r1-relative_temporal-02,0.8571428571428571
Reranker,legacy-cross-encoder,relative_temporal,D1,ttc-r1-relative_temporal-03,0.7142857142857143
Reranker,legacy-cross-encoder,relative_temporal,D1,ttc-r1-relative_temporal-04,1.0
Reranker,legacy-cross-encoder,relative_temporal,D1,ttc-r1-relative_temporal-05,0.5714285714285714
Reranker,legacy-cross-encoder,relative_temporal,D1,ttc-r1-relative_temporal-06,0.8571428571428571
Reranker,legacy-cross-encoder,relative_temporal,D1,ttc-r1-relative_temporal-07,0.8571428571428571
Reranker,legacy-cross-encoder,relative_temporal,D1,ttc-r1-relative_temporal-08,0.5
Reranker,legacy-cross-encoder,relative_temporal,D1,ttc-r1-relative_temporal-09,0.8333333333333334
Reranker,legacy-cross-encoder,relative_temporal,D1,ttc-r1-relative_temporal-10,0.3333333333333333
Reranker,legacy-cross-encoder,relative_temporal,D1,ttc-r1-relative_temporal-11,0.6666666666666666
Reranker,legacy-cross-encoder,relative_temporal,P0,ttc-r1-relative_temporal-00,0.14285714285714285
Reranker,legacy-cross-encoder,relative_temporal,P0,ttc-r1-relative_temporal-01,0.42857142857142855
Reranker,legacy-cross-encoder,relative_temporal,P0,ttc-r1-relative_temporal-02,0.2857142857142857
Reranker,legacy-cross-encoder,relative_temporal,P0,ttc-r1-relative_temporal-03,0.0
Reranker,legacy-cross-encoder,relative_temporal,P0,ttc-r1-relative_temporal-04,0.14285714285714285
Reranker,legacy-cross-encoder,relative_temporal,P0,ttc-r1-relative_temporal-05,0.2857142857142857
Reranker,legacy-cross-encoder,relative_temporal,P0,ttc-r1-relative_temporal-06,0.14285714285714285
Reranker,legacy-cross-encoder,relative_temporal,P0,ttc-r1-relative_temporal-07,0.5714285714285714
Reranker,legacy-cross-encoder,relative_temporal,P0,ttc-r1-relative_temporal-08,0.3333333333333333
Reranker,legacy-cross-encoder,relative_temporal,P0,ttc-r1-relative_temporal-09,0.3333333333333333
Reranker,legacy-cross-encoder,relative_temporal,P0,ttc-r1-relative_temporal-10,0.16666666666666666
Reranker,legacy-cross-encoder,relative_temporal,P0,ttc-r1-relative_temporal-11,0.3333333333333333
Reranker,legacy-cross-encoder,relative_temporal,P1,ttc-r1-relative_temporal-00,0.0
Reranker,legacy-cross-encoder,relative_temporal,P1,ttc-r1-relative_temporal-01,0.14285714285714285
Reranker,legacy-cross-encoder,relative_temporal,P1,ttc-r1-relative_temporal-02,0.0
Reranker,legacy-cross-encoder,relative_temporal,P1,ttc-r1-relative_temporal-03,0.0
Reranker,legacy-cross-encoder,relative_temporal,P1,ttc-r1-relative_temporal-04,0.14285714285714285
Reranker,legacy-cross-encoder,relative_temporal,P1,ttc-r1-relative_temporal-05,0.14285714285714285
Reranker,legacy-cross-encoder,relative_temporal,P1,ttc-r1-relative_temporal-06,0.14285714285714285
Reranker,legacy-cross-encoder,relative_temporal,P1,ttc-r1-relative_temporal-07,0.0
Reranker,legacy-cross-encoder,relative_temporal,P1,ttc-r1-relative_temporal-08,0.16666666666666666
Reranker,legacy-cross-encoder,relative_temporal,P1,ttc-r1-relative_temporal-09,0.0
Reranker,legacy-cross-encoder,relative_temporal,P1,ttc-r1-relative_temporal-10,0.16666666666666666
Reranker,legacy-cross-encoder,relative_temporal,P1,ttc-r1-relative_temporal-11,0.16666666666666666
Reranker,legacy-cross-encoder,unit_normalization_clean,D0,ttc-r1-unit_normalization_clean-00,1.0
Reranker,legacy-cross-encoder,unit_normalization_clean,D0,ttc-r1-unit_normalization_clean-01,1.0
Reranker,legacy-cross-encoder,unit_normalization_clean,D0,ttc-r1-unit_normalization_clean-02,1.0
Reranker,legacy-cross-encoder,unit_normalization_clean,D0,ttc-r1-unit_normalization_clean-04,1.0
Reranker,legacy-cross-encoder,unit_normalization_clean,D0,ttc-r1-unit_normalization_clean-05,1.0
Reranker,legacy-cross-encoder,unit_normalization_clean,D0,ttc-r1-unit_normalization_clean-06,1.0
Reranker,legacy-cross-encoder,unit_normalization_clean,D0,ttc-r1-unit_normalization_clean-07,1.0
Reranker,legacy-cross-encoder,unit_normalization_clean,D0,ttc-r1-unit_normalization_clean-08,1.0
Reranker,legacy-cross-encoder,unit_normalization_clean,D0,ttc-r1-unit_normalization_clean-09,1.0
Reranker,legacy-cross-encoder,unit_normalization_clean,D0,ttc-r1-unit_normalization_clean-10,1.0
Reranker,legacy-cross-encoder,unit_normalization_clean,D1,ttc-r1-unit_normalization_clean-00,1.0
Reranker,legacy-cross-encoder,unit_normalization_clean,D1,ttc-r1-unit_normalization_clean-01,1.0
Reranker,legacy-cross-encoder,unit_normalization_clean,D1,ttc-r1-unit_normalization_clean-02,1.0
Reranker,legacy-cross-encoder,unit_normalization_clean,D1,ttc-r1-unit_normalization_clean-04,1.0
Reranker,legacy-cross-encoder,unit_normalization_clean,D1,ttc-r1-unit_normalization_clean-05,1.0
Reranker,legacy-cross-encoder,unit_normalization_clean,D1,ttc-r1-unit_normalization_clean-06,1.0
Reranker,legacy-cross-encoder,unit_normalization_clean,D1,ttc-r1-unit_normalization_clean-07,1.0
Reranker,legacy-cross-encoder,unit_normalization_clean,D1,ttc-r1-unit_normalization_clean-08,1.0
Reranker,legacy-cross-encoder,unit_normalization_clean,D1,ttc-r1-unit_normalization_clean-09,1.0
Reranker,legacy-cross-encoder,unit_normalization_clean,D1,ttc-r1-unit_normalization_clean-10,1.0
Reranker,legacy-cross-encoder,unit_normalization_clean,P0,ttc-r1-unit_normalization_clean-00,0.5714285714285714
Reranker,legacy-cross-encoder,unit_normalization_clean,P0,ttc-r1-unit_normalization_clean-01,0.7142857142857143
Reranker,legacy-cross-encoder,unit_normalization_clean,P0,ttc-r1-unit_normalization_clean-02,0.42857142857142855
Reranker,legacy-cross-encoder,unit_normalization_clean,P0,ttc-r1-unit_normalization_clean-04,0.5714285714285714
Reranker,legacy-cross-encoder,unit_normalization_clean,P0,ttc-r1-unit_normalization_clean-05,0.5714285714285714
Reranker,legacy-cross-encoder,unit_normalization_clean,P0,ttc-r1-unit_normalization_clean-06,0.5714285714285714
Reranker,legacy-cross-encoder,unit_normalization_clean,P0,ttc-r1-unit_normalization_clean-07,0.7142857142857143
Reranker,legacy-cross-encoder,unit_normalization_clean,P0,ttc-r1-unit_normalization_clean-08,0.5
Reranker,legacy-cross-encoder,unit_normalization_clean,P0,ttc-r1-unit_normalization_clean-09,0.6666666666666666
Reranker,legacy-cross-encoder,unit_normalization_clean,P0,ttc-r1-unit_normalization_clean-10,0.8333333333333334
Reranker,legacy-cross-encoder,unit_normalization_clean,P1,ttc-r1-unit_normalization_clean-00,0.42857142857142855
Reranker,legacy-cross-encoder,unit_normalization_clean,P1,ttc-r1-unit_normalization_clean-01,0.5714285714285714
Reranker,legacy-cross-encoder,unit_normalization_clean,P1,ttc-r1-unit_normalization_clean-02,0.42857142857142855
Reranker,legacy-cross-encoder,unit_normalization_clean,P1,ttc-r1-unit_normalization_clean-04,0.5714285714285714
Reranker,legacy-cross-encoder,unit_normalization_clean,P1,ttc-r1-unit_normalization_clean-05,0.5714285714285714
Reranker,legacy-cross-encoder,unit_normalization_clean,P1,ttc-r1-unit_normalization_clean-06,0.7142857142857143
Reranker,legacy-cross-encoder,unit_normalization_clean,P1,ttc-r1-unit_normalization_clean-07,0.5714285714285714
Reranker,legacy-cross-encoder,unit_normalization_clean,P1,ttc-r1-unit_normalization_clean-08,0.5
Reranker,legacy-cross-encoder,unit_normalization_clean,P1,ttc-r1-unit_normalization_clean-09,0.6666666666666666
Reranker,legacy-cross-encoder,unit_normalization_clean,P1,ttc-r1-unit_normalization_clean-10,0.3333333333333333
Reranker,qwen3-reranker,relative_temporal,D0,ttc-r1-relative_temporal-00,1.0
Reranker,qwen3-reranker,relative_temporal,D0,ttc-r1-relative_temporal-01,1.0
Reranker,qwen3-reranker,relative_temporal,D0,ttc-r1-relative_temporal-02,1.0
Reranker,qwen3-reranker,relative_temporal,D0,ttc-r1-relative_temporal-03,1.0
Reranker,qwen3-reranker,relative_temporal,D0,ttc-r1-relative_temporal-04,1.0
Reranker,qwen3-reranker,relative_temporal,D0,ttc-r1-relative_temporal-05,1.0
Reranker,qwen3-reranker,relative_temporal,D0,ttc-r1-relative_temporal-06,1.0
Reranker,qwen3-reranker,relative_temporal,D0,ttc-r1-relative_temporal-07,1.0
Reranker,qwen3-reranker,relative_temporal,D0,ttc-r1-relative_temporal-08,1.0
Reranker,qwen3-reranker,relative_temporal,D0,ttc-r1-relative_temporal-09,1.0
Reranker,qwen3-reranker,relative_temporal,D0,ttc-r1-relative_temporal-10,0.8333333333333334
Reranker,qwen3-reranker,relative_temporal,D0,ttc-r1-relative_temporal-11,1.0
Reranker,qwen3-reranker,relative_temporal,D1,ttc-r1-relative_temporal-00,1.0
Reranker,qwen3-reranker,relative_temporal,D1,ttc-r1-relative_temporal-01,1.0
Reranker,qwen3-reranker,relative_temporal,D1,ttc-r1-relative_temporal-02,1.0
Reranker,qwen3-reranker,relative_temporal,D1,ttc-r1-relative_temporal-03,1.0
Reranker,qwen3-reranker,relative_temporal,D1,ttc-r1-relative_temporal-04,1.0
Reranker,qwen3-reranker,relative_temporal,D1,ttc-r1-relative_temporal-05,1.0
Reranker,qwen3-reranker,relative_temporal,D1,ttc-r1-relative_temporal-06,1.0
Reranker,qwen3-reranker,relative_temporal,D1,ttc-r1-relative_temporal-07,1.0
Reranker,qwen3-reranker,relative_temporal,D1,ttc-r1-relative_temporal-08,1.0
Reranker,qwen3-reranker,relative_temporal,D1,ttc-r1-relative_temporal-09,1.0
Reranker,qwen3-reranker,relative_temporal,D1,ttc-r1-relative_temporal-10,1.0
Reranker,qwen3-reranker,relative_temporal,D1,ttc-r1-relative_temporal-11,1.0
Reranker,qwen3-reranker,relative_temporal,P0,ttc-r1-relative_temporal-00,0.42857142857142855
Reranker,qwen3-reranker,relative_temporal,P0,ttc-r1-relative_temporal-01,0.0
Reranker,qwen3-reranker,relative_temporal,P0,ttc-r1-relative_temporal-02,0.0
Reranker,qwen3-reranker,relative_temporal,P0,ttc-r1-relative_temporal-03,0.0
Reranker,qwen3-reranker,relative_temporal,P0,ttc-r1-relative_temporal-04,0.0
Reranker,qwen3-reranker,relative_temporal,P0,ttc-r1-relative_temporal-05,0.0
Reranker,qwen3-reranker,relative_temporal,P0,ttc-r1-relative_temporal-06,0.0
Reranker,qwen3-reranker,relative_temporal,P0,ttc-r1-relative_temporal-07,0.0
Reranker,qwen3-reranker,relative_temporal,P0,ttc-r1-relative_temporal-08,0.0
Reranker,qwen3-reranker,relative_temporal,P0,ttc-r1-relative_temporal-09,0.0
Reranker,qwen3-reranker,relative_temporal,P0,ttc-r1-relative_temporal-10,0.5
Reranker,qwen3-reranker,relative_temporal,P0,ttc-r1-relative_temporal-11,0.0
Reranker,qwen3-reranker,relative_temporal,P1,ttc-r1-relative_temporal-00,0.0
Reranker,qwen3-reranker,relative_temporal,P1,ttc-r1-relative_temporal-01,0.0
Reranker,qwen3-reranker,relative_temporal,P1,ttc-r1-relative_temporal-02,0.0
Reranker,qwen3-reranker,relative_temporal,P1,ttc-r1-relative_temporal-03,0.0
Reranker,qwen3-reranker,relative_temporal,P1,ttc-r1-relative_temporal-04,0.0
Reranker,qwen3-reranker,relative_temporal,P1,ttc-r1-relative_temporal-05,0.0
Reranker,qwen3-reranker,relative_temporal,P1,ttc-r1-relative_temporal-06,0.0
Reranker,qwen3-reranker,relative_temporal,P1,ttc-r1-relative_temporal-07,0.0
Reranker,qwen3-reranker,relative_temporal,P1,ttc-r1-relative_temporal-08,0.0
Reranker,qwen3-reranker,relative_temporal,P1,ttc-r1-relative_temporal-09,0.0
Reranker,qwen3-reranker,relative_temporal,P1,ttc-r1-relative_temporal-10,0.0
Reranker,qwen3-reranker,relative_temporal,P1,ttc-r1-relative_temporal-11,0.0
Reranker,qwen3-reranker,unit_normalization_clean,D0,ttc-r1-unit_normalization_clean-00,1.0
Reranker,qwen3-reranker,unit_normalization_clean,D0,ttc-r1-unit_normalization_clean-01,1.0
Reranker,qwen3-reranker,unit_normalization_clean,D0,ttc-r1-unit_normalization_clean-02,1.0
Reranker,qwen3-reranker,unit_normalization_clean,D0,ttc-r1-unit_normalization_clean-04,1.0
Reranker,qwen3-reranker,unit_normalization_clean,D0,ttc-r1-unit_normalization_clean-05,1.0
Reranker,qwen3-reranker,unit_normalization_clean,D0,ttc-r1-unit_normalization_clean-06,1.0
Reranker,qwen3-reranker,unit_normalization_clean,D0,ttc-r1-unit_normalization_clean-07,1.0
Reranker,qwen3-reranker,unit_normalization_clean,D0,ttc-r1-unit_normalization_clean-08,1.0
Reranker,qwen3-reranker,unit_normalization_clean,D0,ttc-r1-unit_normalization_clean-09,1.0
Reranker,qwen3-reranker,unit_normalization_clean,D0,ttc-r1-unit_normalization_clean-10,1.0
Reranker,qwen3-reranker,unit_normalization_clean,D1,ttc-r1-unit_normalization_clean-00,1.0
Reranker,qwen3-reranker,unit_normalization_clean,D1,ttc-r1-unit_normalization_clean-01,1.0
Reranker,qwen3-reranker,unit_normalization_clean,D1,ttc-r1-unit_normalization_clean-02,1.0
Reranker,qwen3-reranker,unit_normalization_clean,D1,ttc-r1-unit_normalization_clean-04,1.0
Reranker,qwen3-reranker,unit_normalization_clean,D1,ttc-r1-unit_normalization_clean-05,1.0
Reranker,qwen3-reranker,unit_normalization_clean,D1,ttc-r1-unit_normalization_clean-06,1.0
Reranker,qwen3-reranker,unit_normalization_clean,D1,ttc-r1-unit_normalization_clean-07,1.0
Reranker,qwen3-reranker,unit_normalization_clean,D1,ttc-r1-unit_normalization_clean-08,1.0
Reranker,qwen3-reranker,unit_normalization_clean,D1,ttc-r1-unit_normalization_clean-09,1.0
Reranker,qwen3-reranker,unit_normalization_clean,D1,ttc-r1-unit_normalization_clean-10,1.0
Reranker,qwen3-reranker,unit_normalization_clean,P0,ttc-r1-unit_normalization_clean-00,0.7142857142857143
Reranker,qwen3-reranker,unit_normalization_clean,P0,ttc-r1-unit_normalization_clean-01,0.8571428571428571
Reranker,qwen3-reranker,unit_normalization_clean,P0,ttc-r1-unit_normalization_clean-02,1.0
Reranker,qwen3-reranker,unit_normalization_clean,P0,ttc-r1-unit_normalization_clean-04,0.2857142857142857
Reranker,qwen3-reranker,unit_normalization_clean,P0,ttc-r1-unit_normalization_clean-05,1.0
Reranker,qwen3-reranker,unit_normalization_clean,P0,ttc-r1-unit_normalization_clean-06,0.5714285714285714
Reranker,qwen3-reranker,unit_normalization_clean,P0,ttc-r1-unit_normalization_clean-07,1.0
Reranker,qwen3-reranker,unit_normalization_clean,P0,ttc-r1-unit_normalization_clean-08,0.6666666666666666
Reranker,qwen3-reranker,unit_normalization_clean,P0,ttc-r1-unit_normalization_clean-09,0.5
Reranker,qwen3-reranker,unit_normalization_clean,P0,ttc-r1-unit_normalization_clean-10,0.6666666666666666
Reranker,qwen3-reranker,unit_normalization_clean,P1,ttc-r1-unit_normalization_clean-00,1.0
Reranker,qwen3-reranker,unit_normalization_clean,P1,ttc-r1-unit_normalization_clean-01,1.0
Reranker,qwen3-reranker,unit_normalization_clean,P1,ttc-r1-unit_normalization_clean-02,1.0
Reranker,qwen3-reranker,unit_normalization_clean,P1,ttc-r1-unit_normalization_clean-04,0.5714285714285714
Reranker,qwen3-reranker,unit_normalization_clean,P1,ttc-r1-unit_normalization_clean-05,0.8571428571428571
Reranker,qwen3-reranker,unit_normalization_clean,P1,ttc-r1-unit_normalization_clean-06,0.8571428571428571
Reranker,qwen3-reranker,unit_normalization_clean,P1,ttc-r1-unit_normalization_clean-07,1.0
Reranker,qwen3-reranker,unit_normalization_clean,P1,ttc-r1-unit_normalization_clean-08,1.0
Reranker,qwen3-reranker,unit_normalization_clean,P1,ttc-r1-unit_normalization_clean-09,0.5
Reranker,qwen3-reranker,unit_normalization_clean,P1,ttc-r1-unit_normalization_clean-10,0.8333333333333334
