component,model,type,form,accuracy
Retriever,bge-base,relative_temporal,D0,1.0
Retriever,bge-base,relative_temporal,D1,1.0
Retriever,bge-base,relative_temporal,P0,0.0
Retriever,bge-base,relative_temporal,P1,0.05158730158730158
Retriever,bge-base,unit_normalization_clean,D0,1.0
Retriever,bge-base,unit_normalization_clean,D1,1.0
Retriever,bge-base,unit_normalization_clean,P0,0.8642857142857142
Retriever,bge-base,unit_normalization_clean,P1,0.8928571428571429
Retriever,e5-base,relative_temporal,D0,0.9404761904761904
Retriever,e5-base,relative_temporal,D1,0.9880952380952381
Retriever,e5-base,relative_temporal,P0,0.047619047619047616
Retriever,e5-base,relative_temporal,P1,0.0734126984126984
Retriever,e5-base,unit_normalization_clean,D0,1.0
Retriever,e5-base,unit_normalization_clean,D1,1.0
Retriever,e5-base,unit_normalization_clean,P0,0.9523809523809523
Retriever,e5-base,unit_normalization_clean,P1,0.9523809523809523
Retriever,qwen3-embedding,relative_temporal,D0,0.9623015873015874
Retriever,qwen3-embedding,relative_temporal,D1,0.9861111111111112
Retriever,qwen3-embedding,relative_temporal,P0,0.025793650793650796
Retriever,qwen3-embedding,relative_temporal,P1,0.037698412698412696
Retriever,qwen3-embedding,unit_normalization_clean,D0,1.0
Retriever,qwen3-embedding,unit_normalization_clean,D1,1.0
Retriever,qwen3-embedding,unit_normalization_clean,P0,0.9238095238095237
Retriever,qwen3-embedding,unit_normalization_clean,P1,0.9071428571428571
Reranker,bge-reranker,relative_temporal,D0,1.0
Reranker,bge-reranker,relative_temporal,D1,1.0
Reranker,bge-reranker,relative_temporal,P0,0.011904761904761904
Reranker,bge-reranker,relative_temporal,P1,0.03571428571428571
Reranker,bge-reranker,unit_normalization_clean,D0,1.0
Reranker,bge-reranker,unit_normalization_clean,D1,1.0
Reranker,bge-reranker,unit_normalization_clean,P0,0.757142857142857
Reranker,bge-reranker,unit_normalization_clean,P1,0.6976190476190475
Reranker,legacy-cross-encoder,relative_temporal,D0,0.6369047619047619
Reranker,legacy-cross-encoder,relative_temporal,D1,0.7063492063492062
Reranker,legacy-cross-encoder,relative_temporal,P0,0.2638888888888889
Reranker,legacy-cross-encoder,relative_temporal,P1,0.08928571428571429
Reranker,legacy-cross-encoder,unit_normalization_clean,D0,1.0
Reranker,legacy-cross-encoder,unit_normalization_clean,D1,1.0
Reranker,legacy-cross-encoder,unit_normalization_clean,P0,0.6142857142857142
Reranker,legacy-cross-encoder,unit_normalization_clean,P1,0.5357142857142857
Reranker,qwen3-reranker,relative_temporal,D0,0.9861111111111112
Reranker,qwen3-reranker,relative_temporal,D1,1.0
Reranker,qwen3-reranker,relative_temporal,P0,0.07738095238095238
Reranker,qwen3-reranker,relative_temporal,P1,0.0
Reranker,qwen3-reranker,unit_normalization_clean,D0,1.0
Reranker,qwen3-reranker,unit_normalization_clean,D1,1.0
Reranker,qwen3-reranker,unit_normalization_clean,P0,0.7261904761904762
Reranker,qwen3-reranker,unit_normalization_clean,P1,0.8619047619047618
